simulation_time_hrs,base_load_kW,total_demand_kW,WORK,DESTINATION,HOME
12.0,1810.067511,0.0,0.0,0.0,0.0
12.016666666666667,1812.497206,0.0,0.0,0.0,0.0
12.033333333333333,1814.926926,0.0,0.0,0.0,0.0
12.05,1817.356626,0.0,0.0,0.0,0.0
12.066666666666666,1819.786207,0.0,0.0,0.0,0.0
12.083333333333334,1822.215628,0.0,0.0,0.0,0.0
12.1,1824.644884,0.0,0.0,0.0,0.0
12.116666666666667,1827.073971,0.0,0.0,0.0,0.0
12.133333333333333,1829.502886,0.0,0.0,0.0,0.0
12.15,1831.931628,0.0,0.0,0.0,0.0
12.166666666666666,1834.3602,0.0,0.0,0.0,0.0
12.183333333333334,1836.788599,0.0,0.0,0.0,0.0
12.2,1839.216811,0.0,0.0,0.0,0.0
12.216666666666667,1841.644799,0.0,0.0,0.0,0.0
12.233333333333333,1844.072543,0.0,0.0,0.0,0.0
12.25,1846.500016,0.0,0.0,0.0,0.0
12.266666666666667,1848.92715,0.0,0.0,0.0,0.0
12.283333333333333,1851.353919,0.0,0.0,0.0,0.0
12.3,1853.780302,0.0,0.0,0.0,0.0
12.316666666666666,1856.206264,0.0,0.0,0.0,0.0
12.333333333333334,1858.631789,0.0,0.0,0.0,0.0
12.35,1861.056874,0.0,0.0,0.0,0.0
12.366666666666667,1863.481515,0.0,0.0,0.0,0.0
12.383333333333333,1865.90571,0.0,0.0,0.0,0.0
12.4,1868.329462,0.0,0.0,0.0,0.0
12.416666666666666,1870.752768,0.0,0.0,0.0,0.0
12.433333333333334,1873.175631,0.0,0.0,0.0,0.0
12.45,1875.598051,0.0,0.0,0.0,0.0
12.466666666666667,1878.020038,0.0,0.0,0.0,0.0
12.483333333333333,1880.441593,0.0,0.0,0.0,0.0
12.5,1882.862724,0.0,0.0,0.0,0.0
12.516666666666667,1885.283442,0.0,0.0,0.0,0.0
12.533333333333333,1887.703756,0.0,0.0,0.0,0.0
12.55,1890.123667,0.0,0.0,0.0,0.0
12.566666666666666,1892.543184,0.0,0.0,0.0,0.0
12.583333333333334,1894.96231,0.0,0.0,0.0,0.0
12.6,1897.381042,0.0,0.0,0.0,0.0
12.616666666666667,1899.799377,0.0,0.0,0.0,0.0
12.633333333333333,1902.217315,0.0,0.0,0.0,0.0
12.65,1904.634856,0.0,0.0,0.0,0.0
12.666666666666666,1907.052004,0.0,0.0,0.0,0.0
12.683333333333334,1909.468759,0.0,0.0,0.0,0.0
12.7,1911.885154,0.0,0.0,0.0,0.0
12.716666666666667,1914.30126,0.0,0.0,0.0,0.0
12.733333333333333,1916.717112,0.0,0.0,0.0,0.0
12.75,1919.132764,0.0,0.0,0.0,0.0
12.766666666666667,1921.548349,0.0,0.0,0.0,0.0
12.783333333333333,1923.963925,0.0,0.0,0.0,0.0
12.8,1926.379527,0.0,0.0,0.0,0.0
12.816666666666666,1928.795227,0.0,0.0,0.0,0.0
12.833333333333334,1931.211058,0.0,0.0,0.0,0.0
12.85,1933.627023,0.0,0.0,0.0,0.0
12.866666666666667,1936.043118,0.0,0.0,0.0,0.0
12.883333333333333,1938.459348,0.0,0.0,0.0,0.0
12.9,1940.875714,0.0,0.0,0.0,0.0
12.916666666666666,1943.292225,0.0,0.0,0.0,0.0
12.933333333333334,1945.708883,0.0,0.0,0.0,0.0
12.95,1948.125754,0.0,0.0,0.0,0.0
12.966666666666667,1950.542988,0.0,0.0,0.0,0.0
12.983333333333333,1952.960652,0.0,0.0,0.0,0.0
13.0,1955.378862,0.0,0.0,0.0,0.0
13.016666666666667,1957.797887,0.0,0.0,0.0,0.0
13.033333333333333,1960.217843,0.0,0.0,0.0,0.0
13.05,1962.638799,0.0,0.0,0.0,0.0
13.066666666666666,1965.060904,0.0,0.0,0.0,0.0
13.083333333333334,1967.484226,0.0,0.0,0.0,0.0
13.1,1969.908771,0.0,0.0,0.0,0.0
13.116666666666667,1972.334548,0.0,0.0,0.0,0.0
13.133333333333333,1974.761561,0.0,0.0,0.0,0.0
13.15,1977.189814,0.0,0.0,0.0,0.0
13.166666666666666,1979.619306,0.0,0.0,0.0,0.0
13.183333333333334,1982.050042,0.0,0.0,0.0,0.0
13.2,1984.482051,0.0,0.0,0.0,0.0
13.216666666666667,1986.9154,0.0,0.0,0.0,0.0
13.233333333333333,1989.350122,0.0,0.0,0.0,0.0
13.25,1991.786268,0.0,0.0,0.0,0.0
13.266666666666667,1994.223958,0.0,0.0,0.0,0.0
13.283333333333333,1996.663243,0.0,0.0,0.0,0.0
13.3,1999.104157,0.0,0.0,0.0,0.0
13.316666666666666,2001.546767,0.0,0.0,0.0,0.0
13.333333333333334,2003.991103,0.0,0.0,0.0,0.0
13.35,2006.43717,0.0,0.0,0.0,0.0
13.366666666666667,2008.884976,0.0,0.0,0.0,0.0
13.383333333333333,2011.334526,0.0,0.0,0.0,0.0
13.4,2013.785821,0.0,0.0,0.0,0.0
13.416666666666666,2016.238861,0.0,0.0,0.0,0.0
13.433333333333334,2018.69365,0.0,0.0,0.0,0.0
13.45,2021.150185,0.0,0.0,0.0,0.0
13.466666666666667,2023.608466,0.0,0.0,0.0,0.0
13.483333333333333,2026.06849,0.0,0.0,0.0,0.0
13.5,2028.530257,0.0,0.0,0.0,0.0
13.516666666666667,2030.993759,0.0,0.0,0.0,0.0
13.533333333333333,2033.458993,0.0,0.0,0.0,0.0
13.55,2035.925959,0.0,0.0,0.0,0.0
13.566666666666666,2038.394653,0.0,0.0,0.0,0.0
13.583333333333334,2040.865073,0.0,0.0,0.0,0.0
13.6,2043.33723,0.0,0.0,0.0,0.0
13.616666666666667,2045.811138,0.0,0.0,0.0,0.0
13.633333333333333,2048.286807,0.0,0.0,0.0,0.0
13.65,2050.764231,0.0,0.0,0.0,0.0
13.666666666666666,2053.24339,0.0,0.0,0.0,0.0
13.683333333333334,2055.724276,0.0,0.0,0.0,0.0
13.7,2058.206735,0.0,0.0,0.0,0.0
13.716666666666667,2060.690403,0.0,0.0,0.0,0.0
13.733333333333333,2063.175112,0.0,0.0,0.0,0.0
13.75,2065.660583,0.0,0.0,0.0,0.0
13.766666666666667,2068.146149,0.0,0.0,0.0,0.0
13.783333333333333,2070.631524,0.0,0.0,0.0,0.0
13.8,2073.116543,0.0,0.0,0.0,0.0
13.816666666666666,2075.600825,0.0,0.0,0.0,0.0
13.833333333333334,2078.084214,0.0,0.0,0.0,0.0
13.85,2080.566702,0.0,0.0,0.0,0.0
13.866666666666667,2083.048291,0.0,0.0,0.0,0.0
13.883333333333333,2085.528981,0.0,0.0,0.0,0.0
13.9,2088.008752,0.0,0.0,0.0,0.0
13.916666666666666,2090.487561,0.0,0.0,0.0,0.0
13.933333333333334,2092.965379,0.0,0.0,0.0,0.0
13.95,2095.441857,0.0,0.0,0.0,0.0
13.966666666666667,2097.916165,0.0,0.0,0.0,0.0
13.983333333333333,2100.387933,0.0,0.0,0.0,0.0
14.0,2102.856516,0.0,0.0,0.0,0.0
14.016666666666667,2105.320434,0.0,0.0,0.0,0.0
14.033333333333333,2107.779041,0.0,0.0,0.0,0.0
14.05,2110.231961,0.0,0.0,0.0,0.0
14.066666666666666,2112.678358,0.0,0.0,0.0,0.0
14.083333333333334,2115.117876,0.0,0.0,0.0,0.0
14.1,2117.550475,0.0,0.0,0.0,0.0
14.116666666666667,2119.976105,0.0,0.0,0.0,0.0
14.133333333333333,2122.394737,0.0,0.0,0.0,0.0
14.15,2124.806362,0.0,0.0,0.0,0.0
14.166666666666666,2127.210972,0.0,0.0,0.0,0.0
14.183333333333334,2129.608552,0.0,0.0,0.0,0.0
14.2,2131.998934,0.0,0.0,0.0,0.0
14.216666666666667,2134.381732,0.0,0.0,0.0,0.0
14.233333333333333,2136.756767,0.0,0.0,0.0,0.0
14.25,2139.123744,0.0,0.0,0.0,0.0
14.266666666666667,2141.481989,0.0,0.0,0.0,0.0
14.283333333333333,2143.831203,0.0,0.0,0.0,0.0
14.3,2146.171206,0.0,0.0,0.0,0.0
14.316666666666666,2148.501621,0.0,0.0,0.0,0.0
14.333333333333334,2150.822275,0.0,0.0,0.0,0.0
14.35,2153.133142,0.0,0.0,0.0,0.0
14.366666666666667,2155.434183,0.0,0.0,0.0,0.0
14.383333333333333,2157.725374,0.0,0.0,0.0,0.0
14.4,2160.006707,0.0,0.0,0.0,0.0
14.416666666666666,2162.278182,0.0,0.0,0.0,0.0
14.433333333333334,2164.53979,0.0,0.0,0.0,0.0
14.45,2166.791514,0.0,0.0,0.0,0.0
14.466666666666667,2169.033341,0.0,0.0,0.0,0.0
14.483333333333333,2171.265256,0.0,0.0,0.0,0.0
14.5,2173.487243,0.0,0.0,0.0,0.0
14.516666666666667,2175.699287,0.0,0.0,0.0,0.0
14.533333333333333,2177.901375,0.0,0.0,0.0,0.0
14.55,2180.093491,0.0,0.0,0.0,0.0
14.566666666666666,2182.275628,0.0,0.0,0.0,0.0
14.583333333333334,2184.447768,0.0,0.0,0.0,0.0
14.6,2186.609887,0.0,0.0,0.0,0.0
14.616666666666667,2188.76194,0.0,0.0,0.0,0.0
14.633333333333333,2190.903901,0.0,0.0,0.0,0.0
14.65,2193.035775,0.0,0.0,0.0,0.0
14.666666666666666,2195.157595,0.0,0.0,0.0,0.0
14.683333333333334,2197.269379,0.0,0.0,0.0,0.0
14.7,2199.371455,0.0,0.0,0.0,0.0
14.716666666666667,2201.464618,0.0,0.0,0.0,0.0
14.733333333333333,2203.549219,0.0,0.0,0.0,0.0
14.75,2205.625875,0.0,0.0,0.0,0.0
14.766666666666667,2207.696034,0.0,0.0,0.0,0.0
14.783333333333333,2209.760316,0.0,0.0,0.0,0.0
14.8,2211.819082,0.0,0.0,0.0,0.0
14.816666666666666,2213.873148,0.0,0.0,0.0,0.0
14.833333333333334,2215.922857,0.0,0.0,0.0,0.0
14.85,2217.968212,0.0,0.0,0.0,0.0
14.866666666666667,2220.009199,0.0,0.0,0.0,0.0
14.883333333333333,2222.045812,0.0,0.0,0.0,0.0
14.9,2224.078083,0.0,0.0,0.0,0.0
14.916666666666666,2226.106096,0.0,0.0,0.0,0.0
14.933333333333334,2228.12991,0.0,0.0,0.0,0.0
14.95,2230.150296,0.0,0.0,0.0,0.0
14.966666666666667,2232.169095,0.0,0.0,0.0,0.0
14.983333333333333,2234.18713,0.0,0.0,0.0,0.0
15.0,2236.205818,0.0,0.0,0.0,0.0
15.016666666666667,2238.228466,0.0,0.0,0.0,0.0
15.033333333333333,2240.256498,0.0,0.0,0.0,0.0
15.05,2242.290745,0.0,0.0,0.0,0.0
15.066666666666666,2244.333059,0.0,0.0,0.0,0.0
15.083333333333334,2246.384225,0.0,0.0,0.0,0.0
15.1,2248.444318,0.0,0.0,0.0,0.0
15.116666666666667,2250.513436,0.0,0.0,0.0,0.0
15.133333333333333,2252.591629,0.0,0.0,0.0,0.0
15.15,2254.678908,-0.40223147622555006,0.0,0.0,-0.40223147622555006
15.166666666666666,2256.775276,-0.45715048820905474,0.0,0.0,-0.45715048820905474
15.183333333333334,2258.880753,-0.45715048820905474,0.0,0.0,-0.45715048820905474
15.2,2260.995701,-0.45715048820905474,0.0,0.0,-0.45715048820905474
15.216666666666667,2263.120963,-0.45715048820905474,0.0,0.0,-0.45715048820905474
15.233333333333333,2265.256924,-0.45715048820905474,0.0,0.0,-0.45715048820905474
15.25,2267.404229,-0.45715048820905474,0.0,0.0,-0.45715048820905474
15.266666666666667,2269.564362,-0.9350017187943448,0.0,0.0,-0.9350017187943448
15.283333333333333,2271.737974,-1.0047786772094873,0.0,0.0,-1.0047786772094873
15.3,2273.925445,-1.0047786772094873,0.0,0.0,-1.0047786772094873
15.316666666666666,2276.127611,-1.0047786772094873,0.0,0.0,-1.0047786772094873
15.333333333333334,2278.344834,-1.0047786772094873,0.0,0.0,-1.0047786772094873
15.35,2280.577165,-1.4826299077947773,0.0,0.0,-1.4826299077947773
15.366666666666667,2282.824672,-1.5524068662099197,0.0,0.0,-1.5524068662099197
15.383333333333333,2285.087394,-1.5524068662099197,0.0,0.0,-1.5524068662099197
15.4,2287.365342,-1.9546383424354703,0.0,0.0,-1.9546383424354703
15.416666666666666,2289.658505,-2.0095573544189755,0.0,0.0,-2.0095573544189755
15.433333333333334,2291.966891,-2.411788830644525,0.0,0.0,-2.411788830644525
15.45,2294.290524,-2.46670784262803,0.0,0.0,-2.46670784262803
15.466666666666667,2296.629437,-2.46670784262803,0.0,0.0,-2.46670784262803
15.483333333333333,2298.983651,-2.46670784262803,0.0,0.0,-2.46670784262803
15.5,2301.353195,-2.46670784262803,0.0,0.0,-2.46670784262803
15.516666666666667,2303.7381,-2.46670784262803,0.0,0.0,-2.46670784262803
15.533333333333333,2306.138393,-2.46670784262803,0.0,0.0,-2.46670784262803
15.55,2308.554099,-2.46670784262803,0.0,0.0,-2.46670784262803
15.566666666666666,2310.985241,-2.46670784262803,0.0,0.0,-2.46670784262803
15.583333333333334,2313.431847,-2.46670784262803,0.0,0.0,-2.46670784262803
15.6,2315.893948,-2.46670784262803,0.0,0.0,-2.46670784262803
15.616666666666667,2318.371595,-2.46670784262803,0.0,0.0,-2.46670784262803
15.633333333333333,2320.864824,-2.46670784262803,0.0,0.0,-2.46670784262803
15.65,2323.37364,-2.46670784262803,0.0,0.0,-2.46670784262803
15.666666666666666,2325.898023,-2.46670784262803,0.0,0.0,-2.46670784262803
15.683333333333334,2328.437969,-2.46670784262803,0.0,0.0,-2.46670784262803
15.7,2330.993199,-2.46670784262803,0.0,0.0,-2.46670784262803
15.716666666666667,2333.563017,-2.46670784262803,0.0,0.0,-2.46670784262803
15.733333333333333,2336.147122,-2.46670784262803,0.0,0.0,-2.46670784262803
15.75,2338.744979,-2.46670784262803,0.0,0.0,-2.46670784262803
15.766666666666667,2341.355314,-2.46670784262803,0.0,0.0,-2.46670784262803
15.783333333333333,2343.977587,-2.46670784262803,0.0,0.0,-2.46670784262803
15.8,2346.611491,-2.46670784262803,0.0,0.0,-2.46670784262803
15.816666666666666,2349.256311,-2.46670784262803,0.0,0.0,-2.46670784262803
15.833333333333334,2351.911756,-2.46670784262803,0.0,0.0,-2.46670784262803
15.85,2354.577834,-2.46670784262803,0.0,0.0,-2.46670784262803
15.866666666666667,2357.25457,-2.46670784262803,0.0,0.0,-2.46670784262803
15.883333333333333,2359.941983,-2.46670784262803,0.0,0.0,-2.46670784262803
15.9,2362.640053,-2.46670784262803,0.0,0.0,-2.46670784262803
15.916666666666666,2365.348721,-2.46670784262803,0.0,0.0,-2.46670784262803
15.933333333333334,2368.067944,-2.46670784262803,0.0,0.0,-2.46670784262803
15.95,2370.797044,-2.46670784262803,0.0,0.0,-2.46670784262803
15.966666666666667,2373.534391,-2.46670784262803,0.0,0.0,-2.46670784262803
15.983333333333333,2376.279261,-2.46670784262803,0.0,0.0,-2.46670784262803
16.0,2379.030395,-2.46670784262803,0.0,0.0,-2.46670784262803
16.016666666666666,2381.784852,-2.46670784262803,0.0,0.0,-2.46670784262803
16.033333333333335,2384.541369,-2.46670784262803,0.0,0.0,-2.46670784262803
16.05,2387.29921,-2.46670784262803,0.0,0.0,-2.46670784262803
16.066666666666666,2390.056733,-2.46670784262803,0.0,0.0,-2.46670784262803
16.083333333333332,2392.813243,-2.46670784262803,0.0,0.0,-2.46670784262803
16.1,2395.568682,-2.46670784262803,0.0,0.0,-2.46670784262803
16.116666666666667,2398.322967,-2.46670784262803,0.0,0.0,-2.46670784262803
16.133333333333333,2401.076061,-2.46670784262803,0.0,0.0,-2.46670784262803
16.15,2403.827964,-2.46670784262803,0.0,0.0,-2.46670784262803
16.166666666666668,2406.578681,-2.46670784262803,0.0,0.0,-2.46670784262803
16.183333333333334,2409.328204,-2.46670784262803,0.0,0.0,-2.46670784262803
16.2,2412.076224,-2.46670784262803,0.0,0.0,-2.46670784262803
16.216666666666665,2414.822019,-2.46670784262803,0.0,0.0,-2.46670784262803
16.233333333333334,2417.565262,-2.46670784262803,0.0,0.0,-2.46670784262803
16.25,2420.305402,-2.46670784262803,0.0,0.0,-2.46670784262803
16.266666666666666,2423.041157,-2.46670784262803,0.0,0.0,-2.46670784262803
16.283333333333335,2425.771975,-2.46670784262803,0.0,0.0,-2.46670784262803
16.3,2428.497532,-2.46670784262803,0.0,0.0,-2.46670784262803
16.316666666666666,2431.217112,-2.46670784262803,0.0,0.0,-2.46670784262803
16.333333333333332,2433.930411,-2.46670784262803,0.0,0.0,-2.46670784262803
16.35,2436.637392,-2.46670784262803,0.0,0.0,-2.46670784262803
16.366666666666667,2439.338005,-2.46670784262803,0.0,0.0,-2.46670784262803
16.383333333333333,2442.032225,-2.46670784262803,0.0,0.0,-2.46670784262803
16.4,2444.720053,-2.46670784262803,0.0,0.0,-2.46670784262803
16.416666666666668,2447.401505,-2.46670784262803,0.0,0.0,-2.46670784262803
16.433333333333334,2450.076581,-2.4636389048303875,0.0,0.0,-2.4636389048303875
16.45,2452.745274,-2.4098633307745887,0.0,0.0,-2.4098633307745887
16.466666666666665,2455.407574,-2.346599429935201,0.0,0.0,-2.346599429935201
16.483333333333334,2458.063469,-2.3187232640375806,0.0,0.0,-2.3187232640375806
16.5,2460.712954,-2.0118234849823557,0.0,0.0,-2.0118234849823557
16.516666666666666,2463.356025,-2.0095573544189755,0.0,0.0,-2.0095573544189755
16.533333333333335,2465.992673,-2.0095573544189755,0.0,0.0,-2.0095573544189755
16.55,2468.622891,-2.0095573544189755,0.0,0.0,-2.0095573544189755
16.566666666666666,2471.246667,-2.0095573544189755,0.0,0.0,-2.0095573544189755
16.583333333333332,2473.863989,-2.0095573544189755,0.0,0.0,-2.0095573544189755
16.6,2476.474866,-2.0095573544189755,0.0,0.0,-2.0095573544189755
16.616666666666667,2479.079322,-2.0095573544189755,0.0,0.0,-2.0095573544189755
16.633333333333333,2481.677362,-2.0095573544189755,0.0,0.0,-2.0095573544189755
16.65,2484.268955,-2.0095573544189755,0.0,0.0,-2.0095573544189755
16.666666666666668,2486.854036,-2.0095573544189755,0.0,0.0,-2.0095573544189755
16.683333333333334,2489.432561,-2.0095573544189755,0.0,0.0,-2.0095573544189755
16.7,2492.00412,-2.0095573544189755,0.0,0.0,-2.0095573544189755
16.716666666666665,2494.567755,-2.0095573544189755,0.0,0.0,-2.0095573544189755
16.733333333333334,2497.123026,-2.0095573544189755,0.0,0.0,-2.0095573544189755
16.75,2499.669187,-2.0095573544189755,0.0,0.0,-2.0095573544189755
16.766666666666666,2502.204513,-2.0095573544189755,0.0,0.0,-2.0095573544189755
16.783333333333335,2504.728248,-2.0095573544189755,0.0,0.0,-2.0095573544189755
16.8,2507.239947,-2.0095573544189755,0.0,0.0,-2.0095573544189755
16.816666666666666,2509.738621,-2.371895324565347,0.0,0.0,-2.371895324565347
16.833333333333332,2512.223848,-2.3433690043846136,0.0,0.0,-2.3433690043846136
16.85,2514.695597,-2.0107768454698394,0.0,0.0,-2.0107768454698394
16.866666666666667,2517.153858,-2.009557354418975,0.0,0.0,-2.009557354418975
16.883333333333333,2519.598617,-2.009557354418975,0.0,0.0,-2.009557354418975
16.9,2522.029811,-2.009557354418975,0.0,0.0,-2.009557354418975
16.916666666666668,2524.447312,-2.009557354418975,0.0,0.0,-2.009557354418975
16.933333333333334,2526.851029,-2.009557354418975,0.0,0.0,-2.009557354418975
16.95,2529.240023,-2.009557354418975,0.0,0.0,-2.009557354418975
16.966666666666665,2531.612093,-2.009557354418975,0.0,0.0,-2.009557354418975
16.983333333333334,2533.966237,-2.009557354418975,0.0,0.0,-2.009557354418975
17.0,2536.300757,-2.009557354418975,0.0,0.0,-2.009557354418975
17.016666666666666,2538.611713,-2.009557354418975,0.0,0.0,-2.009557354418975
17.033333333333335,2540.897395,-2.009557354418975,0.0,0.0,-2.009557354418975
17.05,2543.1568,-2.009557354418975,0.0,0.0,-2.009557354418975
17.066666666666666,2545.387714,-2.009557354418975,0.0,0.0,-2.009557354418975
17.083333333333332,2547.589185,-2.009557354418975,0.0,0.0,-2.009557354418975
17.1,2549.761105,-2.009557354418975,0.0,0.0,-2.009557354418975
17.116666666666667,2551.903337,-2.009557354418975,0.0,0.0,-2.009557354418975
17.133333333333333,2554.015804,-2.009557354418975,0.0,0.0,-2.009557354418975
17.15,2556.098473,-2.009557354418975,0.0,0.0,-2.009557354418975
17.166666666666668,2558.151325,-2.009557354418975,0.0,0.0,-2.009557354418975
17.183333333333334,2560.174319,-1.7132362518920412,0.0,0.0,-1.7132362518920412
17.2,2562.167015,-1.4623517232711123,0.0,0.0,-1.4623517232711123
17.216666666666665,2564.128417,-1.3046394065949363,0.0,0.0,-1.3046394065949363
17.233333333333334,2566.058063,-1.0055499570191708,0.0,0.0,-1.0055499570191708
17.25,2567.955184,-0.7343637279200266,0.0,0.0,-0.7343637279200266
17.266666666666666,2569.81804,-0.46068864387866887,0.0,0.0,-0.46068864387866887
17.283333333333335,2571.645863,-0.45715048820905546,0.0,0.0,-0.45715048820905546
17.3,2573.438196,-0.45715048820905546,0.0,0.0,-0.45715048820905546
17.316666666666666,2575.194058,-0.45715048820905546,0.0,0.0,-0.45715048820905546
17.333333333333332,2576.913017,-0.45715048820905546,0.0,0.0,-0.45715048820905546
17.35,2578.595004,-0.859381964434606,0.0,0.0,-0.859381964434606
17.366666666666667,2580.239931,-0.9143009764181109,0.0,0.0,-0.9143009764181109
17.383333333333333,2581.847743,-0.9143009764181109,0.0,0.0,-0.9143009764181109
17.4,2583.418426,-0.9143009764181109,0.0,0.0,-0.9143009764181109
17.416666666666668,2584.951985,-0.9143009764181109,0.0,0.0,-0.9143009764181109
17.433333333333334,2586.448408,-0.9143009764181109,0.0,0.0,-0.9143009764181109
17.45,2587.90767,-0.9143009764181109,0.0,0.0,-0.9143009764181109
17.466666666666665,2589.329755,-0.9143009764181109,0.0,0.0,-0.9143009764181109
17.483333333333334,2590.714641,-0.9143009764181109,0.0,0.0,-0.9143009764181109
17.5,2592.062311,-0.9143009764181109,0.0,0.0,-0.9143009764181109
17.516666666666666,2593.372764,-0.9143009764181109,0.0,0.0,-0.9143009764181109
17.533333333333335,2594.645985,-0.9143009764181109,0.0,0.0,-0.9143009764181109
17.55,2595.881957,-0.9143009764181109,0.0,0.0,-0.9143009764181109
17.566666666666666,2597.080674,-0.9143009764181109,0.0,0.0,-0.9143009764181109
17.583333333333332,2598.242119,-0.9143009764181109,0.0,0.0,-0.9143009764181109
17.6,2599.366254,-0.9143009764181109,0.0,0.0,-0.9143009764181109
17.616666666666667,2600.45302,-0.9143009764181109,0.0,0.0,-0.9143009764181109
17.633333333333333,2601.502377,-0.9143009764181109,0.0,0.0,-0.9143009764181109
17.65,2602.514333,-0.9143009764181109,0.0,0.0,-0.9143009764181109
17.666666666666668,2603.488931,-0.9143009764181109,0.0,0.0,-0.9143009764181109
17.683333333333334,2604.42619,-0.9143009764181109,0.0,0.0,-0.9143009764181109
17.7,2605.32654,-0.9143009764181109,0.0,0.0,-0.9143009764181109
17.716666666666665,2606.191025,-0.9143009764181109,0.0,0.0,-0.9143009764181109
17.733333333333334,2607.020103,-0.9143009764181109,0.0,0.0,-0.9143009764181109
17.75,2607.814578,-0.9143009764181109,0.0,0.0,-0.9143009764181109
17.766666666666666,2608.57635,-0.9143009764181109,0.0,0.0,-0.9143009764181109
17.783333333333335,2609.306227,-0.9143009764181109,0.0,0.0,-0.9143009764181109
17.8,2610.004679,-1.3165324526436608,0.0,0.0,-1.3165324526436608
17.816666666666666,2610.672772,-1.2622119693487854,0.0,0.0,-1.2622119693487854
17.833333333333332,2611.310953,-0.9204795436844555,0.0,0.0,-0.9204795436844555
17.85,2611.919223,-0.9143009764181103,0.0,0.0,-0.9143009764181103
17.866666666666667,2612.497563,-0.9143009764181103,0.0,0.0,-0.9143009764181103
17.883333333333333,2613.045961,-0.9143009764181103,0.0,0.0,-0.9143009764181103
17.9,2613.56446,-0.9143009764181103,0.0,0.0,-0.9143009764181103
17.916666666666668,2614.053165,-0.9143009764181103,0.0,0.0,-0.9143009764181103
17.933333333333334,2614.512151,-0.9143009764181103,0.0,0.0,-0.9143009764181103
17.95,2614.942416,-0.9143009764181103,0.0,0.0,-0.9143009764181103
17.966666666666665,2615.346334,-0.9143009764181103,0.0,0.0,-0.9143009764181103
17.983333333333334,2615.724967,-0.9143009764181103,0.0,0.0,-0.9143009764181103
18.0,2616.080146,-0.9143009764181103,0.0,0.0,-0.9143009764181103
18.016666666666666,2616.416136,-1.3165324526436604,0.0,0.0,-1.3165324526436604
18.033333333333335,2616.73477,-1.371451464627165,0.0,0.0,-1.371451464627165
18.05,2617.037111,-1.371451464627165,0.0,0.0,-1.371451464627165
18.066666666666666,2617.325538,-1.6895078652432063,0.0,0.0,-1.6895078652432063
18.083333333333332,2617.601055,-2.0769756275871236,0.0,0.0,-2.0769756275871236
18.1,2617.863739,-2.1318946395706284,0.0,0.0,-2.1318946395706284
18.116666666666667,2618.113705,-2.1318946395706284,0.0,0.0,-2.1318946395706284
18.133333333333333,2618.351002,-2.1318946395706284,0.0,0.0,-2.1318946395706284
18.15,2618.575625,-2.1318946395706284,0.0,0.0,-2.1318946395706284
18.166666666666668,2618.787561,-2.1318946395706284,0.0,0.0,-2.1318946395706284
18.183333333333334,2618.986822,-2.1318946395706284,0.0,0.0,-2.1318946395706284
18.2,2619.173853,-2.1318946395706284,0.0,0.0,-2.1318946395706284
18.216666666666665,2619.349717,-2.1318946395706284,0.0,0.0,-2.1318946395706284
18.233333333333334,2619.51489,-2.1318946395706284,0.0,0.0,-2.1318946395706284
18.25,2619.670179,-2.1318946395706284,0.0,0.0,-2.1318946395706284
18.266666666666666,2619.817465,-2.1318946395706284,0.0,0.0,-2.1318946395706284
18.283333333333335,2619.957557,-2.1318946395706284,0.0,0.0,-2.1318946395706284
18.3,2620.090923,-2.1318946395706284,0.0,0.0,-2.1318946395706284
18.316666666666666,2620.218604,-2.1318946395706284,0.0,0.0,-2.1318946395706284
18.333333333333332,2620.341042,-2.1318946395706284,0.0,0.0,-2.1318946395706284
18.35,2620.458274,-2.1318946395706284,0.0,0.0,-2.1318946395706284
18.366666666666667,2620.570362,-2.449951040186661,0.0,0.0,-2.449951040186661
18.383333333333333,2620.677331,-2.4351873263050368,0.0,0.0,-2.4351873263050368
18.4,2620.779165,-2.4351873263050368,0.0,0.0,-2.4351873263050368
18.416666666666668,2620.875822,-2.4351873263050368,0.0,0.0,-2.4351873263050368
18.433333333333334,2620.967286,-2.4351873263050368,0.0,0.0,-2.4351873263050368
18.45,2621.053555,-2.4351873263050368,0.0,0.0,-2.4351873263050368
18.466666666666665,2621.134624,-2.4351873263050368,0.0,0.0,-2.4351873263050368
18.483333333333334,2621.210487,-2.4351873263050368,0.0,0.0,-2.4351873263050368
18.5,2621.28114,-2.4351873263050368,0.0,0.0,-2.4351873263050368
18.516666666666666,2621.346567,-2.4351873263050368,0.0,0.0,-2.4351873263050368
18.533333333333335,2621.40676,-2.4351873263050368,0.0,0.0,-2.4351873263050368
18.55,2621.461714,-2.4351873263050368,0.0,0.0,-2.4351873263050368
18.566666666666666,2621.51142,-2.4351873263050368,0.0,0.0,-2.4351873263050368
18.583333333333332,2621.555872,-2.4351873263050368,0.0,0.0,-2.4351873263050368
18.6,2621.595082,-2.4351873263050368,0.0,0.0,-2.4351873263050368
18.616666666666667,2621.629075,-2.4351873263050368,0.0,0.0,-2.4351873263050368
18.633333333333333,2621.657865,-2.4351873263050368,0.0,0.0,-2.4351873263050368
18.65,2621.681431,-2.4351873263050368,0.0,0.0,-2.4351873263050368
18.666666666666668,2621.699734,-2.4351873263050368,0.0,0.0,-2.4351873263050368
18.683333333333334,2621.712744,-2.4351873263050368,0.0,0.0,-2.4351873263050368
18.7,2621.720165,-2.4351873263050368,0.0,0.0,-2.4351873263050368
18.716666666666665,2621.721283,-2.4351873263050368,0.0,0.0,-2.4351873263050368
18.733333333333334,2621.715779,-2.4351873263050368,0.0,0.0,-2.4351873263050368
18.75,2621.703103,-2.4351873263050368,0.0,0.0,-2.4351873263050368
18.766666666666666,2621.681971,-2.4351873263050368,0.0,0.0,-2.4351873263050368
18.783333333333335,2621.651833,-2.4351873263050368,0.0,0.0,-2.4351873263050368
18.8,2621.612364,-2.4351873263050368,0.0,0.0,-2.4351873263050368
18.816666666666666,2621.562843,-2.4351873263050368,0.0,0.0,-2.4351873263050368
18.833333333333332,2621.50296,-2.4351873263050368,0.0,0.0,-2.4351873263050368
18.85,2621.432712,-2.380764990458553,0.0,0.0,-2.380764990458553
18.866666666666667,2621.352105,-1.9854789464292304,0.0,0.0,-1.9854789464292304
18.883333333333333,2621.26114,-1.978036838095982,0.0,0.0,-1.978036838095982
18.9,2621.159784,-1.978036838095982,0.0,0.0,-1.978036838095982
18.916666666666668,2621.047963,-1.978036838095982,0.0,0.0,-1.978036838095982
18.933333333333334,2620.925625,-1.978036838095982,0.0,0.0,-1.978036838095982
18.95,2620.792098,-1.978036838095982,0.0,0.0,-1.978036838095982
18.966666666666665,2620.645799,-1.978036838095982,0.0,0.0,-1.978036838095982
18.983333333333334,2620.486018,-1.978036838095982,0.0,0.0,-1.978036838095982
19.0,2620.311533,-1.978036838095982,0.0,0.0,-1.978036838095982
19.016666666666666,2620.119498,-2.3802683143215324,0.0,0.0,-2.3802683143215324
19.033333333333335,2619.908697,-2.9130385568903487,0.0,0.0,-2.9130385568903487
19.05,2619.678417,-2.9828155153054565,0.0,0.0,-2.9828155153054565
19.066666666666666,2619.427074,-2.9828155153054565,0.0,0.0,-2.9828155153054565
19.083333333333332,2619.154005,-2.9828155153054565,0.0,0.0,-2.9828155153054565
19.1,2618.859154,-2.9828155153054565,0.0,0.0,-2.9828155153054565
19.116666666666667,2618.54245,-2.9828155153054565,0.0,0.0,-2.9828155153054565
19.133333333333333,2618.203863,-2.9828155153054565,0.0,0.0,-2.9828155153054565
19.15,2617.843398,-2.9828155153054565,0.0,0.0,-2.9828155153054565
19.166666666666668,2617.461067,-3.3850469915310066,0.0,0.0,-3.3850469915310066
19.183333333333334,2617.056865,-3.4399660035145114,0.0,0.0,-3.4399660035145114
19.2,2616.630496,-3.4399660035145114,0.0,0.0,-3.4399660035145114
19.216666666666665,2616.181248,-3.4399660035145114,0.0,0.0,-3.4399660035145114
19.233333333333334,2615.708808,-3.4399660035145114,0.0,0.0,-3.4399660035145114
19.25,2615.212636,-3.4399660035145114,0.0,0.0,-3.4399660035145114
19.266666666666666,2614.691471,-3.4399660035145114,0.0,0.0,-3.4399660035145114
19.283333333333335,2614.144777,-3.4399660035145114,0.0,0.0,-3.4399660035145114
19.3,2613.572245,-3.4399660035145114,0.0,0.0,-3.4399660035145114
19.316666666666666,2612.97318,-3.4399660035145114,0.0,0.0,-3.4399660035145114
19.333333333333332,2612.347295,-3.4399660035145114,0.0,0.0,-3.4399660035145114
19.35,2611.694571,-3.4399660035145114,0.0,0.0,-3.4399660035145114
19.366666666666667,2611.014975,-3.9178172340998394,0.0,0.0,-3.9178172340998394
19.383333333333333,2610.308501,-4.3898256687405,0.0,0.0,-4.3898256687405
19.4,2609.575168,-4.444744680724005,0.0,0.0,-4.444744680724005
19.416666666666668,2608.815015,-4.444744680724005,0.0,0.0,-4.444744680724005
19.433333333333334,2608.028059,-4.444744680724005,0.0,0.0,-4.444744680724005
19.45,2607.214315,-4.444744680724005,0.0,0.0,-4.444744680724005
19.466666666666665,2606.373789,-4.444744680724005,0.0,0.0,-4.444744680724005
19.483333333333334,2605.506492,-4.444744680724005,0.0,0.0,-4.444744680724005
19.5,2604.612438,-4.444744680724005,0.0,0.0,-4.444744680724005
19.516666666666666,2603.691637,-4.444744680724005,0.0,0.0,-4.444744680724005
19.533333333333335,2602.744104,-4.444744680724005,0.0,0.0,-4.444744680724005
19.55,2601.769851,-4.305006733424591,0.0,0.0,-4.305006733424591
19.566666666666666,2600.768895,-3.9715785496600935,0.0,0.0,-3.9715785496600935
19.583333333333332,2599.741248,-3.903596566734162,0.0,0.0,-3.903596566734162
19.6,2598.686916,-3.8445282149378137,0.0,0.0,-3.8445282149378137
19.616666666666667,2597.605888,-3.8620579462062015,0.0,0.0,-3.8620579462062015
19.633333333333333,2596.498169,-3.532261408768391,0.0,0.0,-3.532261408768391
19.65,2595.363791,-4.334906656756996,0.0,0.0,-4.334906656756996
19.666666666666668,2594.202804,-4.444744680724005,0.0,0.0,-4.444744680724005
19.683333333333334,2593.015249,-4.444744680724005,0.0,0.0,-4.444744680724005
19.7,2591.801412,-4.444744680724005,0.0,0.0,-4.444744680724005
19.716666666666665,2590.561944,-4.846976156949555,0.0,0.0,-4.846976156949555
19.733333333333334,2589.297149,-4.90189516893306,0.0,0.0,-4.90189516893306
19.75,2588.007534,-4.90189516893306,0.0,0.0,-4.90189516893306
19.766666666666666,2586.694267,-4.90189516893306,0.0,0.0,-4.90189516893306
19.783333333333335,2585.357857,-4.90189516893306,0.0,0.0,-4.90189516893306
19.8,2583.99861,-4.90189516893306,0.0,0.0,-4.90189516893306
19.816666666666666,2582.617191,-4.90189516893306,0.0,0.0,-4.90189516893306
19.833333333333332,2581.213887,-4.90189516893306,0.0,0.0,-4.90189516893306
19.85,2579.788721,-5.379746399518416,0.0,0.0,-5.379746399518416
19.866666666666667,2578.341706,-5.449523357933529,0.0,0.0,-5.449523357933529
19.883333333333333,2576.872854,-5.449523357933529,0.0,0.0,-5.449523357933529
19.9,2575.382213,-5.449523357933529,0.0,0.0,-5.449523357933529
19.916666666666668,2573.869866,-5.449523357933529,0.0,0.0,-5.449523357933529
19.933333333333334,2572.335882,-5.449523357933529,0.0,0.0,-5.449523357933529
19.95,2570.78088,-5.449523357933529,0.0,0.0,-5.449523357933529
19.966666666666665,2569.206313,-5.449523357933529,0.0,0.0,-5.449523357933529
19.983333333333334,2567.612841,-5.449523357933529,0.0,0.0,-5.449523357933529
20.0,2566.00158,-5.449523357933529,0.0,0.0,-5.449523357933529
20.016666666666666,2564.375122,-5.449523357933529,0.0,0.0,-5.449523357933529
20.033333333333335,2562.734584,-5.449523357933529,0.0,0.0,-5.449523357933529
20.05,2561.080619,-5.449523357933529,0.0,0.0,-5.449523357933529
20.066666666666666,2559.414676,-5.449523357933529,0.0,0.0,-5.449523357933529
20.083333333333332,2557.737369,-5.449523357933529,0.0,0.0,-5.449523357933529
20.1,2556.048757,-5.449523357933529,0.0,0.0,-5.449523357933529
20.116666666666667,2554.34892,-5.411403063145682,0.0,0.0,-5.411403063145682
20.133333333333333,2552.637897,-5.345354960624149,0.0,0.0,-5.345354960624149
20.15,2550.915694,-5.289447078363057,0.0,0.0,-5.289447078363057
20.166666666666668,2549.182318,-5.263521925443229,0.0,0.0,-5.263521925443229
20.183333333333334,2547.437787,-4.995584639057105,0.0,0.0,-4.995584639057105
20.2,2545.682386,-4.992372869724473,0.0,0.0,-4.992372869724473
20.216666666666665,2543.916786,-4.992372869724473,0.0,0.0,-4.992372869724473
20.233333333333334,2542.141293,-4.992372869724473,0.0,0.0,-4.992372869724473
20.25,2540.356415,-4.992372869724473,0.0,0.0,-4.992372869724473
20.266666666666666,2538.563331,-4.992372869724473,0.0,0.0,-4.992372869724473
20.283333333333335,2536.762549,-4.992372869724473,0.0,0.0,-4.992372869724473
20.3,2534.954369,-4.992372869724473,0.0,0.0,-4.992372869724473
20.316666666666666,2533.139445,-4.992372869724473,0.0,0.0,-4.992372869724473
20.333333333333332,2531.318056,-4.992372869724473,0.0,0.0,-4.992372869724473
20.35,2529.490235,-4.992372869724473,0.0,0.0,-4.992372869724473
20.366666666666667,2527.656024,-4.992372869724473,0.0,0.0,-4.992372869724473
20.383333333333333,2525.815446,-4.992372869724473,0.0,0.0,-4.992372869724473
20.4,2523.968497,-4.992372869724473,0.0,0.0,-4.992372869724473
20.416666666666668,2522.115159,-4.992372869724473,0.0,0.0,-4.992372869724473
20.433333333333334,2520.255427,-4.992372869724473,0.0,0.0,-4.992372869724473
20.45,2518.389313,-4.992372869724473,0.0,0.0,-4.992372869724473
20.466666666666665,2516.516838,-4.992372869724473,0.0,0.0,-4.992372869724473
20.483333333333334,2514.638011,-4.812391405570544,0.0,0.0,-4.812391405570544
20.5,2512.752849,-4.538072442485921,0.0,0.0,-4.538072442485921
20.516666666666666,2510.861375,-4.5352223815154185,0.0,0.0,-4.5352223815154185
20.533333333333335,2508.963605,-4.5352223815154185,0.0,0.0,-4.5352223815154185
20.55,2507.059551,-4.5352223815154185,0.0,0.0,-4.5352223815154185
20.566666666666666,2505.149223,-4.5352223815154185,0.0,0.0,-4.5352223815154185
20.583333333333332,2503.232633,-4.5352223815154185,0.0,0.0,-4.5352223815154185
20.6,2501.309806,-4.5352223815154185,0.0,0.0,-4.5352223815154185
20.616666666666667,2499.380788,-4.5352223815154185,0.0,0.0,-4.5352223815154185
20.633333333333333,2497.445605,-4.5352223815154185,0.0,0.0,-4.5352223815154185
20.65,2495.504236,-4.5352223815154185,0.0,0.0,-4.5352223815154185
20.666666666666668,2493.556623,-4.5352223815154185,0.0,0.0,-4.5352223815154185
20.683333333333334,2491.602729,-4.5352223815154185,0.0,0.0,-4.5352223815154185
20.7,2489.642091,-4.5352223815154185,0.0,0.0,-4.5352223815154185
20.716666666666665,2487.673601,-4.5352223815154185,0.0,0.0,-4.5352223815154185
20.733333333333334,2485.69677,-4.5352223815154185,0.0,0.0,-4.5352223815154185
20.75,2483.710743,-4.5352223815154185,0.0,0.0,-4.5352223815154185
20.766666666666666,2481.713518,-4.5352223815154185,0.0,0.0,-4.5352223815154185
20.783333333333335,2479.704241,-4.53551539725547,0.0,0.0,-4.53551539725547
20.8,2477.682421,-4.232860122144158,0.0,0.0,-4.232860122144158
20.816666666666666,2475.646933,-4.2319296947810106,0.0,0.0,-4.2319296947810106
20.833333333333332,2473.597314,-4.2319296947810106,0.0,0.0,-4.2319296947810106
20.85,2471.533567,-4.2319296947810106,0.0,0.0,-4.2319296947810106
20.866666666666667,2469.455721,-4.2319296947810106,0.0,0.0,-4.2319296947810106
20.883333333333333,2467.363793,-4.080210435830018,0.0,0.0,-4.080210435830018
20.9,2465.257746,-3.780025575793668,0.0,0.0,-3.780025575793668
20.916666666666668,2463.137473,-3.673609287433231,0.0,0.0,-3.673609287433231
20.933333333333334,2461.002906,-3.3239890392279774,0.0,0.0,-3.3239890392279774
20.95,2458.852985,-3.131562947285804,0.0,0.0,-3.131562947285804
20.966666666666665,2456.685183,-2.8637553216354874,0.0,0.0,-2.8637553216354874
20.983333333333334,2454.498378,-3.3383294607391685,0.0,0.0,-3.3383294607391685
21.0,2452.290633,-3.4081064191542776,0.0,0.0,-3.4081064191542776
21.016666666666666,2450.057403,-3.4081064191542776,0.0,0.0,-3.4081064191542776
21.033333333333335,2447.796755,-3.4081064191542776,0.0,0.0,-3.4081064191542776
21.05,2445.507586,-3.4081064191542776,0.0,0.0,-3.4081064191542776
21.066666666666666,2443.18738,-3.4081064191542776,0.0,0.0,-3.4081064191542776
21.083333333333332,2440.835103,-3.4081064191542776,0.0,0.0,-3.4081064191542776
21.1,2438.45071,-3.4081064191542776,0.0,0.0,-3.4081064191542776
21.116666666666667,2436.034119,-3.4081064191542776,0.0,0.0,-3.4081064191542776
21.133333333333333,2433.585322,-3.4081064191542776,0.0,0.0,-3.4081064191542776
21.15,2431.104365,-3.4081064191542776,0.0,0.0,-3.4081064191542776
21.166666666666668,2428.591301,-3.4081064191542776,0.0,0.0,-3.4081064191542776
21.183333333333334,2426.046163,-3.4081064191542776,0.0,0.0,-3.4081064191542776
21.2,2423.468508,-3.4081064191542776,0.0,0.0,-3.4081064191542776
21.216666666666665,2420.857223,-3.8103378953798286,0.0,0.0,-3.8103378953798286
21.233333333333334,2418.211839,-3.8652569073633334,0.0,0.0,-3.8652569073633334
21.25,2415.531522,-3.8652569073633334,0.0,0.0,-3.8652569073633334
21.266666666666666,2412.814272,-3.8652569073633334,0.0,0.0,-3.8652569073633334
21.283333333333335,2410.059261,-3.8652569073633334,0.0,0.0,-3.8652569073633334
21.3,2407.266037,-3.8652569073633334,0.0,0.0,-3.8652569073633334
21.316666666666666,2404.433523,-3.8652569073633334,0.0,0.0,-3.8652569073633334
21.333333333333332,2401.561296,-3.8652569073633334,0.0,0.0,-3.8652569073633334
21.35,2398.649382,-3.8652569073633334,0.0,0.0,-3.8652569073633334
21.366666666666667,2395.697777,-3.8652569073633334,0.0,0.0,-3.8652569073633334
21.383333333333333,2392.706521,-3.8652569073633334,0.0,0.0,-3.8652569073633334
21.4,2389.675701,-3.8652569073633334,0.0,0.0,-3.8652569073633334
21.416666666666668,2386.605423,-3.8652569073633334,0.0,0.0,-3.8652569073633334
21.433333333333334,2383.495775,-3.8652569073633334,0.0,0.0,-3.8652569073633334
21.45,2380.346819,-3.8652569073633334,0.0,0.0,-3.8652569073633334
21.466666666666665,2377.158605,-3.8652569073633334,0.0,0.0,-3.8652569073633334
21.483333333333334,2373.931193,-3.8652569073633334,0.0,0.0,-3.8652569073633334
21.5,2370.664644,-3.8652569073633334,0.0,0.0,-3.8652569073633334
21.516666666666666,2367.358999,-3.8652569073633334,0.0,0.0,-3.8652569073633334
21.533333333333335,2364.014317,-3.8652569073633334,0.0,0.0,-3.8652569073633334
21.55,2360.630669,-3.8652569073633334,0.0,0.0,-3.8652569073633334
21.566666666666666,2357.208117,-3.8652569073633334,0.0,0.0,-3.8652569073633334
21.583333333333332,2353.74673,-3.8652569073633334,0.0,0.0,-3.8652569073633334
21.6,2350.246565,-3.67918620541061,0.0,0.0,-3.67918620541061
21.616666666666667,2346.70765,-3.4113826213742993,0.0,0.0,-3.4113826213742993
21.633333333333333,2343.130042,-3.4081064191542785,0.0,0.0,-3.4081064191542785
21.65,2339.513855,-3.4081064191542785,0.0,0.0,-3.4081064191542785
21.666666666666668,2335.85925,-3.4081064191542785,0.0,0.0,-3.4081064191542785
21.683333333333334,2332.166359,-3.4081064191542785,0.0,0.0,-3.4081064191542785
21.7,2328.435837,-3.4081064191542785,0.0,0.0,-3.4081064191542785
21.716666666666665,2324.66911,-3.4081064191542785,0.0,0.0,-3.4081064191542785
21.733333333333334,2320.866867,-3.4081064191542785,0.0,0.0,-3.4081064191542785
21.75,2317.030228,-3.4081064191542785,0.0,0.0,-3.4081064191542785
21.766666666666666,2313.161709,-3.4081064191542785,0.0,0.0,-3.4081064191542785
21.783333333333335,2309.262425,-3.4081064191542785,0.0,0.0,-3.4081064191542785
21.8,2305.333065,-3.4081064191542785,0.0,0.0,-3.4081064191542785
21.816666666666666,2301.375071,-3.4081064191542785,0.0,0.0,-3.4081064191542785
21.833333333333332,2297.389091,-3.4081064191542785,0.0,0.0,-3.4081064191542785
21.85,2293.375206,-3.4081064191542785,0.0,0.0,-3.4081064191542785
21.866666666666667,2289.333468,-3.4081064191542785,0.0,0.0,-3.4081064191542785
21.883333333333333,2285.263939,-3.4081064191542785,0.0,0.0,-3.4081064191542785
21.9,2281.166753,-3.4081064191542785,0.0,0.0,-3.4081064191542785
21.916666666666668,2277.042125,-3.4081064191542785,0.0,0.0,-3.4081064191542785
21.933333333333334,2272.890229,-3.4081064191542785,0.0,0.0,-3.4081064191542785
21.95,2268.712443,-3.4081064191542785,0.0,0.0,-3.4081064191542785
21.966666666666665,2264.511937,-3.4081064191542785,0.0,0.0,-3.4081064191542785
21.983333333333334,2260.290159,-3.4081064191542785,0.0,0.0,-3.4081064191542785
22.0,2256.049557,-3.4081064191542785,0.0,0.0,-3.4081064191542785
22.016666666666666,2251.795755,-3.4081064191542785,0.0,0.0,-3.4081064191542785
22.033333333333335,2247.531178,-3.4081064191542785,0.0,0.0,-3.4081064191542785
22.05,2243.257251,-3.4081064191542785,0.0,0.0,-3.4081064191542785
22.066666666666666,2238.977107,-3.4081064191542785,0.0,0.0,-3.4081064191542785
22.083333333333332,2234.692078,-3.4081064191542785,0.0,0.0,-3.4081064191542785
22.1,2230.402279,-3.4081064191542785,0.0,0.0,-3.4081064191542785
22.116666666666667,2226.107883,-3.4081064191542785,0.0,0.0,-3.4081064191542785
22.133333333333333,2221.808963,-3.2792725941775682,0.0,0.0,-3.2792725941775682
22.15,2217.50553,-2.9527857547213925,0.0,0.0,-2.9527857547213925
22.166666666666668,2213.197585,-2.9509559309452236,0.0,0.0,-2.9509559309452236
22.183333333333334,2208.885156,-2.9509559309452236,0.0,0.0,-2.9509559309452236
22.2,2204.568841,-2.9509559309452236,0.0,0.0,-2.9509559309452236
22.216666666666665,2200.250043,-2.9509559309452236,0.0,0.0,-2.9509559309452236
22.233333333333334,2195.929391,-2.9509559309452236,0.0,0.0,-2.9509559309452236
22.25,2191.607949,-2.9509559309452236,0.0,0.0,-2.9509559309452236
22.266666666666666,2187.288184,-2.9509559309452236,0.0,0.0,-2.9509559309452236
22.283333333333335,2182.971149,-2.9509559309452236,0.0,0.0,-2.9509559309452236
22.3,2178.65745,-2.9509559309452236,0.0,0.0,-2.9509559309452236
22.316666666666666,2174.348443,-2.9509559309452236,0.0,0.0,-2.9509559309452236
22.333333333333332,2170.044691,-2.9509559309452236,0.0,0.0,-2.9509559309452236
22.35,2165.746231,-2.9509559309452236,0.0,0.0,-2.9509559309452236
22.366666666666667,2161.453128,-2.9509559309452236,0.0,0.0,-2.9509559309452236
22.383333333333333,2157.1654,-2.9509559309452236,0.0,0.0,-2.9509559309452236
22.4,2152.88301,-2.9509559309452236,0.0,0.0,-2.9509559309452236
22.416666666666668,2148.605895,-2.9509559309452236,0.0,0.0,-2.9509559309452236
22.433333333333334,2144.334016,-2.9509559309452236,0.0,0.0,-2.9509559309452236
22.45,2140.067364,-2.9509559309452236,0.0,0.0,-2.9509559309452236
22.466666666666665,2135.805929,-2.9509559309452236,0.0,0.0,-2.9509559309452236
22.483333333333334,2131.549698,-2.9509559309452236,0.0,0.0,-2.9509559309452236
22.5,2127.29866,-2.9509559309452236,0.0,0.0,-2.9509559309452236
22.516666666666666,2123.052801,-2.9509559309452236,0.0,0.0,-2.9509559309452236
22.533333333333335,2118.812105,-2.9509559309452236,0.0,0.0,-2.9509559309452236
22.55,2114.57656,-2.9509559309452236,0.0,0.0,-2.9509559309452236
22.566666666666666,2110.346153,-3.2164400185988185,0.0,0.0,-3.2164400185988185
22.583333333333332,2106.120871,-2.952126274126675,0.0,0.0,-2.952126274126675
22.6,2101.900697,-2.9509559309452724,0.0,0.0,-2.9509559309452724
22.616666666666667,2097.685613,-3.428807161530596,0.0,0.0,-3.428807161530596
22.633333333333333,2093.475599,-3.498584119945705,0.0,0.0,-3.498584119945705
22.65,2089.270647,-3.498584119945705,0.0,0.0,-3.498584119945705
22.666666666666668,2085.070747,-3.498584119945705,0.0,0.0,-3.498584119945705
22.683333333333334,2080.875893,-3.498584119945705,0.0,0.0,-3.498584119945705
22.7,2076.686129,-3.498584119945705,0.0,0.0,-3.498584119945705
22.716666666666665,2072.501589,-3.498584119945705,0.0,0.0,-3.498584119945705
22.733333333333334,2068.322322,-3.498584119945705,0.0,0.0,-3.498584119945705
22.75,2064.148428,-3.498584119945705,0.0,0.0,-3.498584119945705
22.766666666666666,2059.980159,-3.498584119945705,0.0,0.0,-3.498584119945705
22.783333333333335,2055.817612,-3.5323744794370295,0.0,0.0,-3.5323744794370295
22.8,2051.660838,-3.1969284189716323,0.0,0.0,-3.1969284189716323
22.816666666666666,2047.509975,-3.195291433211297,0.0,0.0,-3.195291433211297
22.833333333333332,2043.365065,-3.195291433211297,0.0,0.0,-3.195291433211297
22.85,2039.226097,-3.195291433211297,0.0,0.0,-3.195291433211297
22.866666666666667,2035.093049,-3.195291433211297,0.0,0.0,-3.195291433211297
22.883333333333333,2030.965905,-3.195291433211297,0.0,0.0,-3.195291433211297
22.9,2026.844656,-3.195291433211297,0.0,0.0,-3.195291433211297
22.916666666666668,2022.729303,-3.195291433211297,0.0,0.0,-3.195291433211297
22.933333333333334,2018.619843,-3.195291433211297,0.0,0.0,-3.195291433211297
22.95,2014.516417,-3.195291433211297,0.0,0.0,-3.195291433211297
22.966666666666665,2010.419388,-3.195291433211297,0.0,0.0,-3.195291433211297
22.983333333333334,2006.328904,-3.195291433211297,0.0,0.0,-3.195291433211297
23.0,2002.245238,-3.195291433211297,0.0,0.0,-3.195291433211297
23.016666666666666,1998.169048,-3.195291433211297,0.0,0.0,-3.195291433211297
23.033333333333335,1994.100603,-3.195291433211297,0.0,0.0,-3.195291433211297
23.05,1990.040049,-3.195291433211297,0.0,0.0,-3.195291433211297
23.066666666666666,1985.987741,-3.195291433211297,0.0,0.0,-3.195291433211297
23.083333333333332,1981.943814,-3.195291433211297,0.0,0.0,-3.195291433211297
23.1,1977.908256,-3.195291433211297,0.0,0.0,-3.195291433211297
23.116666666666667,1973.881062,-3.195291433211297,0.0,0.0,-3.195291433211297
23.133333333333333,1969.862215,-3.195291433211297,0.0,0.0,-3.195291433211297
23.15,1965.851689,-3.195291433211297,0.0,0.0,-3.195291433211297
23.166666666666668,1961.849457,-3.195291433211297,0.0,0.0,-3.195291433211297
23.183333333333334,1957.855493,-3.195291433211297,0.0,0.0,-3.195291433211297
23.2,1953.869835,-3.195291433211297,0.0,0.0,-3.195291433211297
23.216666666666665,1949.892599,-3.195291433211297,0.0,0.0,-3.195291433211297
23.233333333333334,1945.923826,-3.195291433211297,0.0,0.0,-3.195291433211297
23.25,1941.963598,-3.195291433211297,0.0,0.0,-3.195291433211297
23.266666666666666,1938.012144,-3.195291433211297,0.0,0.0,-3.195291433211297
23.283333333333335,1934.069545,-3.195291433211297,0.0,0.0,-3.195291433211297
23.3,1930.13584,-3.195291433211297,0.0,0.0,-3.195291433211297
23.316666666666666,1926.211138,-3.195291433211297,0.0,0.0,-3.195291433211297
23.333333333333332,1922.295473,-3.195291433211297,0.0,0.0,-3.195291433211297
23.35,1918.388823,-3.195291433211297,0.0,0.0,-3.195291433211297
23.366666666666667,1914.491169,-3.195291433211297,0.0,0.0,-3.195291433211297
23.383333333333333,1910.602488,-3.195291433211297,0.0,0.0,-3.195291433211297
23.4,1906.722751,-3.195291433211297,0.0,0.0,-3.195291433211297
23.416666666666668,1902.851923,-3.195291433211297,0.0,0.0,-3.195291433211297
23.433333333333334,1898.989974,-3.195291433211297,0.0,0.0,-3.195291433211297
23.45,1895.13687,-3.195291433211297,0.0,0.0,-3.195291433211297
23.466666666666665,1891.29256,-3.195291433211297,0.0,0.0,-3.195291433211297
23.483333333333334,1887.457008,-3.195291433211297,0.0,0.0,-3.195291433211297
23.5,1883.63017,-3.195291433211297,0.0,0.0,-3.195291433211297
23.516666666666666,1879.811977,-3.195291433211297,0.0,0.0,-3.195291433211297
23.533333333333335,1876.002388,-3.195291433211297,0.0,0.0,-3.195291433211297
23.55,1872.201365,-3.195291433211297,0.0,0.0,-3.195291433211297
23.566666666666666,1868.40886,-3.195291433211297,0.0,0.0,-3.195291433211297
23.583333333333332,1864.624839,-3.195291433211297,0.0,0.0,-3.195291433211297
23.6,1860.849269,-3.195291433211297,0.0,0.0,-3.195291433211297
23.616666666666667,1857.082108,-3.195291433211297,0.0,0.0,-3.195291433211297
23.633333333333333,1853.323323,-3.195291433211297,0.0,0.0,-3.195291433211297
23.65,1849.572897,-3.195291433211297,0.0,0.0,-3.195291433211297
23.666666666666668,1845.83083,-2.975411854049919,0.0,0.0,-2.975411854049919
23.683333333333334,1842.09711,-2.6533530005060175,0.0,0.0,-2.6533530005060175
23.7,1838.371879,-2.6278228648587234,0.0,0.0,-2.6278228648587234
23.716666666666665,1834.655507,-2.5615053697991526,0.0,0.0,-2.5615053697991526
23.733333333333334,1830.948143,-2.4860704794470756,0.0,0.0,-2.4860704794470756
23.75,1827.250068,-2.1946288481956895,0.0,0.0,-2.1946288481956895
23.766666666666666,1823.561968,-2.5085691566178054,0.0,0.0,-2.5085691566178054
23.783333333333335,1819.884121,-2.493805442736181,0.0,0.0,-2.493805442736181
23.8,1816.216676,-2.493805442736181,0.0,0.0,-2.493805442736181
23.816666666666666,1812.560005,-2.493805442736181,0.0,0.0,-2.493805442736181
23.833333333333332,1808.914246,-2.493805442736181,0.0,0.0,-2.493805442736181
23.85,1805.279371,-2.493805442736181,0.0,0.0,-2.493805442736181
23.866666666666667,1801.655338,-2.493805442736181,0.0,0.0,-2.493805442736181
23.883333333333333,1798.042114,-2.493805442736181,0.0,0.0,-2.493805442736181
23.9,1794.439684,-2.493805442736181,0.0,0.0,-2.493805442736181
23.916666666666668,1790.848063,-2.493805442736181,0.0,0.0,-2.493805442736181
23.933333333333334,1787.267249,-2.896036918961731,0.0,0.0,-2.896036918961731
23.95,1783.69761,-2.950955930945236,0.0,0.0,-2.950955930945236
23.966666666666665,1780.140066,-2.950955930945236,0.0,0.0,-2.950955930945236
23.983333333333334,1776.595003,-2.950955930945236,0.0,0.0,-2.950955930945236
24.0,1773.063121,-2.950955930945236,0.0,0.0,-2.950955930945236
24.016666666666666,1769.546088,-2.950955930945236,0.0,0.0,-2.950955930945236
24.033333333333335,1766.044593,-2.950955930945236,0.0,0.0,-2.950955930945236
24.05,1762.559016,-2.950955930945236,0.0,0.0,-2.950955930945236
24.066666666666666,1759.090264,-2.950955930945236,0.0,0.0,-2.950955930945236
24.083333333333332,1755.638688,-2.950955930945236,0.0,0.0,-2.950955930945236
24.1,1752.204267,-2.950955930945236,0.0,0.0,-2.950955930945236
24.116666666666667,1748.786997,-2.950955930945236,0.0,0.0,-2.950955930945236
24.133333333333333,1745.386846,-2.950955930945236,0.0,0.0,-2.950955930945236
24.15,1742.003761,-2.950955930945236,0.0,0.0,-2.950955930945236
24.166666666666668,1738.637687,-2.950955930945236,0.0,0.0,-2.950955930945236
24.183333333333334,1735.288577,-2.950955930945236,0.0,0.0,-2.950955930945236
24.2,1731.95656,-2.950955930945236,0.0,0.0,-2.950955930945236
24.216666666666665,1728.642012,-2.701126140562103,0.0,0.0,-2.701126140562103
24.233333333333334,1725.345074,-2.408364807598986,0.0,0.0,-2.408364807598986
24.25,1722.066016,-2.4033277419447976,0.0,0.0,-2.4033277419447976
24.266666666666666,1718.805545,-2.4033277419447976,0.0,0.0,-2.4033277419447976
24.283333333333335,1715.563929,-2.4033277419447976,0.0,0.0,-2.4033277419447976
24.3,1712.341302,-2.4033277419447976,0.0,0.0,-2.4033277419447976
24.316666666666666,1709.138025,-2.4033277419447976,0.0,0.0,-2.4033277419447976
24.333333333333332,1705.954221,-2.4033277419447976,0.0,0.0,-2.4033277419447976
24.35,1702.789845,-2.4033277419447976,0.0,0.0,-2.4033277419447976
24.366666666666667,1699.644867,-2.4033277419447976,0.0,0.0,-2.4033277419447976
24.383333333333333,1696.519238,-2.4033277419447976,0.0,0.0,-2.4033277419447976
24.4,1693.412896,-2.4033277419447976,0.0,0.0,-2.4033277419447976
24.416666666666668,1690.32577,-2.4033277419447976,0.0,0.0,-2.4033277419447976
24.433333333333334,1687.257798,-2.4033277419447976,0.0,0.0,-2.4033277419447976
24.45,1684.208926,-2.4033277419447976,0.0,0.0,-2.4033277419447976
24.466666666666665,1681.179105,-2.4033277419447976,0.0,0.0,-2.4033277419447976
24.483333333333334,1678.168282,-2.4033277419447976,0.0,0.0,-2.4033277419447976
24.5,1675.176407,-2.4033277419447976,0.0,0.0,-2.4033277419447976
24.516666666666666,1672.203431,-2.4033277419447976,0.0,0.0,-2.4033277419447976
24.533333333333335,1669.249303,-2.4033277419447976,0.0,0.0,-2.4033277419447976
24.55,1666.313973,-2.4033277419447976,0.0,0.0,-2.4033277419447976
24.566666666666666,1663.397391,-2.4033277419447976,0.0,0.0,-2.4033277419447976
24.583333333333332,1660.499508,-2.4033277419447976,0.0,0.0,-2.4033277419447976
24.6,1657.620266,-2.4033277419447976,0.0,0.0,-2.4033277419447976
24.616666666666667,1654.759608,-2.4033277419447976,0.0,0.0,-2.4033277419447976
24.633333333333333,1651.917479,-2.4033277419447976,0.0,0.0,-2.4033277419447976
24.65,1649.093831,-2.4033277419447976,0.0,0.0,-2.4033277419447976
24.666666666666668,1646.288625,-2.4033277419447976,0.0,0.0,-2.4033277419447976
24.683333333333334,1643.501818,-2.4033277419447976,0.0,0.0,-2.4033277419447976
24.7,1640.733442,-2.4033277419447976,0.0,0.0,-2.4033277419447976
24.716666666666665,1637.983649,-2.4033277419447976,0.0,0.0,-2.4033277419447976
24.733333333333334,1635.252477,-2.4033277419447976,0.0,0.0,-2.4033277419447976
24.75,1632.540031,-2.4033277419447976,0.0,0.0,-2.4033277419447976
24.766666666666666,1629.846624,-2.4033277419447976,0.0,0.0,-2.4033277419447976
24.783333333333335,1627.172359,-2.4033277419447976,0.0,0.0,-2.4033277419447976
24.8,1624.517277,-2.4033277419447976,0.0,0.0,-2.4033277419447976
24.816666666666666,1621.881531,-2.4033277419447976,0.0,0.0,-2.4033277419447976
24.833333333333332,1619.265158,-2.4033277419447976,0.0,0.0,-2.4033277419447976
24.85,1616.668108,-2.4033277419447976,0.0,0.0,-2.4033277419447976
24.866666666666667,1614.09033,-2.4033277419447976,0.0,0.0,-2.4033277419447976
24.883333333333333,1611.531772,-2.4033277419447976,0.0,0.0,-2.4033277419447976
24.9,1608.992395,-2.303182430708727,0.0,0.0,-2.303182430708727
24.916666666666668,1606.47217,-2.1004813238760667,0.0,0.0,-2.1004813238760667
24.933333333333334,1603.971067,-2.100035055210389,0.0,0.0,-2.100035055210389
24.95,1601.489229,-2.100035055210389,0.0,0.0,-2.100035055210389
24.966666666666665,1599.027073,-2.100035055210389,0.0,0.0,-2.100035055210389
24.983333333333334,1596.584754,-2.100035055210389,0.0,0.0,-2.100035055210389
25.0,1594.162582,-2.100035055210389,0.0,0.0,-2.100035055210389
25.016666666666666,1591.761335,-2.100035055210389,0.0,0.0,-2.100035055210389
25.033333333333335,1589.381319,-2.100035055210389,0.0,0.0,-2.100035055210389
25.05,1587.022689,-2.100035055210389,0.0,0.0,-2.100035055210389
25.066666666666666,1584.685857,-2.100035055210389,0.0,0.0,-2.100035055210389
25.083333333333332,1582.370962,-2.100035055210389,0.0,0.0,-2.100035055210389
25.1,1580.077969,-1.8883142620847448,0.0,0.0,-1.8883142620847448
25.116666666666667,1577.806847,-1.5539315100992361,0.0,0.0,-1.5539315100992361
25.133333333333333,1575.557552,-1.5524068662099197,0.0,0.0,-1.5524068662099197
25.15,1573.330032,-1.5524068662099197,0.0,0.0,-1.5524068662099197
25.166666666666668,1571.124234,-1.5524068662099197,0.0,0.0,-1.5524068662099197
25.183333333333334,1568.940109,-1.5524068662099197,0.0,0.0,-1.5524068662099197
25.2,1566.777696,-1.5524068662099197,0.0,0.0,-1.5524068662099197
25.216666666666665,1564.637158,-1.5524068662099197,0.0,0.0,-1.5524068662099197
25.233333333333334,1562.51854,-1.5524068662099197,0.0,0.0,-1.5524068662099197
25.25,1560.421954,-1.5524068662099197,0.0,0.0,-1.5524068662099197
25.266666666666666,1558.347727,-1.4323264018580255,0.0,0.0,-1.4323264018580255
25.283333333333335,1556.295974,-1.0965820033271618,0.0,0.0,-1.0965820033271618
25.3,1554.266737,-1.095256378000865,0.0,0.0,-1.095256378000865
25.316666666666666,1552.260177,-1.095256378000865,0.0,0.0,-1.095256378000865
25.333333333333332,1550.276332,-1.095256378000865,0.0,0.0,-1.095256378000865
25.35,1548.315163,-1.095256378000865,0.0,0.0,-1.095256378000865
25.366666666666667,1546.376632,-1.095256378000865,0.0,0.0,-1.095256378000865
25.383333333333333,1544.460699,-1.095256378000865,0.0,0.0,-1.095256378000865
25.4,1542.56731,-1.095256378000865,0.0,0.0,-1.095256378000865
25.416666666666668,1540.696411,-1.095256378000865,0.0,0.0,-1.095256378000865
25.433333333333334,1538.847955,-1.095256378000865,0.0,0.0,-1.095256378000865
25.45,1537.021895,-1.095256378000865,0.0,0.0,-1.095256378000865
25.466666666666665,1535.218191,-1.095256378000865,0.0,0.0,-1.095256378000865
25.483333333333334,1533.4368,-1.095256378000865,0.0,0.0,-1.095256378000865
25.5,1531.67768,-1.095256378000865,0.0,0.0,-1.095256378000865
25.516666666666666,1529.940795,-1.095256378000865,0.0,0.0,-1.095256378000865
25.533333333333335,1528.226105,-1.095256378000865,0.0,0.0,-1.095256378000865
25.55,1526.533569,-1.095256378000865,0.0,0.0,-1.095256378000865
25.566666666666666,1524.863144,-1.095256378000865,0.0,0.0,-1.095256378000865
25.583333333333332,1523.214792,-1.095256378000865,0.0,0.0,-1.095256378000865
25.6,1521.588481,-1.095256378000865,0.0,0.0,-1.095256378000865
25.616666666666667,1519.9842,-1.095256378000865,0.0,0.0,-1.095256378000865
25.633333333333333,1518.40192,-1.095256378000865,0.0,0.0,-1.095256378000865
25.65,1516.841583,-1.095256378000865,0.0,0.0,-1.095256378000865
25.666666666666668,1515.303112,-1.095256378000865,0.0,0.0,-1.095256378000865
25.683333333333334,1513.78644,-1.095256378000865,0.0,0.0,-1.095256378000865
25.7,1512.291229,-1.095256378000865,0.0,0.0,-1.095256378000865
25.716666666666665,1510.816733,-1.095256378000865,0.0,0.0,-1.095256378000865
25.733333333333334,1509.362596,-1.095256378000865,0.0,0.0,-1.095256378000865
25.75,1507.928235,-1.095256378000865,0.0,0.0,-1.095256378000865
25.766666666666666,1506.512328,-1.095256378000865,0.0,0.0,-1.095256378000865
25.783333333333335,1505.114297,-1.095256378000865,0.0,0.0,-1.095256378000865
25.8,1503.733786,-1.095256378000865,0.0,0.0,-1.095256378000865
25.816666666666666,1502.370042,-1.095256378000865,0.0,0.0,-1.095256378000865
25.833333333333332,1501.022731,-1.095256378000865,0.0,0.0,-1.095256378000865
25.85,1499.691822,-1.095256378000865,0.0,0.0,-1.095256378000865
25.866666666666667,1498.377296,-1.095256378000865,0.0,0.0,-1.095256378000865
25.883333333333333,1497.07913,-1.095256378000865,0.0,0.0,-1.095256378000865
25.9,1495.797265,-1.095256378000865,0.0,0.0,-1.095256378000865
25.916666666666668,1494.5316,-1.095256378000865,0.0,0.0,-1.095256378000865
25.933333333333334,1493.282053,-1.095256378000865,0.0,0.0,-1.095256378000865
25.95,1492.047913,-1.095256378000865,0.0,0.0,-1.095256378000865
25.966666666666665,1490.827523,-1.095256378000865,0.0,0.0,-1.095256378000865
25.983333333333334,1489.620132,-1.095256378000865,0.0,0.0,-1.095256378000865
26.0,1488.424463,-1.095256378000865,0.0,0.0,-1.095256378000865
26.016666666666666,1487.237566,-1.095256378000865,0.0,0.0,-1.095256378000865
26.033333333333335,1486.05817,-1.095256378000865,0.0,0.0,-1.095256378000865
26.05,1484.885531,-1.095256378000865,0.0,0.0,-1.095256378000865
26.066666666666666,1483.718005,-1.095256378000865,0.0,0.0,-1.095256378000865
26.083333333333332,1482.554896,-1.095256378000865,0.0,0.0,-1.095256378000865
26.1,1481.39614,-1.095256378000865,0.0,0.0,-1.095256378000865
26.116666666666667,1480.241652,-1.095256378000865,0.0,0.0,-1.095256378000865
26.133333333333333,1479.091392,-1.095256378000865,0.0,0.0,-1.095256378000865
26.15,1477.945356,-1.095256378000865,0.0,0.0,-1.095256378000865
26.166666666666668,1476.803545,-1.095256378000865,0.0,0.0,-1.095256378000865
26.183333333333334,1475.665946,-1.095256378000865,0.0,0.0,-1.095256378000865
26.2,1474.532244,-1.095256378000865,0.0,0.0,-1.095256378000865
26.216666666666665,1473.401704,-1.095256378000865,0.0,0.0,-1.095256378000865
26.233333333333334,1472.273995,-1.095256378000865,0.0,0.0,-1.095256378000865
26.25,1471.148558,-1.095256378000865,0.0,0.0,-1.095256378000865
26.266666666666666,1470.024095,-1.095256378000865,0.0,0.0,-1.095256378000865
26.283333333333335,1468.90005,-1.095256378000865,0.0,0.0,-1.095256378000865
26.3,1467.776101,-1.095256378000865,0.0,0.0,-1.095256378000865
26.316666666666666,1466.65153,-1.095256378000865,0.0,0.0,-1.095256378000865
26.333333333333332,1465.526036,-1.095256378000865,0.0,0.0,-1.095256378000865
26.35,1464.399594,-1.095256378000865,0.0,0.0,-1.095256378000865
26.366666666666667,1463.272162,-1.095256378000865,0.0,0.0,-1.095256378000865
26.383333333333333,1462.143726,-1.095256378000865,0.0,0.0,-1.095256378000865
26.4,1461.014296,-1.095256378000865,0.0,0.0,-1.095256378000865
26.416666666666668,1459.883903,-1.095256378000865,0.0,0.0,-1.095256378000865
26.433333333333334,1458.752557,-1.095256378000865,0.0,0.0,-1.095256378000865
26.45,1457.62026,-1.095256378000865,0.0,0.0,-1.095256378000865
26.466666666666665,1456.487008,-1.095256378000865,0.0,0.0,-1.095256378000865
26.483333333333334,1455.352802,-1.095256378000865,0.0,0.0,-1.095256378000865
26.5,1454.217642,-1.095256378000865,0.0,0.0,-1.095256378000865
26.516666666666666,1453.081527,-1.095256378000865,0.0,0.0,-1.095256378000865
26.533333333333335,1451.944457,-1.095256378000865,0.0,0.0,-1.095256378000865
26.55,1450.806435,-1.095256378000865,0.0,0.0,-1.095256378000865
26.566666666666666,1449.66746,-1.095256378000865,0.0,0.0,-1.095256378000865
26.583333333333332,1448.527534,-1.095256378000865,0.0,0.0,-1.095256378000865
26.6,1447.386653,-1.095256378000865,0.0,0.0,-1.095256378000865
26.616666666666667,1446.244808,-1.095256378000865,0.0,0.0,-1.095256378000865
26.633333333333333,1445.101997,-1.095256378000865,0.0,0.0,-1.095256378000865
26.65,1443.958227,-1.095256378000865,0.0,0.0,-1.095256378000865
26.666666666666668,1442.813515,-1.095256378000865,0.0,0.0,-1.095256378000865
26.683333333333334,1441.667874,-1.095256378000865,0.0,0.0,-1.095256378000865
26.7,1440.521417,-1.095256378000865,0.0,0.0,-1.095256378000865
26.716666666666665,1439.374414,-1.095256378000865,0.0,0.0,-1.095256378000865
26.733333333333334,1438.226986,-1.095256378000865,0.0,0.0,-1.095256378000865
26.75,1437.079341,-1.095256378000865,0.0,0.0,-1.095256378000865
26.766666666666666,1435.931963,-1.095256378000865,0.0,0.0,-1.095256378000865
26.783333333333335,1434.785059,-1.095256378000865,0.0,0.0,-1.095256378000865
26.8,1433.638751,-1.095256378000865,0.0,0.0,-1.095256378000865
26.816666666666666,1432.49331,-1.095256378000865,0.0,0.0,-1.095256378000865
26.833333333333332,1431.348849,-1.095256378000865,0.0,0.0,-1.095256378000865
26.85,1430.205371,-1.095256378000865,0.0,0.0,-1.095256378000865
26.866666666666667,1429.06287,-1.095256378000865,0.0,0.0,-1.095256378000865
26.883333333333333,1427.921345,-1.095256378000865,0.0,0.0,-1.095256378000865
26.9,1426.780806,-1.095256378000865,0.0,0.0,-1.095256378000865
26.916666666666668,1425.641279,-1.095256378000865,0.0,0.0,-1.095256378000865
26.933333333333334,1424.502785,-1.095256378000865,0.0,0.0,-1.095256378000865
26.95,1423.365576,-1.095256378000865,0.0,0.0,-1.095256378000865
26.966666666666665,1422.230254,-1.095256378000865,0.0,0.0,-1.095256378000865
26.983333333333334,1421.097087,-1.095256378000865,0.0,0.0,-1.095256378000865
27.0,1419.966539,-1.095256378000865,0.0,0.0,-1.095256378000865
27.016666666666666,1418.839689,-1.095256378000865,0.0,0.0,-1.095256378000865
27.033333333333335,1417.717,-1.095256378000865,0.0,0.0,-1.095256378000865
27.05,1416.598735,-1.095256378000865,0.0,0.0,-1.095256378000865
27.066666666666666,1415.485494,-1.095256378000865,0.0,0.0,-1.095256378000865
27.083333333333332,1414.377526,-1.095256378000865,0.0,0.0,-1.095256378000865
27.1,1413.274844,-1.095256378000865,0.0,0.0,-1.095256378000865
27.116666666666667,1412.17747,-1.095256378000865,0.0,0.0,-1.095256378000865
27.133333333333333,1411.08541,-1.095256378000865,0.0,0.0,-1.095256378000865
27.15,1409.998656,-1.095256378000865,0.0,0.0,-1.095256378000865
27.166666666666668,1408.917199,-1.095256378000865,0.0,0.0,-1.095256378000865
27.183333333333334,1407.841035,-1.095256378000865,0.0,0.0,-1.095256378000865
27.2,1406.77027,-1.095256378000865,0.0,0.0,-1.095256378000865
27.216666666666665,1405.705171,-1.095256378000865,0.0,0.0,-1.095256378000865
27.233333333333334,1404.645852,-1.095256378000865,0.0,0.0,-1.095256378000865
27.25,1403.59251,-1.095256378000865,0.0,0.0,-1.095256378000865
27.266666666666666,1402.545621,-1.095256378000865,0.0,0.0,-1.095256378000865
27.283333333333335,1401.505383,-1.095256378000865,0.0,0.0,-1.095256378000865
27.3,1400.471905,-1.095256378000865,0.0,0.0,-1.095256378000865
27.316666666666666,1399.445446,-1.095256378000865,0.0,0.0,-1.095256378000865
27.333333333333332,1398.42611,-1.095256378000865,0.0,0.0,-1.095256378000865
27.35,1397.413896,-1.095256378000865,0.0,0.0,-1.095256378000865
27.366666666666667,1396.408811,-1.095256378000865,0.0,0.0,-1.095256378000865
27.383333333333333,1395.410851,-1.095256378000865,0.0,0.0,-1.095256378000865
27.4,1394.420003,-1.095256378000865,0.0,0.0,-1.095256378000865
27.416666666666668,1393.436249,-1.095256378000865,0.0,0.0,-1.095256378000865
27.433333333333334,1392.459576,-1.095256378000865,0.0,0.0,-1.095256378000865
27.45,1391.489976,-0.8190488802879208,0.0,0.0,-0.8190488802879208
27.466666666666665,1390.527445,-0.5506840502611725,0.0,0.0,-0.5506840502611725
27.483333333333334,1389.571977,-0.5476281890004325,0.0,0.0,-0.5476281890004325
27.5,1388.623566,-0.5476281890004325,0.0,0.0,-0.5476281890004325
27.516666666666666,1387.682208,-0.5476281890004325,0.0,0.0,-0.5476281890004325
27.533333333333335,1386.747898,-0.5476281890004325,0.0,0.0,-0.5476281890004325
27.55,1385.820629,-0.5476281890004325,0.0,0.0,-0.5476281890004325
27.566666666666666,1384.900397,-0.5476281890004325,0.0,0.0,-0.5476281890004325
27.583333333333332,1383.987196,-0.5476281890004325,0.0,0.0,-0.5476281890004325
27.6,1383.081013,-0.5476281890004325,0.0,0.0,-0.5476281890004325
27.616666666666667,1382.181831,-0.5476281890004325,0.0,0.0,-0.5476281890004325
27.633333333333333,1381.289635,-0.5476281890004325,0.0,0.0,-0.5476281890004325
27.65,1380.404426,-0.5476281890004325,0.0,0.0,-0.5476281890004325
27.666666666666668,1379.526209,-0.5476281890004325,0.0,0.0,-0.5476281890004325
27.683333333333334,1378.654987,-0.5476281890004325,0.0,0.0,-0.5476281890004325
27.7,1377.790866,-0.5476281890004325,0.0,0.0,-0.5476281890004325
27.716666666666665,1376.934108,-0.5476281890004325,0.0,0.0,-0.5476281890004325
27.733333333333334,1376.084828,-1.0254794195857557,0.0,0.0,-1.0254794195857557
27.75,1375.243227,-1.095256378000865,0.0,0.0,-1.095256378000865
27.766666666666666,1374.409786,-1.095256378000865,0.0,0.0,-1.095256378000865
27.783333333333335,1373.584708,-1.095256378000865,0.0,0.0,-1.095256378000865
27.8,1372.768105,-1.095256378000865,0.0,0.0,-1.095256378000865
27.816666666666666,1371.960247,-1.095256378000865,0.0,0.0,-1.095256378000865
27.833333333333332,1371.161241,-1.095256378000865,0.0,0.0,-1.095256378000865
27.85,1370.37108,-1.095256378000865,0.0,0.0,-1.095256378000865
27.866666666666667,1369.589753,-1.095256378000865,0.0,0.0,-1.095256378000865
27.883333333333333,1368.817249,-1.095256378000865,0.0,0.0,-1.095256378000865
27.9,1368.053574,-1.095256378000865,0.0,0.0,-1.095256378000865
27.916666666666668,1367.298747,-1.095256378000865,0.0,0.0,-1.095256378000865
27.933333333333334,1366.552781,-1.095256378000865,0.0,0.0,-1.095256378000865
27.95,1365.815929,-1.095256378000865,0.0,0.0,-1.095256378000865
27.966666666666665,1365.088802,-1.095256378000865,0.0,0.0,-1.095256378000865
27.983333333333334,1364.371668,-1.095256378000865,0.0,0.0,-1.095256378000865
28.0,1363.664995,-1.095256378000865,0.0,0.0,-1.095256378000865
28.016666666666666,1362.969886,-1.095256378000865,0.0,0.0,-1.095256378000865
28.033333333333335,1362.286807,-1.095256378000865,0.0,0.0,-1.095256378000865
28.05,1361.616026,-1.095256378000865,0.0,0.0,-1.095256378000865
28.066666666666666,1360.958151,-1.095256378000865,0.0,0.0,-1.095256378000865
28.083333333333332,1360.313432,-1.095256378000865,0.0,0.0,-1.095256378000865
28.1,1359.681879,-1.095256378000865,0.0,0.0,-1.095256378000865
28.116666666666667,1359.06351,-1.095256378000865,0.0,0.0,-1.095256378000865
28.133333333333333,1358.458326,-1.095256378000865,0.0,0.0,-1.095256378000865
28.15,1357.866317,-1.095256378000865,0.0,0.0,-1.095256378000865
28.166666666666668,1357.287469,-1.095256378000865,0.0,0.0,-1.095256378000865
28.183333333333334,1356.721773,-1.095256378000865,0.0,0.0,-1.095256378000865
28.2,1356.169335,-1.095256378000865,0.0,0.0,-1.095256378000865
28.216666666666665,1355.630421,-1.095256378000865,0.0,0.0,-1.095256378000865
28.233333333333334,1355.105143,-1.095256378000865,0.0,0.0,-1.095256378000865
28.25,1354.5937,-1.095256378000865,0.0,0.0,-1.095256378000865
28.266666666666666,1354.096573,-1.095256378000865,0.0,0.0,-1.095256378000865
28.283333333333335,1353.613958,-1.095256378000865,0.0,0.0,-1.095256378000865
28.3,1353.145968,-1.095256378000865,0.0,0.0,-1.095256378000865
28.316666666666666,1352.692864,-1.095256378000865,0.0,0.0,-1.095256378000865
28.333333333333332,1352.25475,-1.095256378000865,0.0,0.0,-1.095256378000865
28.35,1351.831629,-1.095256378000865,0.0,0.0,-1.095256378000865
28.366666666666667,1351.423506,-1.095256378000865,0.0,0.0,-1.095256378000865
28.383333333333333,1351.030379,-1.095256378000865,0.0,0.0,-1.095256378000865
28.4,1350.652237,-1.095256378000865,0.0,0.0,-1.095256378000865
28.416666666666668,1350.289061,-1.095256378000865,0.0,0.0,-1.095256378000865
28.433333333333334,1349.940839,-1.095256378000865,0.0,0.0,-1.095256378000865
28.45,1349.607561,-1.095256378000865,0.0,0.0,-1.095256378000865
28.466666666666665,1349.289217,-1.095256378000865,0.0,0.0,-1.095256378000865
28.483333333333334,1348.985797,-1.095256378000865,0.0,0.0,-1.095256378000865
28.5,1348.697292,-1.095256378000865,0.0,0.0,-1.095256378000865
28.516666666666666,1348.423687,-1.095256378000865,0.0,0.0,-1.095256378000865
28.533333333333335,1348.164973,-1.095256378000865,0.0,0.0,-1.095256378000865
28.55,1347.921141,-1.095256378000865,0.0,0.0,-1.095256378000865
28.566666666666666,1347.692179,-1.095256378000865,0.0,0.0,-1.095256378000865
28.583333333333332,1347.478081,-1.095256378000865,0.0,0.0,-1.095256378000865
28.6,1347.278849,-1.095256378000865,0.0,0.0,-1.095256378000865
28.616666666666667,1347.094494,-1.095256378000865,0.0,0.0,-1.095256378000865
28.633333333333333,1346.925018,-1.5731076085861884,0.0,0.0,-1.5731076085861884
28.65,1346.770408,-1.6428845670012975,0.0,0.0,-1.6428845670012975
28.666666666666668,1346.630637,-1.6428845670012975,0.0,0.0,-1.6428845670012975
28.683333333333334,1346.505684,-1.6428845670012975,0.0,0.0,-1.6428845670012975
28.7,1346.395371,-1.6428845670012975,0.0,0.0,-1.6428845670012975
28.716666666666665,1346.299273,-1.6428845670012975,0.0,0.0,-1.6428845670012975
28.733333333333334,1346.217198,-1.6428845670012975,0.0,0.0,-1.6428845670012975
28.75,1346.148817,-1.6428845670012975,0.0,0.0,-1.6428845670012975
28.766666666666666,1346.093368,-1.6428845670012975,0.0,0.0,-1.6428845670012975
28.783333333333335,1346.050521,-1.6428845670012975,0.0,0.0,-1.6428845670012975
28.8,1346.020085,-1.6428845670012975,0.0,0.0,-1.6428845670012975
28.816666666666666,1346.001628,-1.6428845670012975,0.0,0.0,-1.6428845670012975
28.833333333333332,1345.994967,-1.6428845670012975,0.0,0.0,-1.6428845670012975
28.85,1346.0001,-1.6428845670012975,0.0,0.0,-1.6428845670012975
28.866666666666667,1346.017029,-1.6428845670012975,0.0,0.0,-1.6428845670012975
28.883333333333333,1346.045755,-1.6428845670012975,0.0,0.0,-1.6428845670012975
28.9,1346.086259,-1.6428845670012975,0.0,0.0,-1.6428845670012975
28.916666666666668,1346.138496,-1.6428845670012975,0.0,0.0,-1.6428845670012975
28.933333333333334,1346.202435,-1.6428845670012975,0.0,0.0,-1.6428845670012975
28.95,1346.277674,-1.6428845670012975,0.0,0.0,-1.6428845670012975
28.966666666666665,1346.363265,-1.6428845670012975,0.0,0.0,-1.6428845670012975
28.983333333333334,1346.458783,-1.6428845670012975,0.0,0.0,-1.6428845670012975
29.0,1346.563497,-1.6428845670012975,0.0,0.0,-1.6428845670012975
29.016666666666666,1346.675703,-1.6428845670012975,0.0,0.0,-1.6428845670012975
29.033333333333335,1346.794669,-1.6428845670012975,0.0,0.0,-1.6428845670012975
29.05,1346.919972,-1.6428845670012975,0.0,0.0,-1.6428845670012975
29.066666666666666,1347.050661,-1.6428845670012975,0.0,0.0,-1.6428845670012975
29.083333333333332,1347.186336,-1.6428845670012975,0.0,0.0,-1.6428845670012975
29.1,1347.326967,-1.6428845670012975,0.0,0.0,-1.6428845670012975
29.116666666666667,1347.472507,-1.6428845670012975,0.0,0.0,-1.6428845670012975
29.133333333333333,1347.622939,-1.6428845670012975,0.0,0.0,-1.6428845670012975
29.15,1347.778265,-1.6428845670012975,0.0,0.0,-1.6428845670012975
29.166666666666668,1347.938489,-1.6428845670012975,0.0,0.0,-1.6428845670012975
29.183333333333334,1348.103608,-1.6428845670012975,0.0,0.0,-1.6428845670012975
29.2,1348.273446,-1.6428845670012975,0.0,0.0,-1.6428845670012975
29.216666666666665,1348.447575,-1.6428845670012975,0.0,0.0,-1.6428845670012975
29.233333333333334,1348.625808,-1.6428845670012975,0.0,0.0,-1.6428845670012975
29.25,1348.807822,-1.6428845670012975,0.0,0.0,-1.6428845670012975
29.266666666666666,1348.992865,-1.6428845670012975,0.0,0.0,-1.6428845670012975
29.283333333333335,1349.180613,-1.6428845670012975,0.0,0.0,-1.6428845670012975
29.3,1349.370881,-1.6428845670012975,0.0,0.0,-1.6428845670012975
29.316666666666666,1349.563251,-1.6428845670012975,0.0,0.0,-1.6428845670012975
29.333333333333332,1349.757548,-1.6428845670012975,0.0,0.0,-1.6428845670012975
29.35,1349.953757,-1.6428845670012975,0.0,0.0,-1.6428845670012975
29.366666666666667,1350.151854,-1.6428845670012975,0.0,0.0,-1.6428845670012975
29.383333333333333,1350.351829,-1.6428845670012975,0.0,0.0,-1.6428845670012975
29.4,1350.553689,-1.6428845670012975,0.0,0.0,-1.6428845670012975
29.416666666666668,1350.757451,-1.6428845670012975,0.0,0.0,-1.6428845670012975
29.433333333333334,1350.963122,-1.6428845670012975,0.0,0.0,-1.6428845670012975
29.45,1351.170703,-1.6428845670012975,0.0,0.0,-1.6428845670012975
29.466666666666665,1351.380192,-1.6428845670012975,0.0,0.0,-1.6428845670012975
29.483333333333334,1351.591592,-1.6428845670012975,0.0,0.0,-1.6428845670012975
29.5,1351.804902,-1.6428845670012975,0.0,0.0,-1.6428845670012975
29.516666666666666,1352.020126,-1.6428845670012975,0.0,0.0,-1.6428845670012975
29.533333333333335,1352.237264,-1.6428845670012975,0.0,0.0,-1.6428845670012975
29.55,1352.456317,-1.6428845670012975,0.0,0.0,-1.6428845670012975
29.566666666666666,1352.677289,-1.6428845670012975,0.0,0.0,-1.6428845670012975
29.583333333333332,1352.900179,-1.6428845670012975,0.0,0.0,-1.6428845670012975
29.6,1353.124984,-1.6428845670012975,0.0,0.0,-1.6428845670012975
29.616666666666667,1353.35169,-1.6428845670012975,0.0,0.0,-1.6428845670012975
29.633333333333333,1353.58029,-1.6428845670012975,0.0,0.0,-1.6428845670012975
29.65,1353.810796,-1.6428845670012975,0.0,0.0,-1.6428845670012975
29.666666666666668,1354.04323,-1.6428845670012975,0.0,0.0,-1.6428845670012975
29.683333333333334,1354.277604,-1.6428845670012975,0.0,0.0,-1.6428845670012975
29.7,1354.514076,-1.6428845670012975,0.0,0.0,-1.6428845670012975
29.716666666666665,1354.753012,-1.6428845670012975,0.0,0.0,-1.6428845670012975
29.733333333333334,1354.994578,-1.6428845670012975,0.0,0.0,-1.6428845670012975
29.75,1355.239058,-1.6428845670012975,0.0,0.0,-1.6428845670012975
29.766666666666666,1355.487116,-1.6428845670012975,0.0,0.0,-1.6428845670012975
29.783333333333335,1355.739037,-1.6428845670012975,0.0,0.0,-1.6428845670012975
29.8,1355.99499,-1.6428845670012975,0.0,0.0,-1.6428845670012975
29.816666666666666,1356.255349,-1.6428845670012975,0.0,0.0,-1.6428845670012975
29.833333333333332,1356.520273,-1.6428845670012975,0.0,0.0,-1.6428845670012975
29.85,1356.789769,-1.6428845670012975,0.0,0.0,-1.6428845670012975
29.866666666666667,1357.063834,-1.6428845670012975,0.0,0.0,-1.6428845670012975
29.883333333333333,1357.34247,-1.6428845670012975,0.0,0.0,-1.6428845670012975
29.9,1357.625694,-1.6428845670012975,0.0,0.0,-1.6428845670012975
29.916666666666668,1357.91355,-1.4382727978301855,0.0,0.0,-1.4382727978301855
29.933333333333334,1358.206067,-1.1012869746148166,0.0,0.0,-1.1012869746148166
29.95,1358.503597,-1.095256378000865,0.0,0.0,-1.095256378000865
29.966666666666665,1358.806971,-1.095256378000865,0.0,0.0,-1.095256378000865
29.983333333333334,1359.116565,-1.095256378000865,0.0,0.0,-1.095256378000865
30.0,1359.43302,-1.095256378000865,0.0,0.0,-1.095256378000865
30.016666666666666,1359.757827,-1.095256378000865,0.0,0.0,-1.095256378000865
30.033333333333335,1360.091628,-1.095256378000865,0.0,0.0,-1.095256378000865
30.05,1360.434801,-1.4974878542264274,0.0,-0.4022314762255624,-1.095256378000865
30.066666666666666,1360.788178,-1.552406866209934,0.0,-0.4571504882090688,-1.095256378000865
30.083333333333332,1361.152115,-1.552406866209934,0.0,-0.4571504882090688,-1.095256378000865
30.1,1361.526645,-1.552406866209934,0.0,-0.4571504882090688,-1.095256378000865
30.116666666666667,1361.911814,-1.552406866209934,0.0,-0.4571504882090688,-1.095256378000865
30.133333333333333,1362.307644,-1.552406866209934,0.0,-0.4571504882090688,-1.095256378000865
30.15,1362.71414,-1.552406866209934,0.0,-0.4571504882090688,-1.095256378000865
30.166666666666668,1363.131305,-1.552406866209934,0.0,-0.4571504882090688,-1.095256378000865
30.183333333333334,1363.55915,-1.552406866209934,0.0,-0.4571504882090688,-1.095256378000865
30.2,1363.997839,-1.552406866209934,0.0,-0.4571504882090688,-1.095256378000865
30.216666666666665,1364.447759,-1.552406866209934,0.0,-0.4571504882090688,-1.095256378000865
30.233333333333334,1364.909084,-1.552406866209934,0.0,-0.4571504882090688,-1.095256378000865
30.25,1365.38211,-1.552406866209934,0.0,-0.4571504882090688,-1.095256378000865
30.266666666666666,1365.867514,-1.552406866209934,0.0,-0.4571504882090688,-1.095256378000865
30.283333333333335,1366.365593,-1.104018808811253,0.0,-0.008762430810387979,-1.095256378000865
30.3,1366.876521,-1.095256378000865,0.0,0.0,-1.095256378000865
30.316666666666666,1367.400678,-1.095256378000865,0.0,0.0,-1.095256378000865
30.333333333333332,1367.938231,-1.095256378000865,0.0,0.0,-1.095256378000865
30.35,1368.489203,-1.095256378000865,0.0,0.0,-1.095256378000865
30.366666666666667,1369.053625,-1.095256378000865,0.0,0.0,-1.095256378000865
30.383333333333333,1369.631518,-1.095256378000865,0.0,0.0,-1.095256378000865
30.4,1370.222886,-1.095256378000865,0.0,0.0,-1.095256378000865
30.416666666666668,1370.827725,-1.095256378000865,0.0,0.0,-1.095256378000865
30.433333333333334,1371.446042,-1.095256378000865,0.0,0.0,-1.095256378000865
30.45,1372.077851,-1.095256378000865,0.0,0.0,-1.095256378000865
30.466666666666665,1372.723173,-1.095256378000865,0.0,0.0,-1.095256378000865
30.483333333333334,1373.382024,-1.095256378000865,0.0,0.0,-1.095256378000865
30.5,1374.05442,-1.095256378000865,0.0,0.0,-1.095256378000865
30.516666666666666,1374.740388,-1.095256378000865,0.0,0.0,-1.095256378000865
30.533333333333335,1375.439947,-1.095256378000865,0.0,0.0,-1.095256378000865
30.55,1376.153112,-1.095256378000865,0.0,0.0,-1.095256378000865
30.566666666666666,1376.879903,-1.095256378000865,0.0,0.0,-1.095256378000865
30.583333333333332,1377.620337,-1.095256378000865,0.0,0.0,-1.095256378000865
30.6,1378.374431,-1.095256378000865,0.0,0.0,-1.095256378000865
30.616666666666667,1379.142214,-1.4974878542264156,0.0,0.0,-1.4974878542264156
30.633333333333333,1379.923705,-1.5524068662099206,0.0,0.0,-1.5524068662099206
30.65,1380.718911,-1.5524068662099206,0.0,0.0,-1.5524068662099206
30.666666666666668,1381.527824,-1.5524068662099206,0.0,0.0,-1.5524068662099206
30.683333333333334,1382.350449,-1.5524068662099206,0.0,0.0,-1.5524068662099206
30.7,1383.186658,-1.5524068662099206,0.0,0.0,-1.5524068662099206
30.716666666666665,1384.03613,-2.0302580967952757,0.0,0.0,-2.0302580967952757
30.733333333333334,1384.898731,-2.1000350552103897,0.0,0.0,-2.1000350552103897
30.75,1385.774215,-2.1000350552103897,0.0,0.0,-2.1000350552103897
30.766666666666666,1386.661991,-2.5778862857957128,-0.4778512305853233,0.0,-2.1000350552103897
30.783333333333335,1387.561815,-2.6476632442108223,-0.5476281890004325,0.0,-2.1000350552103897
30.8,1388.473546,-2.6476632442108223,-0.5476281890004325,0.0,-2.1000350552103897
30.816666666666666,1389.396859,-2.6476632442108223,-0.5476281890004325,0.0,-2.1000350552103897
30.833333333333332,1390.331623,-2.6476632442108223,-0.5476281890004325,0.0,-2.1000350552103897
30.85,1391.277848,-2.6476632442108223,-0.5476281890004325,0.0,-2.1000350552103897
30.866666666666667,1392.235552,-2.6476632442108223,-0.5476281890004325,0.0,-2.1000350552103897
30.883333333333333,1393.204752,-2.6476632442108223,-0.5476281890004325,0.0,-2.1000350552103897
30.9,1394.185445,-3.1255144747961454,-1.0254794195857557,0.0,-2.1000350552103897
30.916666666666668,1395.177609,-3.1952914332112545,-1.095256378000865,0.0,-2.1000350552103897
30.933333333333334,1396.181231,-3.1952914332112545,-1.095256378000865,0.0,-2.1000350552103897
30.95,1397.196,-3.1952914332112545,-1.095256378000865,0.0,-2.1000350552103897
30.966666666666665,1398.221152,-3.1952914332112545,-1.095256378000865,0.0,-2.1000350552103897
30.983333333333334,1399.256353,-3.1952914332112545,-1.095256378000865,0.0,-2.1000350552103897
31.0,1400.301018,-3.1952914332112545,-1.095256378000865,0.0,-2.1000350552103897
31.016666666666666,1401.353766,-3.1952914332112545,-1.095256378000865,0.0,-2.1000350552103897
31.033333333333335,1402.414009,-3.1952914332112545,-1.095256378000865,0.0,-2.1000350552103897
31.05,1403.48141,-3.1952914332112545,-1.095256378000865,0.0,-2.1000350552103897
31.066666666666666,1404.555201,-3.1952914332112545,-1.095256378000865,0.0,-2.1000350552103897
31.083333333333332,1405.635064,-3.1952914332112545,-1.095256378000865,0.0,-2.1000350552103897
31.1,1406.72098,-3.1952914332112545,-1.095256378000865,0.0,-2.1000350552103897
31.116666666666667,1407.81292,-3.1952914332112545,-1.095256378000865,0.0,-2.1000350552103897
31.133333333333333,1408.910877,-3.1952914332112545,-1.095256378000865,0.0,-2.1000350552103897
31.15,1410.014859,-3.1952914332112545,-1.095256378000865,0.0,-2.1000350552103897
31.166666666666668,1411.124878,-3.1952914332112545,-1.095256378000865,0.0,-2.1000350552103897
31.183333333333334,1412.240939,-3.1952914332112545,-1.095256378000865,0.0,-2.1000350552103897
31.2,1413.362903,-3.1952914332112545,-1.095256378000865,0.0,-2.1000350552103897
31.216666666666665,1414.49043,-3.1952914332112545,-1.095256378000865,0.0,-2.1000350552103897
31.233333333333334,1415.623373,-3.1952914332112545,-1.095256378000865,0.0,-2.1000350552103897
31.25,1416.761474,-3.1952914332112545,-1.095256378000865,0.0,-2.1000350552103897
31.266666666666666,1417.904125,-3.1952914332112545,-1.095256378000865,0.0,-2.1000350552103897
31.283333333333335,1419.051069,-3.1952914332112545,-1.095256378000865,0.0,-2.1000350552103897
31.3,1420.202158,-3.1952914332112545,-1.095256378000865,0.0,-2.1000350552103897
31.316666666666666,1421.357057,-3.1952914332112545,-1.095256378000865,0.0,-2.1000350552103897
31.333333333333332,1422.515629,-3.1952914332112545,-1.095256378000865,0.0,-2.1000350552103897
31.35,1423.677865,-3.1952914332112545,-1.095256378000865,0.0,-2.1000350552103897
31.366666666666667,1424.843752,-3.1952914332112545,-1.095256378000865,0.0,-2.1000350552103897
31.383333333333333,1426.013289,-3.1952914332112545,-1.095256378000865,0.0,-2.1000350552103897
31.4,1427.186483,-3.1952914332112545,-1.095256378000865,0.0,-2.1000350552103897
31.416666666666668,1428.363354,-3.1952914332112545,-1.095256378000865,0.0,-2.1000350552103897
31.433333333333334,1429.543912,-3.673142663796578,-1.095256378000865,-0.4778512305853233,-2.1000350552103897
31.45,1430.728157,-3.742919622211687,-1.095256378000865,-0.5476281890004325,-2.1000350552103897
31.466666666666665,1431.916085,-3.742919622211687,-1.095256378000865,-0.5476281890004325,-2.1000350552103897
31.483333333333334,1433.107696,-3.742919622211687,-1.095256378000865,-0.5476281890004325,-2.1000350552103897
31.5,1434.30299,-3.742919622211687,-1.095256378000865,-0.5476281890004325,-2.1000350552103897
31.516666666666666,1435.501956,-3.742919622211687,-1.095256378000865,-0.5476281890004325,-2.1000350552103897
31.533333333333335,1436.704592,-3.742919622211687,-1.095256378000865,-0.5476281890004325,-2.1000350552103897
31.55,1437.910899,-3.742919622211687,-1.095256378000865,-0.5476281890004325,-2.1000350552103897
31.566666666666666,1439.120873,-3.742919622211687,-1.095256378000865,-0.5476281890004325,-2.1000350552103897
31.583333333333332,1440.334515,-3.742919622211687,-1.095256378000865,-0.5476281890004325,-2.1000350552103897
31.6,1441.551833,-3.742919622211687,-1.095256378000865,-0.5476281890004325,-2.1000350552103897
31.616666666666667,1442.772845,-3.742919622211687,-1.095256378000865,-0.5476281890004325,-2.1000350552103897
31.633333333333333,1443.99756,-3.742919622211687,-1.095256378000865,-0.5476281890004325,-2.1000350552103897
31.65,1445.225976,-3.742919622211687,-1.095256378000865,-0.5476281890004325,-2.1000350552103897
31.666666666666668,1446.458081,-3.742919622211687,-1.095256378000865,-0.5476281890004325,-2.1000350552103897
31.683333333333334,1447.693871,-4.220770852797011,-1.095256378000865,-1.0254794195857557,-2.1000350552103897
31.7,1448.933224,-4.29054781121212,-1.095256378000865,-1.095256378000865,-2.1000350552103897
31.716666666666665,1450.175844,-4.29054781121212,-1.095256378000865,-1.095256378000865,-2.1000350552103897
31.733333333333334,1451.421601,-4.29054781121212,-1.095256378000865,-1.095256378000865,-2.1000350552103897
31.75,1452.670266,-4.29054781121212,-1.095256378000865,-1.095256378000865,-2.1000350552103897
31.766666666666666,1453.9213,-4.29054781121212,-1.095256378000865,-1.095256378000865,-2.1000350552103897
31.783333333333335,1455.174472,-4.29054781121212,-1.095256378000865,-1.095256378000865,-2.1000350552103897
31.8,1456.42965,-4.29054781121212,-1.095256378000865,-1.095256378000865,-2.1000350552103897
31.816666666666666,1457.686527,-4.608604211828153,-1.095256378000865,-1.413312778616898,-2.1000350552103897
31.833333333333332,1458.944978,-5.071691728531851,-1.095256378000865,-1.8764002953205967,-2.1000350552103897
31.85,1460.205,-5.141468686946961,-1.095256378000865,-1.9461772537357063,-2.1000350552103897
31.866666666666667,1461.466599,-5.459525087562994,-1.095256378000865,-2.264233654351739,-2.1000350552103897
31.883333333333333,1462.729776,-5.44476137368137,-1.095256378000865,-2.2494699404701146,-2.1000350552103897
31.9,1463.99452,-5.922612604266693,-1.5731076085861884,-2.2494699404701146,-2.1000350552103897
31.916666666666668,1465.2608,-5.992389562681803,-1.6428845670012975,-2.2494699404701146,-2.1000350552103897
31.933333333333334,1466.528595,-5.992389562681803,-1.6428845670012975,-2.2494699404701146,-2.1000350552103897
31.95,1467.797625,-5.992389562681803,-1.6428845670012975,-2.2494699404701146,-2.1000350552103897
31.966666666666665,1469.06722,-5.992389562681803,-1.6428845670012975,-2.2494699404701146,-2.1000350552103897
31.983333333333334,1470.337081,-5.992389562681803,-1.6428845670012975,-2.2494699404701146,-2.1000350552103897
32.0,1471.606694,-5.992389562681803,-1.6428845670012975,-2.2494699404701146,-2.1000350552103897
32.016666666666666,1472.874855,-5.992389562681803,-1.6428845670012975,-2.2494699404701146,-2.1000350552103897
32.03333333333333,1474.141047,-5.992389562681803,-1.6428845670012975,-2.2494699404701146,-2.1000350552103897
32.05,1475.404968,-5.992389562681803,-1.6428845670012975,-2.2494699404701146,-2.1000350552103897
32.06666666666667,1476.665944,-5.77856326102,-1.6428845670012975,-2.2494699404701146,-1.8862087535485874
32.083333333333336,1477.923691,-4.909363470817501,-1.6428845670012975,-1.7129474528876298,-1.5535314509285736
32.1,1479.178179,-4.838461927683775,-2.1207357975866206,-1.1653192638871974,-1.552406866209957
32.11666666666667,1480.429374,-4.897133184680937,-2.19051275600173,-1.1542135624692496,-1.552406866209957
32.13333333333333,1481.677257,-4.897133184680937,-2.19051275600173,-1.1542135624692496,-1.552406866209957
32.15,1482.921823,-4.897133184680937,-2.19051275600173,-1.1542135624692496,-1.552406866209957
32.166666666666664,1484.163073,-4.897133184680937,-2.19051275600173,-1.1542135624692496,-1.552406866209957
32.18333333333333,1485.400998,-4.897133184680937,-2.19051275600173,-1.1542135624692496,-1.552406866209957
32.2,1486.635469,-5.2993646609064875,-2.5927442322272802,-1.1542135624692496,-1.552406866209957
32.21666666666667,1487.866184,-5.832134903475315,-2.647663244210785,-1.6320647930545729,-1.552406866209957
32.233333333333334,1489.093004,-6.379763092475747,-3.125514474796108,-1.701841751469682,-1.552406866209957
32.25,1490.315697,-6.927391281476179,-3.6731426637965408,-1.701841751469682,-1.552406866209957
32.266666666666666,1491.533731,-7.399399716116839,-3.7429196222116503,-1.701841751469682,-1.9546383424355076
32.28333333333333,1492.746872,-7.932169958685668,-4.220770852796973,-1.701841751469682,-2.0095573544190124
32.3,1493.954982,-8.001946917100778,-4.2905478112120825,-1.701841751469682,-2.0095573544190124
32.31666666666667,1495.157763,-8.001946917100778,-4.2905478112120825,-1.701841751469682,-2.0095573544190124
32.333333333333336,1496.355083,-8.001946917100778,-4.2905478112120825,-1.701841751469682,-2.0095573544190124
32.35,1497.546924,-8.001946917100778,-4.2905478112120825,-1.701841751469682,-2.0095573544190124
32.36666666666667,1498.733259,-7.4654244295182925,-3.754025323629598,-1.701841751469682,-2.0095573544190124
32.38333333333333,1499.914074,-7.454318728100345,-3.7429196222116503,-1.701841751469682,-2.0095573544190124
32.4,1501.089366,-7.454318728100345,-3.7429196222116503,-1.701841751469682,-2.0095573544190124
32.416666666666664,1502.259141,-7.454318728100345,-3.7429196222116503,-1.701841751469682,-2.0095573544190124
32.43333333333333,1503.423396,-7.9321699586857,-4.220770852797005,-1.701841751469682,-2.0095573544190124
32.45,1504.582129,-8.001946917100813,-4.290547811212119,-1.701841751469682,-2.0095573544190124
32.46666666666667,1505.735348,-8.001946917100813,-4.290547811212119,-1.701841751469682,-2.0095573544190124
32.483333333333334,1506.88305,-8.001946917100813,-4.290547811212119,-1.701841751469682,-2.0095573544190124
32.5,1508.025238,-8.479798147686136,-4.7683990417974425,-1.701841751469682,-2.0095573544190124
32.516666666666666,1509.161929,-9.505277567271893,-5.793878461383199,-1.701841751469682,-2.0095573544190124
32.53333333333333,1510.293129,-9.644831484102111,-5.933432378213417,-1.701841751469682,-2.0095573544190124
32.55,1511.418835,-9.644831484102111,-5.933432378213417,-1.701841751469682,-2.0095573544190124
32.56666666666667,1512.539059,-10.047062960327661,-6.335663854438967,-1.701841751469682,-2.0095573544190124
32.583333333333336,1513.653801,-10.57983320289649,-6.868434097007795,-1.701841751469682,-2.0095573544190124
32.6,1514.763039,-11.4540731137627,-7.340442531648455,-2.1040732276952325,-2.0095573544190124
32.61666666666667,1515.86673,-11.56391113772971,-7.39536154363196,-2.1589922396787373,-2.0095573544190124
32.63333333333333,1516.964852,-12.36837409018081,-8.19982449608306,-2.1589922396787373,-2.0095573544190124
32.65,1518.057421,-12.47821211414782,-8.30966252005007,-2.1589922396787373,-2.0095573544190124
32.666666666666664,1519.144489,-12.47821211414782,-8.30966252005007,-2.1589922396787373,-2.0095573544190124
32.68333333333333,1520.226086,-12.798281031682041,-8.627718920666103,-2.1610047565969266,-2.0095573544190124
32.7,1521.302623,-12.526130889426133,-8.612955206784479,-2.1798277523202825,-1.7333479303213712
32.71666666666667,1522.375086,-12.270320772929246,-8.612955206784479,-2.1921740957877978,-1.4651914703569693
32.733333333333334,1523.443914,-12.266553964479453,-8.612955206784479,-2.1916695922763934,-1.46192916541858
32.75,1524.509872,-12.657770891982974,-9.015186683010029,-2.1806550435543652,-1.46192916541858
32.766666666666666,1525.574746,-13.649908227411556,-9.070105694993533,-2.6400221364141196,-1.9397803960039033
32.78333333333333,1526.639304,-13.943402162875701,-9.070105694993533,-2.8637391134631565,-2.0095573544190124
32.8,1527.703995,-13.940241399778348,-9.070105694993533,-2.8605783503658024,-2.0095573544190124
32.81666666666667,1528.769833,-13.940141279566399,-9.070105694993533,-2.8604782301538534,-2.0095573544190124
32.833333333333336,1529.837242,-13.940141279566399,-9.070105694993533,-2.8604782301538534,-2.0095573544190124
32.85,1530.906238,-13.940141279566399,-9.070105694993533,-2.8604782301538534,-2.0095573544190124
32.86666666666667,1531.976814,-13.940141279566399,-9.070105694993533,-2.8604782301538534,-2.0095573544190124
32.88333333333333,1533.04897,-14.417992510151754,-9.070105694993533,-3.3383294607392084,-2.0095573544190124
32.9,1534.122753,-14.487769468566867,-9.070105694993533,-3.4081064191543224,-2.0095573544190124
32.916666666666664,1535.198276,-14.890000944792417,-9.472337171219083,-3.4081064191543224,-2.0095573544190124
32.93333333333333,1536.275616,-15.422771187361278,-10.005107413787943,-3.4081064191543224,-2.0095573544190124
32.95,1537.355717,-15.970399376361717,-10.074884372203059,-3.885957649739646,-2.0095573544190124
32.96666666666667,1538.440813,-16.040176334776824,-10.074884372203059,-3.955734608154755,-2.0095573544190124
32.983333333333334,1539.531911,-16.518027565362146,-10.552735602788381,-3.955734608154755,-2.0095573544190124
33.0,1540.630735,-17.543506984947904,-11.578215022374138,-3.955734608154755,-2.0095573544190124
33.016666666666666,1541.741295,-18.160912132363446,-12.195620169789679,-3.955734608154755,-2.0095573544190124
33.03333333333333,1542.865322,-18.70854032136388,-12.26539712820479,-4.433585838740078,-2.0095573544190124
33.05,1544.003833,-18.77831727977899,-12.26539712820479,-4.503362797155187,-2.0095573544190124
33.06666666666667,1545.159074,-18.6207372927394,-12.26539712820479,-4.503362797155187,-1.8519773673794218
33.083333333333336,1546.332007,-17.78701871699228,-12.26539712820479,-3.966840309572703,-1.5547812792147848
33.1,1547.52273,-17.773538602569502,-12.26539712820479,-3.955734608154755,-1.552406866209957
33.11666666666667,1548.731373,-18.175770078795054,-12.26539712820479,-4.357966084380306,-1.552406866209957
33.13333333333333,1549.958006,-19.186391551949264,-13.221099589375498,-4.41288509636381,-1.552406866209957
33.15,1551.202649,-19.325945468779494,-13.360653506205727,-4.41288509636381,-1.552406866209957
33.166666666666664,1552.465318,-19.171685271594793,-13.360653506205727,-4.258624899179109,-1.552406866209957
33.18333333333333,1553.746045,-18.873242072376627,-13.360653506205727,-3.9601816999609443,-1.552406866209957
33.2,1555.045278,-19.27102645679599,-13.360653506205727,-4.357966084380306,-1.552406866209957
33.21666666666667,1556.364033,-19.334274281656775,-13.360653506205727,-4.42121390924109,-1.552406866209957
33.233333333333334,1557.702784,-19.023652067463367,-13.360653506205727,-4.11059169504768,-1.552406866209957
33.25,1559.062317,-19.022652782045085,-13.360653506205727,-4.109592409629402,-1.552406866209957
33.266666666666666,1560.444422,-19.022652782045085,-13.360653506205727,-4.109592409629402,-1.552406866209957
33.28333333333333,1561.849888,-19.827115734496196,-14.165116458656838,-4.109592409629402,-1.552406866209957
33.3,1563.279189,-19.936953758463208,-14.27495448262385,-4.109592409629402,-1.552406866209957
33.31666666666667,1564.733335,-20.414804989048537,-14.27495448262385,-4.5874436402147305,-1.552406866209957
33.333333333333336,1566.212778,-20.484581947463646,-14.27495448262385,-4.6572205986298405,-1.552406866209957
33.35,1567.717594,-20.484581947463646,-14.27495448262385,-4.6572205986298405,-1.552406866209957
33.36666666666667,1569.247882,-20.96243317804896,-14.752805713209161,-4.6572205986298405,-1.552406866209957
33.38333333333333,1570.803708,-20.876106481281397,-14.82258267162427,-4.6572205986298405,-1.3963032110272875
33.4,1572.385098,-20.57932970741608,-14.82258267162427,-4.6572205986298405,-1.0995264371619669
33.416666666666664,1573.992057,-20.575059648255014,-14.82258267162427,-4.6572205986298405,-1.0952563780009017
33.43333333333333,1575.624612,-21.052910878840336,-15.300433902209592,-4.6572205986298405,-1.0952563780009017
33.45,1577.2828,-21.122687837255445,-15.370210860624702,-4.6572205986298405,-1.0952563780009017
33.46666666666667,1578.966649,-20.58616534967296,-15.370210860624702,-4.120698111047355,-1.0952563780009017
33.483333333333334,1580.676199,-20.755665490976938,-15.550816703346628,-4.109592409629407,-1.0952563780009017
33.5,1582.411479,-20.48639883487689,-15.281550047246583,-4.109592409629407,-1.0952563780009017
33.516666666666666,1584.172502,-20.484581947463635,-15.279733159833325,-4.109592409629407,-1.0952563780009017
33.53333333333333,1585.959301,-20.886813423689183,-15.681964636058874,-4.109592409629407,-1.0952563780009017
33.55,1587.771912,-20.941732435672687,-15.736883648042378,-4.109592409629407,-1.0952563780009017
33.56666666666667,1589.610363,-20.941732435672687,-15.736883648042378,-4.109592409629407,-1.0952563780009017
33.583333333333336,1591.474693,-20.941732435672687,-15.736883648042378,-4.109592409629407,-1.0952563780009017
33.6,1593.364971,-20.807441424315755,-15.602592636685445,-4.109592409629407,-1.0952563780009017
33.61666666666667,1595.281294,-20.85125473488131,-15.646405947251,-4.109592409629407,-1.0952563780009017
33.63333333333333,1597.223734,-20.71696372352437,-15.646405947251,-3.5730699220469173,-1.4974878542264516
33.65,1599.192312,-20.760777034089926,-15.646405947251,-3.5619642206289694,-1.5524068662099564
33.666666666666664,1601.187009,-20.749574224840337,-15.646405947251,-3.5507614113793813,-1.5524068662099564
33.68333333333333,1603.207833,-20.615620412222846,-15.646405947251,-3.416807598761889,-1.5524068662099564
33.7,1605.25431,-20.309018280374655,-15.646405947251,-3.1102054669136985,-1.5524068662099564
33.71666666666667,1607.325241,-20.30362654588087,-15.646405947251,-3.104813732419914,-1.5524068662099564
33.733333333333334,1609.420117,-20.30362654588087,-15.646405947251,-3.104813732419914,-1.5524068662099564
33.75,1611.538022,-20.06059509581518,-15.646405947251,-2.861782282354224,-1.5524068662099564
33.766666666666666,1613.676746,-19.761181713384786,-15.646405947251,-2.562368899923829,-1.5524068662099564
33.78333333333333,1615.835365,-20.233849587465762,-16.124257177836324,-2.5571855434194815,-1.5524068662099564
33.8,1618.013353,-20.30362654588087,-16.19403413625143,-2.5571855434194815,-1.5524068662099564
33.81666666666667,1620.209479,-19.767104058298386,-15.65751164866895,-2.5571855434194815,-1.5524068662099564
33.833333333333336,1622.423246,-19.75599835688044,-15.646405947251,-2.5571855434194815,-1.5524068662099564
33.85,1624.654678,-19.75599835688044,-15.646405947251,-2.5571855434194815,-1.5524068662099564
33.86666666666667,1626.903826,-19.219475869297916,-15.646405947251,-2.020663055836961,-1.5524068662099564
33.88333333333333,1629.170732,-19.20837016787997,-15.646405947251,-2.0095573544190124,-1.5524068662099564
33.9,1631.455378,-19.686221398465324,-16.124257177836355,-2.0095573544190124,-1.5524068662099564
33.916666666666664,1633.757667,-21.038312539916866,-17.07411684306235,-2.411788830644563,-1.5524068662099564
33.93333333333333,1636.077545,-20.681405034716505,-17.198812813460965,-1.9301853550455834,-1.5524068662099564
33.95,1638.413876,-21.072530809524103,-17.601044289686513,-1.9190796536276356,-1.5524068662099564
33.96666666666667,1640.763906,-21.12744982150761,-17.65596330167002,-1.9190796536276356,-1.5524068662099564
33.983333333333334,1643.126415,-21.12744982150761,-17.65596330167002,-1.9190796536276356,-1.5524068662099564
34.0,1645.499287,-21.253000040396834,-17.781513520559244,-1.9190796536276356,-1.5524068662099564
34.016666666666666,1647.877541,-20.92067758792383,-17.568668118066036,-1.7996026036478368,-1.5524068662099564
34.03333333333333,1650.259044,-20.983505379705075,-17.96771707710419,-1.4633814363909297,-1.5524068662099564
34.05,1652.642554,-21.03697212071623,-18.022636089087694,-1.46192916541858,-1.5524068662099564
34.06666666666667,1655.02529,-21.03697212071623,-18.022636089087694,-1.46192916541858,-1.5524068662099564
34.083333333333336,1657.406076,-21.43920359694178,-18.022636089087694,-1.46192916541858,-1.9546383424355063
34.1,1659.784812,-21.394358284311295,-17.92382099715717,-1.4609799327351136,-2.009557354419011
34.11666666666667,1662.16136,-20.506622035052867,-17.48354715403325,-1.0135175266006067,-2.009557354419011
34.13333333333333,1664.535658,-20.489343931715798,-17.475007900087263,-1.0047786772095244,-2.009557354419011
34.15,1666.907704,-19.952821444133278,-17.475007900087263,-0.46825618962700405,-2.009557354419011
34.166666666666664,1669.277508,-19.40519325513285,-16.938485412504782,-0.45715048820905546,-2.009557354419011
34.18333333333333,1671.64505,-19.394087553714897,-16.927379711086832,-0.45715048820905546,-2.009557354419011
34.2,1674.009805,-19.394087553714897,-16.927379711086832,-0.45715048820905546,-2.009557354419011
34.21666666666667,1676.370528,-19.394087553714897,-16.927379711086832,-0.45715048820905546,-2.009557354419011
34.233333333333334,1678.726657,-19.87193878430022,-17.405230941672155,-0.45715048820905546,-2.009557354419011
34.25,1681.077241,-19.40519325513285,-16.938485412504782,-0.45715048820905546,-2.009557354419011
34.266666666666666,1683.420078,-19.394087553714897,-16.927379711086832,-0.45715048820905546,-2.009557354419011
34.28333333333333,1685.754209,-19.771708707034463,-16.902769388180847,-0.8593819644346055,-2.009557354419011
34.3,1688.079072,-19.759724234525912,-16.83586590368879,-0.9143009764181103,-2.009557354419011
34.31666666666667,1690.393431,-19.697070116787447,-16.773211785950327,-0.9143009764181103,-2.009557354419011
34.333333333333336,1692.696753,-19.87430109580714,-16.95044276497002,-0.9143009764181103,-2.009557354419011
34.35,1694.988967,-20.25977214333136,-17.33591381249424,-0.9143009764181103,-2.009557354419011
34.36666666666667,1697.269979,-20.245008429449737,-17.321150098612616,-0.9143009764181103,-2.009557354419011
34.38333333333333,1699.539733,-20.245008429449737,-17.321150098612616,-0.9143009764181103,-2.009557354419011
34.4,1701.798227,-20.141328124635027,-17.217469793797907,-0.9143009764181103,-2.009557354419011
34.416666666666664,1704.045483,-19.79416156135953,-16.87030323052241,-0.9143009764181103,-2.009557354419011
34.43333333333333,1706.281498,-19.787857941240684,-16.863999610403564,-0.9143009764181103,-2.009557354419011
34.45,1708.506255,-19.76077984713801,-16.83692151630089,-0.9143009764181103,-2.009557354419011
34.46666666666667,1710.719748,-19.33880485769841,-16.41494652686129,-0.9143009764181103,-2.009557354419011
34.483333333333334,1712.921961,-19.808558683616955,-16.884700352779834,-0.9143009764181103,-2.009557354419011
34.5,1715.112886,-20.356186872617386,-17.432328541780265,-0.9143009764181103,-2.009557354419011
34.516666666666666,1717.292539,-20.744020231648527,-17.820161900811406,-0.9143009764181103,-2.009557354419011
34.53333333333333,1719.460911,-20.19273403018442,-17.268875699347298,-0.9143009764181103,-2.009557354419011
34.55,1721.61799,-20.659479559351794,-17.735621228514674,-0.9143009764181103,-2.009557354419011
34.56666666666667,1723.763778,-21.684958978937534,-18.761100648100413,-0.9143009764181103,-2.009557354419011
34.583333333333336,1725.898262,-21.82451289576775,-18.90065456493063,-0.9143009764181103,-2.009557354419011
34.6,1728.021402,-22.226744371993302,-18.90065456493063,-1.3165324526436604,-2.009557354419011
34.61666666666667,1730.133133,-21.896737614259184,-18.732075612902637,-1.371451464627165,-1.7932105367293825
34.63333333333333,1732.233413,-20.83444838981631,-18.000003992311573,-1.371451464627165,-1.4629929328775717
34.65,1734.322251,-20.81973421855823,-17.986353588512525,-1.371451464627165,-1.461929165418542
34.666666666666664,1736.399692,-20.81973421855823,-17.986353588512525,-1.371451464627165,-1.461929165418542
34.68333333333333,1738.465762,-21.22196569478378,-18.388585064738074,-1.371451464627165,-1.461929165418542
34.7,1740.520936,-21.754735937352603,-18.921355307306897,-1.371451464627165,-1.461929165418542
34.71666666666667,1742.566383,-22.302364126353034,-19.468983496307327,-1.371451464627165,-1.461929165418542
34.733333333333334,1744.602616,-22.372141084768145,-19.53876045472244,-1.371451464627165,-1.461929165418542
34.75,1746.630535,-22.372141084768145,-19.53876045472244,-1.371451464627165,-1.461929165418542
34.766666666666666,1748.652266,-22.372141084768145,-19.53876045472244,-1.371451464627165,-1.461929165418542
34.78333333333333,1750.668715,-22.372141084768145,-19.53876045472244,-1.371451464627165,-1.461929165418542
34.8,1752.680413,-22.372141084768145,-19.53876045472244,-1.371451464627165,-1.461929165418542
34.81666666666667,1754.688558,-23.654455267804597,-20.82107463775889,-1.371451464627165,-1.461929165418542
34.833333333333336,1756.693653,-23.834070250186723,-21.000689620141017,-1.371451464627165,-1.461929165418542
34.85,1758.695704,-23.834070250186723,-21.000689620141017,-1.371451464627165,-1.461929165418542
34.86666666666667,1760.694699,-23.834070250186723,-21.000689620141017,-1.371451464627165,-1.461929165418542
34.88333333333333,1762.690628,-23.804219494616035,-20.97083886457033,-1.371451464627165,-1.461929165418542
34.9,1764.683541,-23.830723374720552,-20.997342744674846,-1.371451464627165,-1.461929165418542
34.916666666666664,1766.673562,-24.23532736822753,-20.999715261956272,-1.7736829408527155,-1.461929165418542
34.93333333333333,1768.660776,-24.468158144597556,-20.69977579575747,-2.3064531834215436,-1.461929165418542
34.95,1770.646292,-24.473728881490853,-20.697396933406605,-2.3144027826657063,-1.461929165418542
34.96666666666667,1772.63275,-24.08567324353764,-20.697396933406605,-1.9263471447124962,-1.461929165418542
34.983333333333334,1774.621336,-24.078405752452746,-20.697396933406605,-1.919079653627598,-1.461929165418542
35.0,1776.614086,-24.078405752452746,-20.697396933406605,-1.919079653627598,-1.461929165418542
35.016666666666666,1778.615748,-24.078405752452746,-20.697396933406605,-1.919079653627598,-1.461929165418542
35.03333333333333,1780.628368,-24.480637228678294,-20.697396933406605,-2.3213111298531484,-1.461929165418542
35.05,1782.653149,-24.535556240661798,-20.697396933406605,-2.3762301418366527,-1.461929165418542
35.06666666666667,1784.692752,-24.535556240661798,-20.697396933406605,-2.3762301418366527,-1.461929165418542
35.083333333333336,1786.748316,-24.306225121114302,-20.697396933406605,-2.146899022289155,-1.461929165418542
35.1,1788.819959,-23.993409548044745,-20.697396933406605,-1.8340834492196003,-1.461929165418542
35.11666666666667,1790.907836,-23.987928051661367,-20.697396933406605,-1.8286019528362203,-1.461929165418542
35.13333333333333,1793.01203,-23.987928051661367,-20.697396933406605,-1.8286019528362203,-1.461929165418542
35.15,1795.132567,-24.46577928224669,-21.175248163991927,-1.8286019528362203,-1.461929165418542
35.166666666666664,1797.269466,-24.535556240661798,-21.245025122407036,-1.8286019528362203,-1.461929165418542
35.18333333333333,1799.42277,-24.40014724306567,-21.10961612481091,-1.8286019528362203,-1.461929165418542
35.2,1801.59301,-24.875653673030847,-21.585122554776085,-1.8286019528362203,-1.461929165418542
35.21666666666667,1803.781408,-24.87324869320708,-21.702175610616127,-1.8286019528362203,-1.342471129754732
35.233333333333334,1805.988532,-24.939185407934158,-21.702175610616127,-2.23083342906177,-1.0061763682562601
35.25,1808.215322,-24.99270672887089,-21.702175610616127,-2.285752441045275,-1.0047786772094873
35.266666666666666,1810.463924,-25.78861436007223,-22.49808324181747,-2.285752441045275,-1.0047786772094873
35.28333333333333,1812.735286,-26.161684005221748,-22.871152886966986,-2.285752441045275,-1.0047786772094873
35.3,1815.029975,-26.005483586885404,-22.714952468630642,-2.285752441045275,-1.0047786772094873
35.31666666666667,1817.349206,-25.629188536157024,-22.33865741790226,-2.285752441045275,-1.0047786772094873
35.333333333333336,1819.693519,-25.553740000467457,-22.263208882212695,-2.285752441045275,-1.0047786772094873
35.35,1822.063009,-25.456680278533774,-22.166149160279012,-2.285752441045275,-1.0047786772094873
35.36666666666667,1824.457795,-25.536985158970875,-21.76860281013079,-2.7636036716305985,-1.0047786772094873
35.38333333333333,1826.877957,-26.001899333525472,-21.68588879568492,-2.833380630045708,-1.4826299077948426
35.4,1829.323525,-25.696724027562524,-21.31093653130686,-2.833380630045708,-1.5524068662099564
35.416666666666664,1831.794509,-25.689769803131114,-21.303982306875447,-2.833380630045708,-1.5524068662099564
35.43333333333333,1834.290942,-25.689769803131114,-21.303982306875447,-2.833380630045708,-1.5524068662099564
35.45,1836.812873,-25.689769803131114,-21.303982306875447,-2.833380630045708,-1.5524068662099564
35.46666666666667,1839.360352,-25.689769803131114,-21.303982306875447,-2.833380630045708,-1.5524068662099564
35.483333333333334,1841.93343,-26.09200127935666,-21.706213783100992,-2.833380630045708,-1.5524068662099564
35.5,1844.532154,-26.339024925559272,-22.1179427885493,-2.668675270800017,-1.5524068662099564
35.516666666666666,1847.156565,-26.1036557964361,-21.76878878762664,-2.3802286663739554,-1.9546383424355063
35.53333333333333,1849.806711,-26.14692029134016,-21.761132795084496,-2.376230141836653,-2.009557354419011
35.55,1852.482642,-26.14692029134016,-21.761132795084496,-2.376230141836653,-2.009557354419011
35.56666666666667,1855.184401,-26.14692029134016,-21.761132795084496,-2.376230141836653,-2.009557354419011
35.583333333333336,1857.912042,-26.497406380976813,-21.761132795084496,-2.7267162314733047,-2.009557354419011
35.6,1860.665645,-25.93223825516191,-21.45486996243677,-2.4678109383061275,-2.009557354419011
35.61666666666667,1863.445332,-25.167137119913985,-20.851772990269527,-2.46670784262803,-1.8486562870164271
35.63333333333333,1866.251187,-24.870996890761145,-20.84683181866639,-2.46670784262803,-1.5574572294667228
35.65,1869.083229,-24.329424039921893,-20.84683181866639,-1.9301853550455454,-1.5524068662099564
35.666666666666664,1871.941421,-24.195947879474225,-20.72446135963667,-1.9190796536275976,-1.5524068662099564
35.68333333333333,1874.825764,-23.86280848264073,-20.391321962803175,-1.9190796536275976,-1.5524068662099564
35.7,1877.73562,-23.366623211723105,-20.343524749284217,-1.4706915962289304,-1.5524068662099564
35.71666666666667,1880.669395,-23.398502461091287,-20.384166429462788,-1.4619291654185427,-1.5524068662099564
35.733333333333334,1883.626409,-22.95549257191266,-19.94115654028416,-1.4619291654185427,-1.5524068662099564
35.75,1886.605434,-22.712898204616096,-19.932530842248287,-1.227960496157852,-1.5524068662099564
35.766666666666666,1889.603543,-22.401298878144544,-19.932530842248287,-0.9163611696863015,-1.5524068662099564
35.78333333333333,1892.619502,-22.877089915461674,-20.41038207283361,-0.9143009764181103,-1.5524068662099564
35.8,1895.6526,-22.946866873876786,-20.480159031248718,-0.9143009764181103,-1.5524068662099564
35.81666666666667,1898.701199,-23.424718104462112,-20.480159031248718,-1.3921522070034384,-1.5524068662099564
35.833333333333336,1901.764626,-23.89672653910277,-20.882390507474263,-1.4619291654185484,-1.5524068662099564
35.85,1904.842897,-23.957939332522603,-20.943603300894097,-1.4619291654185484,-1.5524068662099564
35.86666666666667,1907.936063,-23.650649805340368,-20.636313773711862,-1.4619291654185484,-1.5524068662099564
35.88333333333333,1911.044165,-23.648352864351867,-20.63401683272336,-1.4619291654185484,-1.5524068662099564
35.9,1914.167158,-23.648352864351867,-20.63401683272336,-1.4619291654185484,-1.5524068662099564
35.916666666666664,1917.304899,-23.648352864351867,-20.63401683272336,-1.4619291654185484,-1.5524068662099564
35.93333333333333,1920.457294,-22.838934966511218,-19.82459893488271,-1.4619291654185484,-1.5524068662099564
35.95,1923.622812,-22.555968003777235,-19.54163197214873,-1.4619291654185484,-1.5524068662099564
35.96666666666667,1926.797763,-22.95532796257657,-19.940991930948062,-1.4619291654185484,-1.5524068662099564
35.983333333333334,1929.980501,-23.010246974560072,-19.995910942931566,-1.4619291654185484,-1.5524068662099564
36.0,1933.168185,-23.010246974560072,-19.995910942931566,-1.4619291654185484,-1.5524068662099564
36.016666666666666,1936.354157,-23.010246974560072,-19.995910942931566,-1.4619291654185484,-1.5524068662099564
36.03333333333333,1939.535551,-23.010246974560072,-19.995910942931566,-1.4619291654185484,-1.5524068662099564
36.05,1942.710693,-22.811146300571743,-19.796810268943236,-1.4619291654185484,-1.5524068662099564
36.06666666666667,1945.875851,-22.46877374745501,-19.454437715826504,-1.4619291654185484,-1.5524068662099564
36.083333333333336,1949.029438,-22.471281137084272,-19.456945105455766,-1.4619291654185484,-1.5524068662099564
36.1,1952.171298,-22.292136913523628,-19.27780088189512,-1.4619291654185484,-1.5524068662099564
36.11666666666667,1955.301227,-22.54019453934095,-19.525858507712442,-1.4619291654185484,-1.5524068662099564
36.13333333333333,1958.41912,-22.65087166604819,-19.636535634419683,-1.4619291654185484,-1.5524068662099564
36.15,1961.524953,-22.920072492762923,-19.50350498490887,-1.864160641644099,-1.5524068662099564
36.166666666666664,1964.618713,-22.970607168243284,-19.49912064840572,-1.9190796536276038,-1.5524068662099564
36.18333333333333,1967.700359,-22.746787161929568,-19.27530064209201,-1.9190796536276038,-1.5524068662099564
36.2,1970.769163,-22.233164154116714,-18.761677634279156,-1.9190796536276038,-1.5524068662099564
36.21666666666667,1973.823439,-22.063869487172703,-18.592382967335144,-1.9190796536276038,-1.5524068662099564
36.233333333333334,1976.862415,-20.987993656137235,-17.516507136299673,-1.9190796536276038,-1.5524068662099564
36.25,1979.884797,-21.043393440274166,-17.571906920436604,-1.9190796536276038,-1.5524068662099564
36.266666666666666,1982.887614,-20.678222700424143,-17.206736180586585,-1.9190796536276038,-1.5524068662099564
36.28333333333333,1985.869569,-20.670299333298587,-17.198812813461025,-1.9190796536276038,-1.5524068662099564
36.3,1988.829883,-21.474762285749684,-17.601044289686573,-1.9190796536276038,-1.9546383424355063
36.31666666666667,1991.766889,-21.58460030971669,-17.655963301670077,-1.9190796536276038,-2.009557354419011
36.333333333333336,1994.67985,-21.58460030971669,-17.655963301670077,-1.9190796536276038,-2.009557354419011
36.35,1997.568653,-22.062451540302003,-18.13381453225539,-1.9190796536276038,-2.009557354419011
36.36666666666667,2000.433153,-22.009829463484493,-18.203591490670497,-1.7966806183949828,-2.009557354419011
36.38333333333333,2003.273259,-21.592558473440473,-18.203591490670497,-1.3794096283509656,-2.009557354419011
36.4,2006.088945,-21.584600309716674,-18.203591490670497,-1.3714514646271656,-2.009557354419011
36.416666666666664,2008.880225,-21.584600309716674,-18.203591490670497,-1.3714514646271656,-2.009557354419011
36.43333333333333,2011.647073,-21.584600309716674,-18.203591490670497,-1.3714514646271656,-2.009557354419011
36.45,2014.389443,-21.584600309716674,-18.203591490670497,-1.3714514646271656,-2.009557354419011
36.46666666666667,2017.107288,-21.311853643066925,-17.93084482402075,-1.3714514646271656,-2.009557354419011
36.483333333333334,2019.800562,-21.03983798235147,-17.658829163305295,-1.3714514646271656,-2.009557354419011
36.5,2022.469224,-21.036972120716243,-17.655963301670067,-1.3714514646271656,-2.009557354419011
36.516666666666666,2025.113242,-20.995610305256825,-17.655963301670067,-1.3300896491677459,-2.009557354419011
36.53333333333333,2027.732573,-20.49636084158348,-17.564749464347617,-0.9220540228168523,-2.009557354419011
36.55,2030.327178,-20.35897900933493,-17.43512067849781,-0.9143009764181103,-2.009557354419011
36.56666666666667,2032.897021,-20.335486130241176,-17.411627799404055,-0.9143009764181103,-2.009557354419011
36.583333333333336,2035.442061,-20.335486130241176,-17.411627799404055,-0.9143009764181103,-2.009557354419011
36.6,2037.962233,-20.335486130241176,-17.411627799404055,-0.9143009764181103,-2.009557354419011
36.61666666666667,2040.457451,-20.335486130241176,-17.411627799404055,-0.9143009764181103,-2.009557354419011
36.63333333333333,2042.927647,-20.335486130241176,-17.411627799404055,-0.9143009764181103,-2.009557354419011
36.65,2045.372812,-19.798963642658133,-16.875105311821013,-0.9143009764181103,-2.009557354419011
36.666666666666664,2047.792967,-19.78785794124071,-16.86399961040359,-0.9143009764181103,-2.009557354419011
36.68333333333333,2050.188117,-19.78785794124071,-16.86399961040359,-0.9143009764181103,-2.009557354419011
36.7,2052.558719,-19.668172552868413,-16.744314222031292,-0.9143009764181103,-2.009557354419011
36.71666666666667,2054.905925,-19.73442485395167,-16.81056652311455,-0.9143009764181103,-2.009557354419011
36.733333333333334,2057.230228,-19.78785794124071,-16.86399961040359,-0.9143009764181103,-2.009557354419011
36.75,2059.532511,-19.78785794124071,-16.86399961040359,-0.9143009764181103,-2.009557354419011
36.766666666666666,2061.814884,-19.51771431943656,-16.191624512373878,-0.9143009764181103,-2.4117888306445736
36.78333333333333,2064.078239,-19.245819445120524,-15.864810626074336,-0.9143009764181103,-2.4667078426280797
36.8,2066.323084,-19.240229752240257,-15.859220933194068,-0.9143009764181103,-2.4667078426280797
36.81666666666667,2068.550602,-19.015117402488215,-15.859220933194068,-0.9143009764181103,-2.2415954928760384
36.833333333333336,2070.761275,-18.99353063190583,-16.33707216377933,-0.7318046191836194,-1.9246538489428835
36.85,2072.955093,-18.786014582241872,-16.406849122194505,-0.46008580641972163,-1.9190796536276473
36.86666666666667,2075.132016,-18.78307926403121,-16.406849122194505,-0.45715048820905474,-1.9190796536276473
36.88333333333333,2077.292016,-18.78307926403121,-16.406849122194505,-0.45715048820905474,-1.9190796536276473
36.9,2079.435125,-18.78307926403121,-16.406849122194505,-0.45715048820905474,-1.9190796536276473
36.916666666666664,2081.561447,-18.246556776448163,-15.87032663461146,-0.45715048820905474,-1.9190796536276473
36.93333333333333,2083.671047,-18.63768255125629,-15.859220933194036,-0.45715048820905474,-2.321311129853198
36.95,2085.765029,-18.692601563239794,-15.859220933194036,-0.45715048820905474,-2.376230141836703
36.96666666666667,2087.846046,-18.692601563239794,-15.859220933194036,-0.45715048820905474,-2.376230141836703
36.983333333333334,2089.915278,-18.67686483494344,-15.859220933194036,-0.45715048820905474,-2.3604934135403495
37.0,2091.974765,-18.61159598093549,-15.859220933194036,-0.45715048820905474,-2.2952245595324006
37.016666666666666,2094.029292,-19.507729761903448,-15.859220933194036,-1.4128529493795454,-2.2356558793298684
37.03333333333333,2096.080909,-19.633610831494632,-15.859220933194036,-1.5524068662098933,-2.221983032090703
37.05,2098.130811,-19.607501312851863,-15.859220933194036,-1.5524068662098933,-2.195873513447932
37.06666666666667,2100.181667,-19.479468677453657,-15.724026795418046,-1.5524068662098933,-2.203035015825718
37.083333333333336,2102.234605,-18.875320021490126,-15.403053945378714,-1.5524068662098933,-1.9198592099015204
37.1,2104.289721,-19.249911427299114,-15.778424907461572,-1.5524068662098933,-1.919079653627648
37.11666666666667,2106.347145,-18.793492667947195,-15.322006148109653,-1.5524068662098933,-1.919079653627648
37.13333333333333,2108.406935,-18.3947702234561,-14.923283703618557,-1.5524068662098933,-1.919079653627648
37.15,2110.469094,-17.78075025014137,-14.309263730303828,-1.5524068662098933,-1.919079653627648
37.166666666666664,2112.533613,-17.778300586821672,-14.306814066984131,-1.5524068662098933,-1.919079653627648
37.18333333333333,2114.600508,-17.329912529423428,-13.858426009585887,-1.5524068662098933,-1.919079653627648
37.2,2116.670291,-17.102728332626057,-13.631241812788515,-1.5524068662098933,-1.919079653627648
37.21666666666667,2118.744169,-16.779243974843283,-13.30775745500574,-1.5524068662098933,-1.919079653627648
37.233333333333334,2120.822689,-16.991146928176875,-13.519660408339334,-1.5524068662098933,-1.919079653627648
37.25,2122.906771,-16.5924449515043,-12.643107201081472,-2.0302580967951824,-1.919079653627648
37.266666666666666,2124.998559,-16.651184624460555,-12.632069915622544,-2.1000350552103626,-1.919079653627648
37.28333333333333,2127.098975,-17.053416100686107,-12.632069915622544,-2.1000350552103626,-2.321311129853198
37.3,2129.208562,-17.10833511266961,-12.632069915622544,-2.1000350552103626,-2.376230141836703
37.31666666666667,2131.328517,-17.10833511266961,-12.632069915622544,-2.1000350552103626,-2.376230141836703
37.333333333333336,2133.459349,-17.10833511266961,-12.632069915622544,-2.1000350552103626,-2.376230141836703
37.35,2135.601121,-17.016449685771594,-12.54018448872453,-2.1000350552103626,-2.376230141836703
37.36666666666667,2137.753917,-16.569419258540453,-12.093154061493387,-2.1000350552103626,-2.376230141836703
37.38333333333333,2139.917779,-16.56070692366914,-12.084441726622076,-2.1000350552103626,-2.376230141836703
37.4,2142.092707,-16.56070692366914,-12.084441726622076,-2.1000350552103626,-2.376230141836703
37.416666666666664,2144.278672,-16.56070692366914,-12.084441726622076,-2.1000350552103626,-2.376230141836703
37.43333333333333,2146.47567,-16.962938399894693,-12.486673202847626,-2.1000350552103626,-2.376230141836703
37.45,2148.683724,-17.017857411878197,-12.54159221483113,-2.1000350552103626,-2.376230141836703
37.46666666666667,2150.902858,-17.42008888810375,-12.943823691056682,-2.1000350552103626,-2.376230141836703
37.483333333333334,2153.133094,-17.8772393763128,-13.400974179265734,-2.1000350552103626,-2.376230141836703
37.5,2155.37445,-17.932158388296305,-13.455893191249238,-2.1000350552103626,-2.376230141836703
37.516666666666666,2157.626956,-17.932158388296305,-13.455893191249238,-2.1000350552103626,-2.376230141836703
37.53333333333333,2159.890632,-17.932158388296305,-13.455893191249238,-2.1000350552103626,-2.376230141836703
37.55,2162.165496,-17.600687624407833,-13.455893191249238,-2.0343277051119086,-2.1104667280466836
37.56666666666667,2164.451571,-16.937219252676414,-13.455893191249238,-1.6500610510274378,-1.8312650103997394
37.583333333333336,2166.748873,-17.32961118731233,-13.85812466747479,-1.6428845670013077,-1.8286019528362338
37.6,2169.057432,-17.384530199295835,-13.913043679458294,-1.6428845670013077,-1.8286019528362338
37.61666666666667,2171.37729,-18.24293710493917,-14.315275155683846,-2.0990599964190912,-1.8286019528362338
37.63333333333333,2173.708474,-18.170261926443587,-14.37019416766735,-1.9714658059400043,-1.8286019528362338
37.65,2176.050985,-18.144973374239314,-14.37019416766735,-1.9461772537357294,-1.8286019528362338
37.666666666666664,2178.404802,-18.144973374239314,-14.37019416766735,-1.9461772537357294,-1.8286019528362338
37.68333333333333,2180.769918,-18.144973374239314,-14.37019416766735,-1.9461772537357294,-1.8286019528362338
37.7,2183.146073,-18.144973374239314,-14.37019416766735,-1.9461772537357294,-1.8286019528362338
37.71666666666667,2185.532629,-18.144973374239314,-14.37019416766735,-1.9461772537357294,-1.8286019528362338
37.733333333333334,2187.92931,-18.144973374239314,-14.37019416766735,-1.9461772537357294,-1.8286019528362338
37.75,2190.335625,-19.025056081050124,-14.772425643892902,-2.4240284843209863,-1.8286019528362338
37.766666666666666,2192.750407,-19.1497520514488,-14.827344655876406,-2.493805442736162,-1.8286019528362338
37.78333333333333,2195.173164,-19.1497520514488,-14.827344655876406,-2.493805442736162,-1.8286019528362338
37.8,2197.603609,-19.1497520514488,-14.827344655876406,-2.493805442736162,-1.8286019528362338
37.81666666666667,2200.04109,-19.1497520514488,-14.827344655876406,-2.493805442736162,-1.8286019528362338
37.833333333333336,2202.485335,-19.1497520514488,-14.827344655876406,-2.493805442736162,-1.8286019528362338
37.85,2204.936351,-19.1497520514488,-14.827344655876406,-2.493805442736162,-1.8286019528362338
37.86666666666667,2207.394151,-19.113782286615724,-14.79137489104333,-2.493805442736162,-1.8286019528362338
37.88333333333333,2209.858752,-18.70048407750638,-14.378076681933987,-2.493805442736162,-1.8286019528362338
37.9,2212.330132,-18.540364778082598,-14.2179573825102,-2.493805442736162,-1.8286019528362338
37.916666666666664,2214.808229,-18.389602499060743,-14.067195103488345,-2.493805442736162,-1.8286019528362338
37.93333333333333,2217.293003,-18.13186002794513,-13.809452632372732,-2.493805442736162,-1.8286019528362338
37.95,2219.783839,-18.24779854126662,-13.92539114569422,-2.493805442736162,-1.8286019528362338
37.96666666666667,2222.279262,-18.298831175713964,-13.976423780141566,-2.493805442736162,-1.8286019528362338
37.983333333333334,2224.778613,-18.298831175713964,-13.976423780141566,-2.493805442736162,-1.8286019528362338
38.0,2227.280753,-18.282007524238182,-13.959600128665787,-2.493805442736162,-1.8286019528362338
38.016666666666666,2229.783024,-17.847250417890645,-13.89401991178654,-2.2993952726145293,-1.653835233489576
38.03333333333333,2232.284283,-16.896463517169096,-13.783847335775963,-1.7405107865225447,-1.37210539487059
38.05,2234.783861,-16.089446389591977,-13.31825897429598,-1.3997359506688194,-1.371451464627179
38.06666666666667,2237.280274,-15.984581145323718,-13.214580615961228,-1.39854906473531,-1.371451464627179
38.083333333333336,2239.772889,-15.83058009566799,-12.74252316568947,-1.716605465351343,-1.371451464627179
38.1,2242.261648,-15.524315417975568,-12.451022201878672,-1.7018417514697186,-1.371451464627179
38.11666666666667,2244.746476,-16.023938609339883,-12.950645393242985,-1.7018417514697186,-1.371451464627179
38.13333333333333,2247.227333,-16.421603508932414,-12.870459062250259,-2.1796929820549753,-1.371451464627179
38.15,2249.704216,-16.316735690454667,-12.695814285357338,-2.249469940470151,-1.371451464627179
38.166666666666664,2252.177124,-16.316371421403094,-12.695450016305765,-2.249469940470151,-1.371451464627179
38.18333333333333,2254.646044,-16.184572095967887,-12.563650690870556,-2.249469940470151,-1.371451464627179
38.2,2257.110688,-15.703695918623133,-12.082774513525802,-2.249469940470151,-1.371451464627179
38.21666666666667,2259.570384,-14.9817625292285,-11.360841124131172,-2.249469940470151,-1.371451464627179
38.233333333333334,2262.024827,-14.40045381379145,-10.779532408694122,-2.249469940470151,-1.371451464627179
38.25,2264.473503,-14.397291767775496,-10.776370362678167,-2.249469940470151,-1.371451464627179
38.266666666666666,2266.915223,-14.397291767775496,-10.776370362678167,-2.249469940470151,-1.371451464627179
38.28333333333333,2269.349475,-14.05441579897499,-10.518083414231127,-2.249469940470151,-1.286862444273713
38.3,2271.775951,-13.401752995437374,-10.231243672156834,-2.249469940470151,-0.9210393828103891
38.31666666666667,2274.19399,-13.87036432115128,-10.706593404263005,-2.249469940470151,-0.9143009764181236
38.333333333333336,2276.603304,-13.940141279566456,-10.77637036267818,-2.249469940470151,-0.9143009764181236
38.35,2279.003856,-13.940141279566456,-10.77637036267818,-2.249469940470151,-0.9143009764181236
38.36666666666667,2281.395595,-14.736048910767746,-10.77637036267818,-3.045377571671441,-0.9143009764181236
38.38333333333333,2283.778495,-14.25453966771829,-10.77637036267818,-2.5638683286219854,-0.9143009764181236
38.4,2286.15255,-14.115793298798838,-10.648729695176154,-2.55276262720456,-0.9143009764181236
38.416666666666664,2288.517774,-13.703636473044781,-10.236572869422098,-2.55276262720456,-0.9143009764181236
38.43333333333333,2290.874161,-13.872769140310773,-10.22874217367771,-2.7297259902149382,-0.9143009764181236
38.45,2293.221696,-14.41799251015168,-10.706593404262973,-2.7970981294705837,-0.9143009764181236
38.46666666666667,2295.560356,-14.487769468566857,-10.776370362678149,-2.7970981294705837,-0.9143009764181236
38.483333333333334,2297.890122,-14.487769468566857,-10.776370362678149,-2.7970981294705837,-0.9143009764181236
38.5,2300.210976,-14.457867479784175,-10.746468373895468,-2.7970981294705837,-0.9143009764181236
38.516666666666666,2302.522893,-14.390936087473051,-10.679536981584343,-2.7970981294705837,-0.9143009764181236
38.53333333333333,2304.825851,-14.039422308005708,-10.328023202117,-2.7970981294705837,-0.9143009764181236
38.55,2307.119836,-12.955354908441418,-9.24395580255271,-2.7970981294705837,-0.9143009764181236
38.56666666666667,2309.404824,-13.253419002972928,-9.54201989708422,-2.7970981294705837,-0.9143009764181236
38.583333333333336,2311.680799,-13.238655289091303,-9.527256183202596,-2.7970981294705837,-0.9143009764181236
38.6,2313.947755,-13.238655289091303,-9.527256183202596,-2.7970981294705837,-0.9143009764181236
38.61666666666667,2316.205691,-13.238655289091303,-9.527256183202596,-2.7970981294705837,-0.9143009764181236
38.63333333333333,2318.454599,-13.238655289091303,-9.527256183202596,-2.7970981294705837,-0.9143009764181236
38.65,2320.694459,-13.238655289091303,-9.527256183202596,-2.7970981294705837,-0.9143009764181236
38.666666666666664,2322.925239,-12.992415733632045,-9.281016627743337,-2.7970981294705837,-0.9143009764181236
38.68333333333333,2325.146915,-12.695261851481437,-8.98386274559273,-2.7970981294705837,-0.9143009764181236
38.7,2327.359325,-12.586414237070626,-8.979627994202163,-2.692485266450339,-0.9143009764181236
38.71666666666667,2329.562105,-12.151794169092106,-8.979627994202163,-2.2578651984718197,-0.9143009764181236
38.733333333333334,2331.755085,-12.621250141675695,-9.45747922478742,-2.249469940470151,-0.9143009764181236
38.75,2333.937978,-12.33579127754431,-9.172020360656035,-2.249469940470151,-0.9143009764181236
38.766666666666666,2336.110135,-12.143600050304903,-8.979829133416628,-2.249469940470151,-0.9143009764181236
38.78333333333333,2338.271268,-11.606876423507394,-8.979627994202163,-1.7129474528871083,-0.9143009764181236
38.8,2340.421203,-11.595770722089968,-8.979627994202163,-1.701841751469682,-0.9143009764181236
38.81666666666667,2342.559564,-11.595770722089968,-8.979627994202163,-1.701841751469682,-0.9143009764181236
38.833333333333336,2344.686186,-11.595770722089968,-8.979627994202163,-1.701841751469682,-0.9143009764181236
38.85,2346.801049,-11.595770722089968,-8.979627994202163,-1.701841751469682,-0.9143009764181236
38.86666666666667,2348.904143,-11.595770722089968,-8.979627994202163,-1.701841751469682,-0.9143009764181236
38.88333333333333,2350.995453,-11.595770722089968,-8.979627994202163,-1.701841751469682,-0.9143009764181236
38.9,2353.074946,-11.913827122706001,-9.297684394818196,-1.701841751469682,-0.9143009764181236
38.916666666666664,2355.142569,-11.899063408824377,-9.282920680936572,-1.701841751469682,-0.9143009764181236
38.93333333333333,2357.198279,-11.899063408824377,-9.282920680936572,-1.701841751469682,-0.9143009764181236
38.95,2359.241727,-11.899063408824377,-9.282920680936572,-1.701841751469682,-0.9143009764181236
38.96666666666667,2361.272095,-11.62270271140303,-9.006559983515224,-1.701841751469682,-0.9143009764181236
38.983333333333334,2363.289013,-11.354680426525904,-8.7385376986381,-1.701841751469682,-0.9143009764181236
39.0,2365.291849,-11.8292864504092,-9.213143722521394,-1.701841751469682,-0.9143009764181236
39.016666666666666,2367.279155,-11.68027068410696,-9.064127956219155,-1.701841751469682,-0.9143009764181236
39.03333333333333,2369.250295,-11.19526136940246,-8.579118641514654,-1.701841751469682,-0.9143009764181236
39.05,2371.204897,-10.896665278805266,-8.28052255091746,-1.701841751469682,-0.9143009764181236
39.06666666666667,2373.142144,-10.894284731614889,-8.278142003727083,-1.701841751469682,-0.9143009764181236
39.083333333333336,2375.061679,-10.894284731614889,-8.278142003727083,-1.701841751469682,-0.9143009764181236
39.1,2376.963456,-10.719545669377293,-8.103402941489488,-1.701841751469682,-0.9143009764181236
39.11666666666667,2378.847419,-10.439846342696018,-7.823703614808212,-1.701841751469682,-0.9143009764181236
39.13333333333333,2380.713533,-10.437134243405835,-7.8209915155180285,-1.701841751469682,-0.9143009764181236
39.15,2382.561779,-10.437134243405835,-7.8209915155180285,-1.701841751469682,-0.9143009764181236
39.166666666666664,2384.392144,-10.225094898625729,-7.608952170737923,-1.701841751469682,-0.9143009764181236
39.18333333333333,2386.204606,-10.368896818494088,-7.274902860021026,-2.179692982054939,-0.9143009764181236
39.2,2387.998993,-10.187409988868824,-7.2733633265175595,-2.1716168674275704,-0.7424297949236945
39.21666666666667,2389.774932,-9.681033524677328,-7.2733633265175595,-1.9467015186353875,-0.4609686795243805
39.233333333333334,2391.532243,-9.406056612564356,-7.0027288706195945,-1.9461772537357063,-0.45715048820905474
39.25,2393.270637,-9.132593870234818,-6.729266128290056,-1.9461772537357063,-0.45715048820905474
39.266666666666666,2394.989457,-9.129062879461888,-6.725735137517127,-1.9461772537357063,-0.45715048820905474
39.28333333333333,2396.688412,-8.592540391878881,-6.189212649934119,-1.9461772537357063,-0.45715048820905474
39.3,2398.367327,-8.581434690461455,-6.178106948516694,-1.9461772537357063,-0.45715048820905474
39.31666666666667,2400.02583,-8.581434690461455,-6.178106948516694,-1.9461772537357063,-0.45715048820905474
39.333333333333336,2401.663752,-8.044912202878448,-6.178106948516694,-1.409654766152699,-0.45715048820905474
39.35,2403.281062,-8.032793927114236,-6.177094374169908,-1.3985490647352736,-0.45715048820905474
39.36666666666667,2404.877719,-7.985337239520728,-6.1296376865764,-1.3985490647352736,-0.45715048820905474
39.38333333333333,2406.453696,-7.920849837453598,-6.0651502845092695,-1.3985490647352736,-0.45715048820905474
39.4,2408.00898,-7.868285336410413,-6.0125857834660845,-1.3985490647352736,-0.45715048820905474
39.416666666666664,2409.543568,-7.88865783094882,-6.032958278004492,-1.3985490647352736,-0.45715048820905474
39.43333333333333,2411.057448,-8.283658460212692,-6.427958907268364,-1.3985490647352736,-0.45715048820905474
39.45,2412.550602,-8.069690234923087,-6.213990681978759,-1.3985490647352736,-0.45715048820905474
39.46666666666667,2414.02302,-8.055560695805726,-6.199861142861397,-1.3985490647352736,-0.45715048820905474
39.483333333333334,2415.474687,-8.037112617057291,-6.181413064112962,-1.3985490647352736,-0.45715048820905474
39.5,2416.905587,-8.01396368002649,-6.1582641270821625,-1.3985490647352736,-0.45715048820905474
39.516666666666666,2418.315714,-7.730111383031415,-5.874411830087087,-1.3985490647352736,-0.45715048820905474
39.53333333333333,2419.705055,-7.418282942532646,-5.562583389588318,-1.3985490647352736,-0.45715048820905474
39.55,2421.073596,-7.388562976300569,-5.532863423356241,-1.3985490647352736,-0.45715048820905474
39.56666666666667,2422.421333,-7.215924511063069,-5.360224958118741,-1.3985490647352736,-0.45715048820905474
39.583333333333336,2423.748252,-7.182941582530257,-5.327242029585929,-1.3985490647352736,-0.45715048820905474
39.6,2425.05432,-7.182885625726181,-5.327186072781853,-1.3985490647352736,-0.45715048820905474
39.61666666666667,2426.339479,-7.182885625726181,-5.327186072781853,-1.3985490647352736,-0.45715048820905474
39.63333333333333,2427.603696,-7.182885625726181,-5.327186072781853,-1.3985490647352736,-0.45715048820905474
39.65,2428.846985,-7.182885625726181,-5.327186072781853,-1.3985490647352736,-0.45715048820905474
39.666666666666664,2430.069396,-7.182885625726181,-5.327186072781853,-1.3985490647352736,-0.45715048820905474
39.68333333333333,2431.270962,-7.182885625726181,-5.327186072781853,-1.3985490647352736,-0.45715048820905474
39.7,2432.452156,-7.182885625726181,-5.327186072781853,-1.3985490647352736,-0.45715048820905474
39.71666666666667,2433.614123,-6.937831806413035,-5.082132253468707,-1.3985490647352736,-0.45715048820905474
39.733333333333334,2434.757371,-6.639572774052001,-4.783873221107673,-1.3985490647352736,-0.45715048820905474
39.75,2435.882787,-7.037488912951298,-5.18178936000697,-1.3985490647352736,-0.45715048820905474
39.766666666666666,2436.992448,-7.092407924934803,-5.236708371990475,-1.3985490647352736,-0.45715048820905474
39.78333333333333,2438.087244,-7.092407924934803,-5.236708371990475,-1.3985490647352736,-0.45715048820905474
39.8,2439.167695,-6.910892080889469,-5.055192527945141,-1.3985490647352736,-0.45715048820905474
39.81666666666667,2440.234974,-6.459339584104727,-4.603640031160399,-1.3985490647352736,-0.45715048820905474
39.833333333333336,2441.289569,-6.0942331710490985,-4.23853361810477,-1.3985490647352736,-0.45715048820905474
39.85,2442.331487,-6.120058276180726,-4.2319296947809875,-1.4309780931906837,-0.45715048820905474
39.86666666666667,2443.360708,-6.188282033428612,-4.2319296947809875,-1.0969703742130072,-0.8593819644346171
39.88333333333333,2444.377224,-6.241487049199976,-4.2319296947809875,-1.095256378000865,-0.9143009764181236
39.9,2445.381083,-6.241487049199976,-4.2319296947809875,-1.095256378000865,-0.9143009764181236
39.916666666666664,2446.372405,-5.762713133931549,-3.9695046889786267,-0.8789074685347988,-0.9143009764181236
39.93333333333333,2447.351275,-4.78734610860855,-3.3243532201230424,-0.5486919120673839,-0.9143009764181236
39.95,2448.318798,-4.779557883781434,-3.3176287183628776,-0.5476281890004325,-0.9143009764181236
39.96666666666667,2449.277607,-4.720886626783684,-3.2589574613651275,-0.5476281890004325,-0.9143009764181236
39.983333333333334,2450.228877,-4.779557883781434,-3.3176287183628776,-0.5476281890004325,-0.9143009764181236
40.0,2451.174635,-4.779557883781434,-3.3176287183628776,-0.5476281890004325,-0.9143009764181236
40.016666666666666,2452.119612,-4.779557883781434,-3.3176287183628776,-0.5476281890004325,-0.9143009764181236
40.03333333333333,2453.065836,-4.779557883781434,-3.3176287183628776,-0.5476281890004325,-0.9143009764181236
40.05,2454.01449,-4.779557883781434,-3.3176287183628776,-0.5476281890004325,-0.9143009764181236
40.06666666666667,2454.968212,-4.779557883781434,-3.3176287183628776,-0.5476281890004325,-0.9143009764181236
40.083333333333336,2455.928116,-4.779557883781434,-3.3176287183628776,-0.5476281890004325,-0.9143009764181236
40.1,2456.894295,-4.779557883781434,-3.3176287183628776,-0.5476281890004325,-0.9143009764181236
40.11666666666667,2457.86688,-5.257409114366691,-3.3176287183628776,-1.0254794195856896,-0.9143009764181236
40.13333333333333,2458.845929,-5.327186072781866,-3.3176287183628776,-1.095256378000865,-0.9143009764181236
40.15,2459.831442,-5.327186072781866,-3.3176287183628776,-1.095256378000865,-0.9143009764181236
40.166666666666664,2460.823411,-5.805037303367155,-3.3176287183628776,-1.5731076085861537,-0.9143009764181236
40.18333333333333,2461.821852,-5.874814261782335,-3.3176287183628776,-1.6428845670013341,-0.9143009764181236
40.2,2462.827267,-5.874814261782335,-3.3176287183628776,-1.6428845670013341,-0.9143009764181236
40.21666666666667,2463.840841,-5.873632715482325,-3.316447172062867,-1.6428845670013341,-0.9143009764181236
40.233333333333334,2464.863108,-5.713633673677222,-3.1564481302577647,-1.6428845670013341,-0.9143009764181236
40.25,2465.894969,-5.418407238391864,-2.8612216949724063,-1.6428845670013341,-0.9143009764181236
40.266666666666666,2466.938524,-5.417663773573279,-2.860478230153822,-1.6428845670013341,-0.9143009764181236
40.28333333333333,2467.994677,-5.417663773573279,-2.860478230153822,-1.6428845670013341,-0.9143009764181236
40.3,2469.063955,-5.417663773573279,-2.860478230153822,-1.6428845670013341,-0.9143009764181236
40.31666666666667,2470.147527,-5.417663773573279,-2.860478230153822,-1.6428845670013341,-0.9143009764181236
40.333333333333336,2471.245887,-5.417663773573279,-2.860478230153822,-1.6428845670013341,-0.9143009764181236
40.35,2472.359089,-5.417663773573279,-2.860478230153822,-1.6428845670013341,-0.9143009764181236
40.36666666666667,2473.487211,-5.417663773573279,-2.860478230153822,-1.6428845670013341,-0.9143009764181236
40.38333333333333,2474.630289,-5.417663773573279,-2.860478230153822,-1.6428845670013341,-0.9143009764181236
40.4,2475.788314,-5.417663773573279,-2.860478230153822,-1.6428845670013341,-0.9143009764181236
40.416666666666664,2476.961251,-5.417663773573279,-2.860478230153822,-1.6428845670013341,-0.9143009764181236
40.43333333333333,2478.149094,-5.417663773573279,-2.860478230153822,-1.6428845670013341,-0.9143009764181236
40.45,2479.351851,-5.42600331577384,-2.868817772354382,-1.6428845670013341,-0.9143009764181236
40.46666666666667,2480.569534,-5.1153704721373545,-2.558184928717897,-1.6428845670013341,-0.9143009764181236
40.483333333333334,2481.802155,-5.114371086838871,-2.557185543419414,-1.6428845670013341,-0.9143009764181236
40.5,2483.049723,-5.114371086838871,-2.557185543419414,-1.6428845670013341,-0.9143009764181236
40.516666666666666,2484.312245,-5.114371086838871,-2.557185543419414,-1.6428845670013341,-0.9143009764181236
40.53333333333333,2485.589731,-5.114371086838871,-2.557185543419414,-1.6428845670013341,-0.9143009764181236
40.55,2486.882191,-5.114371086838871,-2.557185543419414,-1.6428845670013341,-0.9143009764181236
40.56666666666667,2488.18963,-5.114371086838871,-2.557185543419414,-1.6428845670013341,-0.9143009764181236
40.583333333333336,2489.512059,-5.114371086838871,-2.557185543419414,-1.6428845670013341,-0.9143009764181236
40.6,2490.849503,-5.592222317424128,-2.557185543419414,-1.6428845670013341,-1.3921522070033805
40.61666666666667,2492.202009,-5.661999275839304,-2.557185543419414,-1.6428845670013341,-1.4619291654185562
40.63333333333333,2493.569602,-5.426166000940476,-2.321352268520586,-1.6428845670013341,-1.4619291654185562
40.65,2494.952272,-5.51869643014398,-2.0116512214985396,-2.0451160432268845,-1.4619291654185562
40.666666666666664,2496.349973,-5.571521575047926,-2.009557354418981,-2.1000350552103897,-1.4619291654185562
40.68333333333333,2497.76268,-5.571521575047926,-2.009557354418981,-2.1000350552103897,-1.4619291654185562
40.7,2499.19,-5.571521575047926,-2.009557354418981,-2.1000350552103897,-1.4619291654185562
40.71666666666667,2500.630983,-5.571521575047926,-2.009557354418981,-2.1000350552103897,-1.4619291654185562
40.733333333333334,2502.085207,-5.571521575047926,-2.009557354418981,-2.1000350552103897,-1.4619291654185562
40.75,2503.551943,-5.571521575047926,-2.009557354418981,-2.1000350552103897,-1.4619291654185562
40.766666666666666,2505.029466,-5.571521575047926,-2.009557354418981,-2.1000350552103897,-1.4619291654185562
40.78333333333333,2506.51704,-5.571521575047926,-2.009557354418981,-2.1000350552103897,-1.4619291654185562
40.8,2508.014238,-5.571521575047926,-2.009557354418981,-2.1000350552103897,-1.4619291654185562
40.81666666666667,2509.520088,-5.571521575047926,-2.009557354418981,-2.1000350552103897,-1.4619291654185562
40.833333333333336,2511.034185,-5.571521575047926,-2.009557354418981,-2.1000350552103897,-1.4619291654185562
40.85,2512.556526,-5.571521575047926,-2.009557354418981,-2.1000350552103897,-1.4619291654185562
40.86666666666667,2514.087129,-5.9737530512734764,-2.009557354418981,-2.50226653143594,-1.4619291654185562
40.88333333333333,2515.625999,-6.028672063256982,-2.009557354418981,-2.5571855434194446,-1.4619291654185562
40.9,2517.173101,-6.028672063256982,-2.009557354418981,-2.5571855434194446,-1.4619291654185562
40.916666666666664,2518.728337,-6.028672063256982,-2.009557354418981,-2.5571855434194446,-1.4619291654185562
40.93333333333333,2520.291637,-6.028672063256982,-2.009557354418981,-2.5571855434194446,-1.4619291654185562
40.95,2521.862093,-6.028672063256982,-2.009557354418981,-2.5571855434194446,-1.4619291654185562
40.96666666666667,2523.437529,-6.028672063256982,-2.009557354418981,-2.5571855434194446,-1.4619291654185562
40.983333333333334,2525.016975,-6.028672063256982,-2.009557354418981,-2.5571855434194446,-1.4619291654185562
41.0,2526.598757,-5.492149575673975,-2.009557354418981,-2.0206630558364376,-1.4619291654185562
41.016666666666666,2528.178972,-5.4810438742565495,-2.009557354418981,-2.009557354419012,-1.4619291654185562
41.03333333333333,2529.75594,-5.799100274872583,-2.327613755035014,-2.009557354419012,-1.4619291654185562
41.05,2531.328683,-5.784336560990957,-2.312850041153389,-2.009557354419012,-1.4619291654185562
41.06666666666667,2532.89502,-5.784336560990957,-2.312850041153389,-2.009557354419012,-1.4619291654185562
41.083333333333336,2534.454028,-5.784336560990957,-2.312850041153389,-2.009557354419012,-1.4619291654185562
41.1,2536.005625,-5.784336560990957,-2.312850041153389,-2.009557354419012,-1.4619291654185562
41.11666666666667,2537.5497,-5.784336560990957,-2.312850041153389,-2.009557354419012,-1.4619291654185562
41.13333333333333,2539.086201,-5.784336560990957,-2.312850041153389,-2.009557354419012,-1.4619291654185562
41.15,2540.615122,-5.784336560990957,-2.312850041153389,-2.009557354419012,-1.4619291654185562
41.166666666666664,2542.136469,-5.784336560990957,-2.312850041153389,-2.009557354419012,-1.4619291654185562
41.18333333333333,2543.650222,-5.784336560990957,-2.312850041153389,-2.009557354419012,-1.4619291654185562
41.2,2545.155972,-5.784336560990957,-2.312850041153389,-2.009557354419012,-1.4619291654185562
41.21666666666667,2546.652753,-5.784336560990957,-2.312850041153389,-2.009557354419012,-1.4619291654185562
41.233333333333334,2548.140124,-6.186568037216507,-2.312850041153389,-2.009557354419012,-1.8641606416441059
41.25,2549.61735,-6.719338279785274,-2.312850041153389,-2.4874085850042738,-1.9190796536276107
41.266666666666666,2551.082722,-6.78911523820045,-2.312850041153389,-2.55718554341945,-1.9190796536276107
41.28333333333333,2552.535499,-6.252592750617443,-2.312850041153389,-2.020663055836443,-1.9190796536276107
41.3,2553.975253,-6.241487049200018,-2.312850041153389,-2.0095573544190177,-1.9190796536276107
41.31666666666667,2555.40103,-6.241487049200018,-2.312850041153389,-2.0095573544190177,-1.9190796536276107
41.333333333333336,2556.812424,-6.241487049200018,-2.312850041153389,-2.0095573544190177,-1.9190796536276107
41.35,2558.209389,-6.472805225844121,-2.312850041153389,-2.411788830644568,-1.7481663540461638
41.36666666666667,2559.591859,-6.244114557249646,-2.312850041153389,-2.4667078426280726,-1.4645566734681843
41.38333333333333,2560.959803,-6.241487049200003,-2.312850041153389,-2.4667078426280726,-1.461929165418542
41.4,2562.313223,-6.241487049200003,-2.312850041153389,-2.4667078426280726,-1.461929165418542
41.416666666666664,2563.652146,-6.241487049200003,-2.312850041153389,-2.4667078426280726,-1.461929165418542
41.43333333333333,2564.976575,-6.241487049200003,-2.312850041153389,-2.4667078426280726,-1.461929165418542
41.45,2566.286503,-6.241487049200003,-2.312850041153389,-2.4667078426280726,-1.461929165418542
41.46666666666667,2567.581923,-6.241487049200003,-2.312850041153389,-2.4667078426280726,-1.461929165418542
41.483333333333334,2568.862825,-6.241487049200003,-2.312850041153389,-2.4667078426280726,-1.461929165418542
41.5,2570.129207,-6.241487049200003,-2.312850041153389,-2.4667078426280726,-1.461929165418542
41.516666666666666,2571.38107,-6.241487049200003,-2.312850041153389,-2.4667078426280726,-1.461929165418542
41.53333333333333,2572.618413,-6.241487049200003,-2.312850041153389,-2.4667078426280726,-1.461929165418542
41.55,2573.841225,-6.241487049200003,-2.312850041153389,-2.4667078426280726,-1.461929165418542
41.56666666666667,2575.049503,-6.241487049200003,-2.312850041153389,-2.4667078426280726,-1.461929165418542
41.583333333333336,2576.243241,-6.71933827978526,-2.312850041153389,-2.9445590732133295,-1.461929165418542
41.6,2577.422435,-6.789115238200436,-2.312850041153389,-3.014336031628505,-1.461929165418542
41.61666666666667,2578.5871,-6.789115238200436,-2.312850041153389,-3.014336031628505,-1.461929165418542
41.63333333333333,2579.737234,-6.789115238200436,-2.312850041153389,-3.014336031628505,-1.461929165418542
41.65,2580.872814,-7.191346714425986,-2.312850041153389,-3.4165675078540554,-1.461929165418542
41.666666666666664,2581.993803,-7.246265726409492,-2.312850041153389,-3.47148651983756,-1.461929165418542
41.68333333333333,2583.100169,-7.246265726409492,-2.312850041153389,-3.47148651983756,-1.461929165418542
41.7,2584.19167,-6.797877669011264,-1.8644619837551608,-3.47148651983756,-1.461929165418542
41.71666666666667,2585.267741,-6.789115238200438,-1.8556995529443348,-3.47148651983756,-1.461929165418542
41.733333333333334,2586.328126,-6.789115238200438,-1.8556995529443348,-3.47148651983756,-1.461929165418542
41.75,2587.372383,-6.789115238200438,-1.8556995529443348,-3.47148651983756,-1.461929165418542
41.766666666666666,2588.399499,-6.789115238200438,-1.8556995529443348,-3.47148651983756,-1.461929165418542
41.78333333333333,2589.409035,-6.62493647597868,-1.8556995529443348,-3.47148651983756,-1.297750403196786
41.8,2590.400724,-6.33268642508437,-1.8556995529443348,-3.47148651983756,-1.0055003523024757
41.81666666666667,2591.373993,-6.331964749991382,-1.8556995529443348,-3.47148651983756,-1.0047786772094873
41.833333333333336,2592.32859,-6.331964749991382,-1.8556995529443348,-3.47148651983756,-1.0047786772094873
41.85,2593.264501,-6.2165866884214545,-1.7403214913744063,-3.47148651983756,-1.0047786772094873
41.86666666666667,2594.181721,-5.880855560913301,-1.4045903638662534,-3.47148651983756,-1.0047786772094873
41.88333333333333,2595.080245,-5.874814261782327,-1.3985490647352794,-3.47148651983756,-1.0047786772094873
41.9,2595.960034,-5.874814261782327,-1.3985490647352794,-3.47148651983756,-1.0047786772094873
41.916666666666664,2596.821017,-5.874814261782327,-1.3985490647352794,-3.47148651983756,-1.0047786772094873
41.93333333333333,2597.663139,-5.874814261782327,-1.3985490647352794,-3.47148651983756,-1.0047786772094873
41.95,2598.485843,-5.874814261782327,-1.3985490647352794,-3.47148651983756,-1.0047786772094873
41.96666666666667,2599.28782,-5.874814261782327,-1.3985490647352794,-3.47148651983756,-1.0047786772094873
41.983333333333334,2600.06848,-5.426426204384097,-1.3985490647352794,-3.023098462439331,-1.0047786772094873
42.0,2600.82681,-5.417663773573271,-1.3985490647352794,-3.014336031628505,-1.0047786772094873
42.016666666666666,2601.560472,-5.433521269011738,-1.4144065601737466,-3.014336031628505,-1.0047786772094873
42.03333333333333,2602.268454,-5.854276337117447,-1.835161628279455,-3.014336031628505,-1.0047786772094873
42.05,2602.950165,-5.036511278814673,-1.5539190575596926,-2.4778135440454925,-1.0047786772094873
42.06666666666667,2603.604294,-5.02389338604748,-1.5524068662099264,-2.466707842628067,-1.0047786772094873
42.083333333333336,2604.230287,-5.02389338604748,-1.5524068662099264,-2.466707842628067,-1.0047786772094873
42.1,2604.828089,-5.02389338604748,-1.5524068662099264,-2.466707842628067,-1.0047786772094873
42.11666666666667,2605.397631,-4.487370898464468,-1.0158843786269136,-2.466707842628067,-1.0047786772094873
42.13333333333333,2605.938875,-4.4762651970470415,-1.004778677209488,-2.466707842628067,-1.0047786772094873
42.15,2606.451819,-4.377120539788702,-1.004778677209488,-2.3675631853697277,-1.0047786772094873
42.166666666666664,2606.93646,-4.025520877397621,-1.004778677209488,-2.015963522978646,-1.0047786772094873
42.18333333333333,2607.392785,-4.0191147088379875,-1.004778677209488,-2.009557354419012,-1.0047786772094873
42.2,2607.820545,-4.496965939423276,-1.004778677209488,-2.009557354419012,-1.482629907794776
42.21666666666667,2608.219153,-4.566742897838456,-1.004778677209488,-2.009557354419012,-1.5524068662099564
42.233333333333334,2608.588347,-4.566742897838456,-1.004778677209488,-2.009557354419012,-1.5524068662099564
42.25,2608.927679,-4.968974374064006,-1.004778677209488,-2.411788830644562,-1.5524068662099564
42.266666666666666,2609.236119,-5.0238933860475115,-1.004778677209488,-2.466707842628067,-1.5524068662099564
42.28333333333333,2609.513221,-5.0238933860475115,-1.004778677209488,-2.466707842628067,-1.5524068662099564
42.3,2609.758728,-5.341949786663545,-1.004778677209488,-2.7847642432440995,-1.5524068662099564
42.31666666666667,2609.972067,-4.790663585198876,-1.004778677209488,-2.233478041779432,-1.5524068662099564
42.333333333333336,2610.152992,-4.77955788378145,-1.004778677209488,-2.2223723403620057,-1.5524068662099564
42.35,2610.301481,-4.77955788378145,-1.004778677209488,-2.2223723403620057,-1.5524068662099564
42.36666666666667,2610.417498,-5.659640590592257,-1.004778677209488,-3.102455047172813,-1.5524068662099564
42.38333333333333,2610.501027,-5.24781407340793,-1.004778677209488,-2.6906285299884862,-1.5524068662099564
42.4,2610.552075,-5.236708371990504,-1.004778677209488,-2.6795228285710606,-1.5524068662099564
42.416666666666664,2610.570664,-5.236708371990504,-1.004778677209488,-2.6795228285710606,-1.5524068662099564
42.43333333333333,2610.556801,-5.236708371990504,-1.004778677209488,-2.6795228285710606,-1.5524068662099564
42.45,2610.510489,-5.236708371990504,-1.004778677209488,-2.6795228285710606,-1.5524068662099564
42.46666666666667,2610.431725,-5.236708371990504,-1.004778677209488,-2.6795228285710606,-1.5524068662099564
42.483333333333334,2610.320513,-5.236708371990504,-1.004778677209488,-2.6795228285710606,-1.5524068662099564
42.5,2610.176855,-5.236708371990504,-1.004778677209488,-2.6795228285710606,-1.5524068662099564
42.516666666666666,2610.000753,-5.236708371990504,-1.004778677209488,-2.6795228285710606,-1.5524068662099564
42.53333333333333,2609.792213,-5.714559602575795,-1.004778677209488,-3.15737405915635,-1.5524068662099564
42.55,2609.55124,-5.784336560990974,-1.004778677209488,-3.22715101757153,-1.5524068662099564
42.56666666666667,2609.277839,-5.784336560990974,-1.004778677209488,-3.22715101757153,-1.5524068662099564
42.583333333333336,2608.972018,-5.784336560990974,-1.004778677209488,-3.22715101757153,-1.5524068662099564
42.6,2608.633769,-5.784336560990974,-1.004778677209488,-3.22715101757153,-1.5524068662099564
42.61666666666667,2608.263066,-5.784336560990974,-1.004778677209488,-3.22715101757153,-1.5524068662099564
42.63333333333333,2607.859905,-5.706979323650085,-1.004778677209488,-3.22715101757153,-1.4750496288690675
42.65,2607.424309,-5.334091321734132,-1.004778677209488,-3.22715101757153,-1.1021616269531138
42.666666666666664,2606.956335,-5.805037303367177,-1.004778677209488,-3.22715101757153,-1.5731076085861586
42.68333333333333,2606.45602,-5.874814261782353,-1.004778677209488,-3.22715101757153,-1.6428845670013343
42.7,2605.923712,-5.874814261782353,-1.004778677209488,-3.22715101757153,-1.6428845670013343
42.71666666666667,2605.360228,-6.572208288430948,-1.004778677209488,-3.522313567994576,-2.045116043226884
42.733333333333334,2604.76594,-6.964312111251164,-1.004778677209488,-3.5414419782152535,-2.418091455826422
42.75,2604.14148,-6.94954839736954,-1.004778677209488,-3.5414419782152535,-2.4033277419447976
42.766666666666666,2603.488319,-7.35177987359509,-1.004778677209488,-3.9436734544408036,-2.4033277419447976
42.78333333333333,2602.80709,-7.406698885578594,-1.004778677209488,-3.9985924664243084,-2.4033277419447976
42.8,2602.098169,-7.808930361804144,-1.004778677209488,-3.9985924664243084,-2.805559218170348
42.81666666666667,2601.362393,-7.86384937378765,-1.004778677209488,-3.9985924664243084,-2.860478230153853
42.833333333333336,2600.600117,-7.86384937378765,-1.004778677209488,-3.9985924664243084,-2.860478230153853
42.85,2599.811358,-7.86384937378765,-1.004778677209488,-3.9985924664243084,-2.860478230153853
42.86666666666667,2598.996121,-7.86384937378765,-1.004778677209488,-3.9985924664243084,-2.860478230153853
42.88333333333333,2598.154414,-7.86384937378765,-1.004778677209488,-3.9985924664243084,-2.860478230153853
42.9,2597.286286,-7.86384937378765,-1.004778677209488,-3.9985924664243084,-2.860478230153853
42.916666666666664,2596.391837,-8.266080850013198,-1.004778677209488,-4.400823942649858,-2.860478230153853
42.93333333333333,2595.471143,-8.186708850639247,-1.004778677209488,-3.919220467050356,-3.2627097063794035
42.95,2594.524993,-8.230522161205327,-1.004778677209488,-3.9081147656329307,-3.3176287183629083
42.96666666666667,2593.555245,-8.230522161205327,-1.004778677209488,-3.9081147656329307,-3.3176287183629083
42.983333333333334,2592.562734,-7.782134103807099,-1.004778677209488,-3.459726708234702,-3.3176287183629083
43.0,2591.548895,-7.773371672996273,-1.004778677209488,-3.450964277423876,-3.3176287183629083
43.016666666666666,2590.517047,-8.251222903581562,-1.004778677209488,-3.450964277423876,-3.795479948948197
43.03333333333333,2589.468619,-8.162356271312285,-1.004778677209488,-3.29232068673942,-3.8652569073633773
43.05,2588.404449,-7.3314987664208715,-1.004778677209488,-2.4614631818480057,-3.8652569073633773
43.06666666666667,2587.326388,-7.316221184787217,-1.004778677209488,-2.446185600214352,-3.8652569073633773
43.083333333333336,2586.235223,-7.316221184787217,-1.004778677209488,-2.446185600214352,-3.8652569073633773
43.1,2585.131025,-7.316221184787217,-1.004778677209488,-2.446185600214352,-3.8652569073633773
43.11666666666667,2584.013892,-7.316221184787217,-1.004778677209488,-2.446185600214352,-3.8652569073633773
43.13333333333333,2582.883869,-7.316221184787217,-1.004778677209488,-2.446185600214352,-3.8652569073633773
43.15,2581.740963,-7.316221184787217,-1.004778677209488,-2.446185600214352,-3.8652569073633773
43.166666666666664,2580.585173,-7.316221184787217,-1.004778677209488,-2.446185600214352,-3.8652569073633773
43.18333333333333,2579.416516,-7.316221184787217,-1.004778677209488,-2.446185600214352,-3.8652569073633773
43.2,2578.235344,-7.316221184787217,-1.004778677209488,-2.446185600214352,-3.8652569073633773
43.21666666666667,2577.042487,-7.316221184787217,-1.004778677209488,-2.446185600214352,-3.8652569073633773
43.233333333333334,2575.838317,-7.316221184787217,-1.004778677209488,-2.446185600214352,-3.8652569073633773
43.25,2574.623466,-7.195018618118288,-1.004778677209488,-2.324983033545423,-3.8652569073633773
43.266666666666666,2573.399392,-6.8603364580798605,-1.004778677209488,-1.9903008735069951,-3.8652569073633773
43.28333333333333,2572.166723,-6.859070696578161,-1.004778677209488,-1.9890351120052963,-3.8652569073633773
43.3,2570.925825,-6.859070696578161,-1.004778677209488,-1.9890351120052963,-3.8652569073633773
43.31666666666667,2569.677509,-6.859070696578161,-1.004778677209488,-1.9890351120052963,-3.8652569073633773
43.333333333333336,2568.422118,-6.859070696578161,-1.004778677209488,-1.9890351120052963,-3.8652569073633773
43.35,2567.159686,-6.859070696578161,-1.004778677209488,-1.9890351120052963,-3.8652569073633773
43.36666666666667,2565.890266,-6.859070696578161,-1.004778677209488,-1.9890351120052963,-3.8652569073633773
43.38333333333333,2564.61388,-6.859070696578161,-1.004778677209488,-1.9890351120052963,-3.8652569073633773
43.4,2563.330522,-6.859070696578161,-1.004778677209488,-1.9890351120052963,-3.8652569073633773
43.416666666666664,2562.040165,-6.859070696578161,-1.004778677209488,-1.9890351120052963,-3.8652569073633773
43.43333333333333,2560.742803,-6.859070696578161,-1.004778677209488,-1.9890351120052963,-3.8652569073633773
43.45,2559.438441,-6.859070696578161,-1.004778677209488,-1.9890351120052963,-3.8652569073633773
43.46666666666667,2558.127083,-6.859070696578161,-1.004778677209488,-1.9890351120052963,-3.8652569073633773
43.483333333333334,2556.808735,-6.839742661637387,-0.9854506422687133,-1.9890351120052963,-3.8652569073633773
43.5,2555.483401,-6.715309699690942,-0.8610176803222679,-1.9890351120052963,-3.8652569073633773
43.516666666666666,2554.151083,-5.958956775075984,-0.5530528131055393,-1.5406470546070676,-3.8652569073633773
43.53333333333333,2552.811785,-5.944769720160052,-0.5476281890004325,-1.5318846237962416,-3.8652569073633773
43.55,2551.465509,-5.944769720160052,-0.5476281890004325,-1.5318846237962416,-3.8652569073633773
43.56666666666667,2550.11226,-5.944769720160052,-0.5476281890004325,-1.5318846237962416,-3.8652569073633773
43.583333333333336,2548.752045,-5.944769720160052,-0.5476281890004325,-1.5318846237962416,-3.8652569073633773
43.6,2547.384864,-5.944769720160052,-0.5476281890004325,-1.5318846237962416,-3.8652569073633773
43.61666666666667,2546.010721,-5.944769720160052,-0.5476281890004325,-1.5318846237962416,-3.8652569073633773
43.63333333333333,2544.62962,-5.408247232577044,-0.011105701417425479,-1.5318846237962416,-3.8652569073633773
43.65,2543.241568,-5.41894646453477,0.0,-1.5536895571713925,-3.8652569073633773
43.666666666666664,2541.846574,-5.084200308160542,0.0,-1.2189434007971645,-3.8652569073633773
43.68333333333333,2540.444646,-5.0828505705158955,0.0,-1.217593663152518,-3.8652569073633773
43.7,2539.035826,-5.560701801101152,0.0,-1.6954448937377748,-3.8652569073633773
43.71666666666667,2537.620204,-5.630478759516327,0.0,-1.7652218521529504,-3.8652569073633773
43.733333333333334,2536.197822,-5.630478759516327,0.0,-1.7652218521529504,-3.8652569073633773
43.75,2534.768753,-5.630478759516327,0.0,-1.7652218521529504,-3.8652569073633773
43.766666666666666,2533.333157,-5.630478759516327,0.0,-1.7652218521529504,-3.8652569073633773
43.78333333333333,2531.891105,-5.630478759516327,0.0,-1.7652218521529504,-3.8652569073633773
43.8,2530.442641,-6.032710235741877,0.0,-1.7652218521529504,-4.267488383588927
43.81666666666667,2528.987859,-6.087629247725382,0.0,-1.7652218521529504,-4.322407395572432
43.833333333333336,2527.526801,-6.087629247725382,0.0,-1.7652218521529504,-4.322407395572432
43.85,2526.059472,-6.087629247725382,0.0,-1.7652218521529504,-4.322407395572432
43.86666666666667,2524.585878,-6.087629247725382,0.0,-1.7652218521529504,-4.322407395572432
43.88333333333333,2523.106024,-6.087629247725382,0.0,-1.7652218521529504,-4.322407395572432
43.9,2521.61992,-6.087629247725382,0.0,-1.7652218521529504,-4.322407395572432
43.916666666666664,2520.127579,-6.087629247725382,0.0,-1.7652218521529504,-4.322407395572432
43.93333333333333,2518.629018,-6.062166114546188,0.0,-1.7652218521529504,-4.296944262393238
43.95,2517.124326,-5.9951744633054975,0.0,-1.7652218521529504,-4.229952611152547
43.96666666666667,2515.613716,-6.446000871449436,0.0,-1.7652218521529504,-4.6807790192964855
43.983333333333334,2514.097284,-6.179613551812524,0.0,-1.7652218521529504,-4.414391699659574
44.0,2512.575195,-6.17810694851676,0.0,-1.7652218521529504,-4.4128850963638095
44.016666666666666,2511.04782,-6.17810694851676,0.0,-1.7652218521529504,-4.4128850963638095
44.03333333333333,2509.515325,-6.17810694851676,0.0,-1.7652218521529504,-4.4128850963638095
44.05,2507.977806,-6.17810694851676,0.0,-1.7652218521529504,-4.4128850963638095
44.06666666666667,2506.435471,-6.082513320972529,0.0,-1.66962822460872,-4.4128850963638095
44.083333333333336,2504.888412,-5.727443241036979,0.0,-1.3145581446731696,-4.4128850963638095
44.1,2503.336638,-5.720956460307705,0.0,-1.3080713639438957,-4.4128850963638095
44.11666666666667,2501.780163,-5.720956460307705,0.0,-1.3080713639438957,-4.4128850963638095
44.13333333333333,2500.218991,-5.720956460307705,0.0,-1.3080713639438957,-4.4128850963638095
44.15,2498.653129,-5.720956460307705,0.0,-1.3080713639438957,-4.4128850963638095
44.166666666666664,2497.08258,-5.720956460307705,0.0,-1.3080713639438957,-4.4128850963638095
44.18333333333333,2495.507346,-5.720956460307705,0.0,-1.3080713639438957,-4.4128850963638095
44.2,2493.927475,-5.720956460307705,0.0,-1.3080713639438957,-4.4128850963638095
44.21666666666667,2492.343075,-5.720956460307705,0.0,-1.3080713639438957,-4.4128850963638095
44.233333333333334,2490.754193,-5.720956460307705,0.0,-1.3080713639438957,-4.4128850963638095
44.25,2489.160912,-5.720956460307705,0.0,-1.3080713639438957,-4.4128850963638095
44.266666666666666,2487.563421,-5.745766590237012,0.0,-1.3080713639438957,-4.437695226293116
44.28333333333333,2485.9618,-5.821837875274922,0.0,-1.7103028401694462,-4.111535035105476
44.3,2484.356098,-5.874814261782353,0.0,-1.7652218521529512,-4.109592409629402
44.31666666666667,2482.746421,-5.874814261782353,0.0,-1.7652218521529512,-4.109592409629402
44.333333333333336,2481.132817,-5.874814261782353,0.0,-1.7652218521529512,-4.109592409629402
44.35,2479.515292,-6.277045738007903,0.0,-1.7652218521529512,-4.511823885854952
44.36666666666667,2477.893857,-6.03107688241653,0.0,-1.4643339845780727,-4.5667428978384565
44.38333333333333,2476.268515,-6.028672063257,0.0,-1.461929165418543,-4.5667428978384565
44.4,2474.639272,-6.028672063257,0.0,-1.461929165418543,-4.5667428978384565
44.416666666666664,2473.006123,-6.028672063257,0.0,-1.461929165418543,-4.5667428978384565
44.43333333333333,2471.369074,-5.753028472110547,0.0,-1.461929165418543,-4.291099306692004
44.45,2469.728127,-5.484052005175197,0.0,-1.461929165418543,-4.022122839756654
44.46666666666667,2468.083293,-5.48104387425653,0.0,-1.461929165418543,-4.0191147088379875
44.483333333333334,2466.434578,-5.48104387425653,0.0,-1.461929165418543,-4.0191147088379875
44.5,2464.781989,-5.48104387425653,0.0,-1.461929165418543,-4.0191147088379875
44.516666666666666,2463.125544,-5.48104387425653,0.0,-1.461929165418543,-4.0191147088379875
44.53333333333333,2461.465251,-5.48104387425653,0.0,-1.461929165418543,-4.0191147088379875
44.55,2459.801112,-5.48104387425653,0.0,-1.461929165418543,-4.0191147088379875
44.56666666666667,2458.133135,-5.48104387425653,0.0,-1.461929165418543,-4.0191147088379875
44.583333333333336,2456.461323,-5.48104387425653,0.0,-1.461929165418543,-4.0191147088379875
44.6,2454.785699,-5.48104387425653,0.0,-1.461929165418543,-4.0191147088379875
44.61666666666667,2453.106311,-5.48104387425653,0.0,-1.461929165418543,-4.0191147088379875
44.63333333333333,2451.423181,-5.48104387425653,0.0,-1.461929165418543,-4.0191147088379875
44.65,2449.736284,-5.48104387425653,0.0,-1.461929165418543,-4.0191147088379875
44.666666666666664,2448.045553,-5.310414607839888,0.0,-1.461929165418543,-3.848485442421346
44.68333333333333,2446.350951,-4.940224329761843,0.0,-1.461929165418543,-3.478295164343301
44.7,2444.651981,-4.933415685256062,0.0,-1.461929165418543,-3.471486519837519
44.71666666666667,2442.947471,-4.933415685256062,0.0,-1.461929165418543,-3.471486519837519
44.733333333333334,2441.236899,-4.933415685256062,0.0,-1.461929165418543,-3.471486519837519
44.75,2439.519358,-4.933415685256062,0.0,-1.461929165418543,-3.471486519837519
44.766666666666666,2437.792726,-4.933415685256062,0.0,-1.461929165418543,-3.471486519837519
44.78333333333333,2436.056099,-4.933415685256062,0.0,-1.461929165418543,-3.471486519837519
44.8,2434.308949,-4.933415685256062,0.0,-1.461929165418543,-3.471486519837519
44.81666666666667,2432.550087,-5.411266915841319,0.0,-1.461929165418543,-3.949337750422776
44.833333333333336,2430.779015,-5.481043874256494,0.0,-1.461929165418543,-4.019114708837951
44.85,2428.995732,-5.481043874256494,0.0,-1.461929165418543,-4.019114708837951
44.86666666666667,2427.200265,-5.481043874256494,0.0,-1.461929165418543,-4.019114708837951
44.88333333333333,2425.392627,-5.481043874256494,0.0,-1.461929165418543,-4.019114708837951
44.9,2423.572773,-5.481043874256494,0.0,-1.461929165418543,-4.019114708837951
44.916666666666664,2421.740585,-5.481043874256494,0.0,-1.461929165418543,-4.019114708837951
44.93333333333333,2419.895983,-5.481043874256494,0.0,-1.461929165418543,-4.019114708837951
44.95,2418.037841,-5.481043874256494,0.0,-1.461929165418543,-4.019114708837951
44.96666666666667,2416.163465,-5.032655816858265,0.0,-1.013541108020314,-4.019114708837951
44.983333333333334,2414.271664,-5.023893386047439,0.0,-1.004778677209488,-4.019114708837951
45.0,2412.360371,-4.858957351855951,0.0,-1.004778677209488,-3.8541786746464624
45.016666666666666,2410.424754,-4.57170774800761,0.0,-1.004778677209488,-3.5669290707981216
45.03333333333333,2408.462759,-4.566742897838385,0.0,-1.004778677209488,-3.561964220628896
45.05,2406.4732,-4.566742897838385,0.0,-1.004778677209488,-3.561964220628896
45.06666666666667,2404.453402,-5.0445941284236415,0.0,-1.482629907794745,-3.561964220628896
45.083333333333336,2402.40226,-4.57784859925581,0.0,-1.0158843786269136,-3.561964220628896
45.1,2400.319716,-4.566742897838385,0.0,-1.004778677209488,-3.561964220628896
45.11666666666667,2398.205677,-4.566742897838385,0.0,-1.004778677209488,-3.561964220628896
45.13333333333333,2396.060125,-4.566742897838385,0.0,-1.004778677209488,-3.561964220628896
45.15,2393.8831,-5.0445941284236415,0.0,-1.004778677209488,-4.039815451214153
45.166666666666664,2391.674652,-5.036585689225123,0.0,-0.9269932795957939,-4.109592409629329
45.18333333333333,2389.434809,-4.641165951879804,0.0,-0.5545235272895546,-4.0866424245902495
45.2,2387.163097,-4.969689473860979,0.0,-0.5476281890004325,-4.422061284860546
45.21666666666667,2384.858345,-4.966399991709464,0.0,-0.5476281890004325,-4.418771802709031
45.233333333333334,2382.52005,-4.958849683249467,0.0,-0.5476281890004325,-4.411221494249034
45.25,2380.147336,-4.943923369828614,0.0,-0.5476281890004325,-4.396295180828181
45.266666666666666,2377.738095,-4.659916521185413,0.0,-0.5476281890004325,-4.11228833218498
45.28333333333333,2375.291454,-5.059452074855312,0.0,-0.5476281890004325,-4.511823885854879
45.3,2372.806932,-5.114371086838816,0.0,-0.5476281890004325,-4.566742897838384
45.31666666666667,2370.283389,-5.114371086838816,0.0,-0.5476281890004325,-4.566742897838384
45.333333333333336,2367.720378,-5.114371086838816,0.0,-0.5476281890004325,-4.566742897838384
45.35,2365.117912,-5.114371086838816,0.0,-0.5476281890004325,-4.566742897838384
45.36666666666667,2362.475982,-5.114371086838816,0.0,-0.5476281890004325,-4.566742897838384
45.38333333333333,2359.794618,-5.0722079701210445,0.0,-0.5476281890004325,-4.524579781120612
45.4,2357.0739,-5.006768173426784,0.0,-0.5476281890004325,-4.4591399844263515
45.416666666666664,2354.313935,-4.9514042064857255,0.0,-0.5476281890004325,-4.403776017485293
45.43333333333333,2351.514803,-4.951414260446406,0.0,-0.5476281890004325,-4.403786071445974
45.45,2348.676565,-4.928295461274115,0.0,-0.5476281890004325,-4.380667272273683
45.46666666666667,2345.799276,-4.942086610924363,0.0,-0.5476281890004325,-4.394458421923931
45.483333333333334,2342.882997,-4.9691082360989665,0.0,-0.5476281890004325,-4.421480047098534
45.5,2339.92779,-4.847515083740624,0.0,-0.5476281890004325,-4.299886894740191
45.516666666666666,2336.933713,-4.6576276749148855,0.0,-0.5476281890004325,-4.109999485914453
45.53333333333333,2333.900829,-4.6572205986297615,0.0,-0.5476281890004325,-4.109592409629329
45.55,2330.829204,-4.6572205986297615,0.0,-0.5476281890004325,-4.109592409629329
45.56666666666667,2327.718907,-4.6572205986297615,0.0,-0.5476281890004325,-4.109592409629329
45.583333333333336,2324.570007,-4.6572205986297615,0.0,-0.5476281890004325,-4.109592409629329
45.6,2321.382558,-4.6572205986297615,0.0,-0.5476281890004325,-4.109592409629329
45.61666666666667,2318.156597,-4.6572205986297615,0.0,-0.5476281890004325,-4.109592409629329
45.63333333333333,2314.892179,-4.6572205986297615,0.0,-0.5476281890004325,-4.109592409629329
45.65,2311.589406,-4.6572205986297615,0.0,-0.5476281890004325,-4.109592409629329
45.666666666666664,2308.248411,-4.6572205986297615,0.0,-0.5476281890004325,-4.109592409629329
45.68333333333333,2304.869304,-4.6572205986297615,0.0,-0.5476281890004325,-4.109592409629329
45.7,2301.452583,-4.6572205986297615,0.0,-0.5476281890004325,-4.109592409629329
45.71666666666667,2297.999311,-4.6572205986297615,0.0,-0.5476281890004325,-4.109592409629329
45.733333333333334,2294.510011,-4.6572205986297615,0.0,-0.5476281890004325,-4.109592409629329
45.75,2290.985524,-4.6572205986297615,0.0,-0.5476281890004325,-4.109592409629329
45.766666666666666,2287.427707,-4.6572205986297615,0.0,-0.5476281890004325,-4.109592409629329
45.78333333333333,2283.837403,-4.6572205986297615,0.0,-0.5476281890004325,-4.109592409629329
45.8,2280.215131,-4.6572205986297615,0.0,-0.5476281890004325,-4.109592409629329
45.81666666666667,2276.56197,-4.6572205986297615,0.0,-0.5476281890004325,-4.109592409629329
45.833333333333336,2272.878413,-4.6572205986297615,0.0,-0.5476281890004325,-4.109592409629329
45.85,2269.164538,-4.6572205986297615,0.0,-0.5476281890004325,-4.109592409629329
45.86666666666667,2265.420402,-4.6572205986297615,0.0,-0.5476281890004325,-4.109592409629329
45.88333333333333,2261.646072,-4.6572205986297615,0.0,-0.5476281890004325,-4.109592409629329
45.9,2257.841663,-5.059452074855312,0.0,-0.5476281890004325,-4.511823885854879
45.916666666666664,2254.007352,-5.114371086838816,0.0,-0.5476281890004325,-4.566742897838384
45.93333333333333,2250.143287,-5.114371086838816,0.0,-0.5476281890004325,-4.566742897838384
45.95,2246.250493,-5.114371086838816,0.0,-0.5476281890004325,-4.566742897838384
45.96666666666667,2242.331305,-5.114371086838816,0.0,-0.5476281890004325,-4.566742897838384
45.983333333333334,2238.386802,-5.114371086838816,0.0,-0.5476281890004325,-4.566742897838384
46.0,2234.418792,-5.114371086838816,0.0,-0.5476281890004325,-4.566742897838384
46.016666666666666,2230.431402,-5.114371086838816,0.0,-0.5476281890004325,-4.566742897838384
46.03333333333333,2226.426424,-5.114371086838816,0.0,-0.5476281890004325,-4.566742897838384
46.05,2222.404921,-5.114371086838816,0.0,-0.5476281890004325,-4.566742897838384
46.06666666666667,2218.369205,-5.114371086838816,0.0,-0.5476281890004325,-4.566742897838384
46.083333333333336,2214.320271,-5.114371086838816,0.0,-0.5476281890004325,-4.566742897838384
46.1,2210.258229,-5.114371086838816,0.0,-0.5476281890004325,-4.566742897838384
46.11666666666667,2206.183227,-5.114371086838816,0.0,-0.5476281890004325,-4.566742897838384
46.13333333333333,2202.095346,-5.114371086838816,0.0,-0.5476281890004325,-4.566742897838384
46.15,2197.99462,-5.114371086838816,0.0,-0.5476281890004325,-4.566742897838384
46.166666666666664,2193.88107,-5.114371086838816,0.0,-0.5476281890004325,-4.566742897838384
46.18333333333333,2189.754744,-5.114371086838816,0.0,-0.5476281890004325,-4.566742897838384
46.2,2185.616097,-5.114371086838816,0.0,-0.5476281890004325,-4.566742897838384
46.21666666666667,2181.466163,-5.114371086838816,0.0,-0.5476281890004325,-4.566742897838384
46.233333333333334,2177.305422,-5.114371086838816,0.0,-0.5476281890004325,-4.566742897838384
46.25,2173.134663,-5.114371086838816,0.0,-0.5476281890004325,-4.566742897838384
46.266666666666666,2168.955687,-5.114371086838816,0.0,-0.5476281890004325,-4.566742897838384
46.28333333333333,2164.769277,-5.114371086838816,0.0,-0.5476281890004325,-4.566742897838384
46.3,2160.575893,-5.114371086838816,0.0,-0.5476281890004325,-4.566742897838384
46.31666666666667,2156.376539,-5.114371086838816,0.0,-0.5476281890004325,-4.566742897838384
46.333333333333336,2152.171643,-5.114371086838816,0.0,-0.5476281890004325,-4.566742897838384
46.35,2147.961258,-5.114371086838816,0.0,-0.5476281890004325,-4.566742897838384
46.36666666666667,2143.745458,-5.114371086838816,0.0,-0.5476281890004325,-4.566742897838384
46.38333333333333,2139.524279,-5.114371086838816,0.0,-0.5476281890004325,-4.566742897838384
46.4,2135.297724,-5.114371086838816,0.0,-0.5476281890004325,-4.566742897838384
46.416666666666664,2131.065771,-5.114371086838816,0.0,-0.5476281890004325,-4.566742897838384
46.43333333333333,2126.828418,-5.114371086838816,0.0,-0.5476281890004325,-4.566742897838384
46.45,2122.58568,-5.114371086838816,0.0,-0.5476281890004325,-4.566742897838384
46.46666666666667,2118.337563,-5.114371086838816,0.0,-0.5476281890004325,-4.566742897838384
46.483333333333334,2114.08408,-5.114371086838816,0.0,-0.5476281890004325,-4.566742897838384
46.5,2109.825237,-5.114371086838816,0.0,-0.5476281890004325,-4.566742897838384
46.516666666666666,2105.561028,-5.114371086838816,0.0,-0.5476281890004325,-4.566742897838384
46.53333333333333,2101.291459,-5.114371086838816,0.0,-0.5476281890004325,-4.566742897838384
46.55,2097.016542,-5.114371086838816,0.0,-0.5476281890004325,-4.566742897838384
46.56666666666667,2092.736285,-5.114371086838816,0.0,-0.5476281890004325,-4.566742897838384
46.583333333333336,2088.450699,-5.114371086838816,0.0,-0.5476281890004325,-4.566742897838384
46.6,2084.159785,-5.114371086838816,0.0,-0.5476281890004325,-4.566742897838384
46.61666666666667,2079.863529,-5.592222317424073,0.0,-0.5476281890004325,-5.044594128423641
46.63333333333333,2075.561929,-5.661999275839249,0.0,-0.5476281890004325,-5.114371086838816
46.65,2071.255026,-5.661999275839249,0.0,-0.5476281890004325,-5.114371086838816
46.666666666666664,2066.942883,-5.661999275839249,0.0,-0.5476281890004325,-5.114371086838816
46.68333333333333,2062.625548,-5.661999275839249,0.0,-0.5476281890004325,-5.114371086838816
46.7,2058.303403,-5.661999275839249,0.0,-0.5476281890004325,-5.114371086838816
46.71666666666667,2053.977334,-5.493814249958756,0.0,-0.5476281890004325,-4.946186060958324
46.733333333333334,2049.64774,-5.208759198715976,0.0,-0.5476281890004325,-4.661131009715543
46.75,2045.315308,-5.204848787630193,0.0,-0.5476281890004325,-4.657220598629761
46.766666666666666,2040.981617,-5.204848787630193,0.0,-0.5476281890004325,-4.657220598629761
46.78333333333333,2036.647348,-5.204848787630193,0.0,-0.5476281890004325,-4.657220598629761
46.8,2032.312899,-5.204848787630193,0.0,-0.5476281890004325,-4.657220598629761
46.81666666666667,2027.979161,-5.204848787630193,0.0,-0.5476281890004325,-4.657220598629761
46.833333333333336,2023.646506,-5.204848787630193,0.0,-0.5476281890004325,-4.657220598629761
46.85,2019.314939,-5.204848787630193,0.0,-0.5476281890004325,-4.657220598629761
46.86666666666667,2014.984449,-5.204848787630193,0.0,-0.5476281890004325,-4.657220598629761
46.88333333333333,2010.655029,-5.204848787630193,0.0,-0.5476281890004325,-4.657220598629761
46.9,2006.326717,-5.204848787630193,0.0,-0.5476281890004325,-4.657220598629761
46.916666666666664,2001.999612,-5.204848787630193,0.0,-0.5476281890004325,-4.657220598629761
46.93333333333333,1997.673779,-5.204848787630193,0.0,-0.5476281890004325,-4.657220598629761
46.95,1993.350078,-5.204848787630193,0.0,-0.5476281890004325,-4.657220598629761
46.96666666666667,1989.030553,-5.204848787630193,0.0,-0.5476281890004325,-4.657220598629761
46.983333333333334,1984.716109,-5.204848787630193,0.0,-0.5476281890004325,-4.657220598629761
47.0,1980.40831,-5.204848787630193,0.0,-0.5476281890004325,-4.657220598629761
47.016666666666666,1976.110816,-5.188935665293402,0.0,-0.5476281890004325,-4.64130747629297
47.03333333333333,1971.825173,-5.111470009125288,0.0,-0.5476281890004325,-4.563841820124855
47.05,1967.552263,-4.59163159489499,0.0,-0.5476281890004325,-4.044003405894557
47.06666666666667,1963.294104,-4.2955471789416855,0.0,-0.5476281890004325,-3.7479189899412533
47.083333333333336,1959.05151,-4.290547811212083,0.0,-0.5476281890004325,-3.742919622211651
47.1,1954.824505,-4.290547811212083,0.0,-0.5476281890004325,-3.742919622211651
47.11666666666667,1950.613143,-4.290547811212083,0.0,-0.5476281890004325,-3.742919622211651
47.13333333333333,1946.417412,-4.290547811212083,0.0,-0.5476281890004325,-3.742919622211651
47.15,1942.237265,-4.290547811212083,0.0,-0.5476281890004325,-3.742919622211651
47.166666666666664,1938.072642,-4.290547811212083,0.0,-0.5476281890004325,-3.742919622211651
47.18333333333333,1933.923503,-4.290547811212083,0.0,-0.5476281890004325,-3.742919622211651
47.2,1929.790179,-4.290547811212083,0.0,-0.5476281890004325,-3.742919622211651
47.21666666666667,1925.673526,-4.290547811212083,0.0,-0.5476281890004325,-3.742919622211651
47.233333333333334,1921.573895,-4.290547811212083,0.0,-0.5476281890004325,-3.742919622211651
47.25,1917.49192,-4.290547811212083,0.0,-0.5476281890004325,-3.742919622211651
47.266666666666666,1913.429146,-4.290547811212083,0.0,-0.5476281890004325,-3.742919622211651
47.28333333333333,1909.386202,-4.768399041797341,0.0,-1.0254794195856896,-3.742919622211651
47.3,1905.363421,-5.240407476438066,0.0,-1.095256378000865,-4.145151098437201
47.31666666666667,1901.361629,-5.295326488421571,0.0,-1.095256378000865,-4.200070110420706
47.333333333333336,1897.381133,-5.295326488421571,0.0,-1.095256378000865,-4.200070110420706
47.35,1893.421901,-5.295326488421571,0.0,-1.095256378000865,-4.200070110420706
47.36666666666667,1889.483919,-5.295326488421571,0.0,-1.095256378000865,-4.200070110420706
47.38333333333333,1885.56714,-5.054559806637521,0.0,-1.095256378000865,-3.9593034286366553
47.4,1881.671487,-4.838529340056,0.0,-1.095256378000865,-3.7432729620551344
47.416666666666664,1877.796858,-4.838176000212515,0.0,-1.095256378000865,-3.7429196222116503
47.43333333333333,1873.943176,-4.838176000212515,0.0,-1.095256378000865,-3.7429196222116503
47.45,1870.110371,-4.838176000212515,0.0,-1.095256378000865,-3.7429196222116503
47.46666666666667,1866.298373,-4.838176000212515,0.0,-1.095256378000865,-3.7429196222116503
47.483333333333334,1862.507111,-4.838176000212515,0.0,-1.095256378000865,-3.7429196222116503
47.5,1858.736515,-4.838176000212515,0.0,-1.095256378000865,-3.7429196222116503
47.516666666666666,1854.986501,-4.838176000212515,0.0,-1.095256378000865,-3.7429196222116503
47.53333333333333,1851.256996,-4.838176000212515,0.0,-1.095256378000865,-3.7429196222116503
47.55,1847.547934,-4.838176000212515,0.0,-1.095256378000865,-3.7429196222116503
47.56666666666667,1843.859242,-4.838176000212515,0.0,-1.095256378000865,-3.7429196222116503
47.583333333333336,1840.190853,-4.838176000212515,0.0,-1.095256378000865,-3.7429196222116503
47.6,1836.542705,-4.838176000212515,0.0,-1.095256378000865,-3.7429196222116503
47.61666666666667,1832.91474,-4.838176000212515,0.0,-1.095256378000865,-3.7429196222116503
47.63333333333333,1829.306899,-4.838176000212515,0.0,-1.095256378000865,-3.7429196222116503
47.65,1825.719118,-5.240407476438065,0.0,-1.095256378000865,-4.1451510984372
47.666666666666664,1822.151335,-5.29532648842157,0.0,-1.095256378000865,-4.200070110420705
47.68333333333333,1818.603487,-5.29532648842157,0.0,-1.095256378000865,-4.200070110420705
47.7,1815.075492,-5.29532648842157,0.0,-1.095256378000865,-4.200070110420705
47.71666666666667,1811.567234,-5.29532648842157,0.0,-1.095256378000865,-4.200070110420705
47.733333333333334,1808.078631,-5.29532648842157,0.0,-1.095256378000865,-4.200070110420705
47.75,1804.60958,-5.29532648842157,0.0,-1.095256378000865,-4.200070110420705
47.766666666666666,1801.159926,-5.29532648842157,0.0,-1.095256378000865,-4.200070110420705
47.78333333333333,1797.729569,-5.29532648842157,0.0,-1.095256378000865,-4.200070110420705
47.8,1794.318427,-5.29532648842157,0.0,-1.095256378000865,-4.200070110420705
47.81666666666667,1790.926389,-5.29532648842157,0.0,-1.095256378000865,-4.200070110420705
47.833333333333336,1787.553376,-5.29532648842157,0.0,-1.095256378000865,-4.200070110420705
47.85,1784.199331,-5.29532648842157,0.0,-1.095256378000865,-4.200070110420705
47.86666666666667,1780.864201,-5.29532648842157,0.0,-1.095256378000865,-4.200070110420705
47.88333333333333,1777.54793,-5.29532648842157,0.0,-1.095256378000865,-4.200070110420705
47.9,1774.250463,-5.29532648842157,0.0,-1.095256378000865,-4.200070110420705
47.916666666666664,1770.971743,-5.29532648842157,0.0,-1.095256378000865,-4.200070110420705
47.93333333333333,1767.711714,-5.29532648842157,0.0,-1.095256378000865,-4.200070110420705
47.95,1764.470284,-5.29532648842157,0.0,-1.095256378000865,-4.200070110420705
47.96666666666667,1761.247313,-5.29532648842157,0.0,-1.095256378000865,-4.200070110420705
47.983333333333334,1758.042707,-4.758804000838563,0.0,-0.558733890417858,-4.200070110420705
48.0,1754.856347,-4.5340029489311275,0.0,-0.5476281890004325,-3.9863747599306953
48.016666666666666,1751.68802,-4.201674713577193,0.0,-0.5476281890004325,-3.65404652457676
48.03333333333333,1748.537608,-4.200070110420705,0.0,-0.5476281890004325,-3.6524419214202726
48.05,1745.405019,-4.200070110420705,0.0,-0.5476281890004325,-3.6524419214202726
48.06666666666667,1742.290115,-4.200070110420705,0.0,-0.5476281890004325,-3.6524419214202726
48.083333333333336,1739.192808,-4.200070110420705,0.0,-0.5476281890004325,-3.6524419214202726
48.1,1736.113046,-3.663547622837698,0.0,-0.011105701417425479,-3.6524419214202726
48.11666666666667,1733.050776,-3.6524419214202726,0.0,0.0,-3.6524419214202726
48.13333333333333,1730.005946,-3.6524419214202726,0.0,0.0,-3.6524419214202726
48.15,1726.978509,-3.6524419214202726,0.0,0.0,-3.6524419214202726
48.166666666666664,1723.968417,-3.6524419214202726,0.0,0.0,-3.6524419214202726
48.18333333333333,1720.97562,-3.6524419214202726,0.0,0.0,-3.6524419214202726
48.2,1718.000055,-3.6524419214202726,0.0,0.0,-3.6524419214202726
48.21666666666667,1715.041632,-3.6524419214202726,0.0,0.0,-3.6524419214202726
48.233333333333334,1712.100284,-3.6524419214202726,0.0,0.0,-3.6524419214202726
48.25,1709.175934,-3.6524419214202726,0.0,0.0,-3.6524419214202726
48.266666666666666,1706.26846,-3.6524419214202726,0.0,0.0,-3.6524419214202726
48.28333333333333,1703.377786,-3.6524419214202726,0.0,0.0,-3.6524419214202726
48.3,1700.503846,-3.6524419214202726,0.0,0.0,-3.6524419214202726
48.31666666666667,1697.646554,-3.6524419214202726,0.0,0.0,-3.6524419214202726
48.333333333333336,1694.805849,-3.6524419214202726,0.0,0.0,-3.6524419214202726
48.35,1691.981685,-3.6524419214202726,0.0,0.0,-3.6524419214202726
48.36666666666667,1689.174016,-3.6524419214202726,0.0,0.0,-3.6524419214202726
48.38333333333333,1686.382797,-3.6524419214202726,0.0,0.0,-3.6524419214202726
48.4,1683.607986,-3.6524419214202726,0.0,0.0,-3.6524419214202726
48.416666666666664,1680.849539,-3.6524419214202726,0.0,0.0,-3.6524419214202726
48.43333333333333,1678.107416,-3.6524419214202726,0.0,0.0,-3.6524419214202726
48.45,1675.381572,-3.6524419214202726,0.0,0.0,-3.6524419214202726
48.46666666666667,1672.671964,-3.6524419214202726,0.0,0.0,-3.6524419214202726
48.483333333333334,1669.978548,-3.6524419214202726,0.0,0.0,-3.6524419214202726
48.5,1667.301282,-3.6524419214202726,0.0,0.0,-3.6524419214202726
48.516666666666666,1664.640121,-3.6524419214202726,0.0,0.0,-3.6524419214202726
48.53333333333333,1661.995022,-3.6524419214202726,0.0,0.0,-3.6524419214202726
48.55,1659.365943,-3.6524419214202726,0.0,0.0,-3.6524419214202726
48.56666666666667,1656.752842,-3.6524419214202726,0.0,0.0,-3.6524419214202726
48.583333333333336,1654.155678,-3.6524419214202726,0.0,0.0,-3.6524419214202726
48.6,1651.57441,-3.6524419214202726,0.0,0.0,-3.6524419214202726
48.61666666666667,1649.009004,-3.6524419214202726,0.0,0.0,-3.6524419214202726
48.63333333333333,1646.459422,-3.6524419214202726,0.0,0.0,-3.6524419214202726
48.65,1643.925621,-3.6524419214202726,0.0,0.0,-3.6524419214202726
48.666666666666664,1641.407555,-3.6524419214202726,0.0,0.0,-3.6524419214202726
48.68333333333333,1638.905181,-3.6524419214202726,0.0,0.0,-3.6524419214202726
48.7,1636.418409,-3.6524419214202726,0.0,0.0,-3.6524419214202726
48.71666666666667,1633.94708,-3.6524419214202726,0.0,0.0,-3.6524419214202726
48.733333333333334,1631.491104,-3.6524419214202726,0.0,0.0,-3.6524419214202726
48.75,1629.050349,-3.6524419214202726,0.0,0.0,-3.6524419214202726
48.766666666666666,1626.624563,-3.6524419214202726,0.0,0.0,-3.6524419214202726
48.78333333333333,1624.213615,-3.6524419214202726,0.0,0.0,-3.6524419214202726
48.8,1621.817416,-3.6524419214202726,0.0,0.0,-3.6524419214202726
48.81666666666667,1619.435808,-3.6524419214202726,0.0,0.0,-3.6524419214202726
48.833333333333336,1617.068704,-3.6524419214202726,0.0,0.0,-3.6524419214202726
48.85,1614.716067,-3.6524419214202726,0.0,0.0,-3.6524419214202726
48.86666666666667,1612.377864,-3.6524419214202726,0.0,0.0,-3.6524419214202726
48.88333333333333,1610.054062,-3.6524419214202726,0.0,0.0,-3.6524419214202726
48.9,1607.74462,-3.5245527629431876,0.0,0.0,-3.5245527629431876
48.916666666666664,1605.449491,-3.112638400528381,0.0,0.0,-3.112638400528381
48.93333333333333,1603.168634,-3.10481373241984,0.0,0.0,-3.10481373241984
48.95,1600.901899,-3.10481373241984,0.0,0.0,-3.10481373241984
48.96666666666667,1598.648982,-3.10481373241984,0.0,0.0,-3.10481373241984
48.983333333333334,1596.409729,-3.10481373241984,0.0,0.0,-3.10481373241984
49.0,1594.1839,-3.10481373241984,0.0,0.0,-3.10481373241984
49.016666666666666,1591.970975,-3.10481373241984,0.0,0.0,-3.10481373241984
49.03333333333333,1589.770716,-3.10481373241984,0.0,0.0,-3.10481373241984
49.05,1587.582971,-3.10481373241984,0.0,0.0,-3.10481373241984
49.06666666666667,1585.40744,-3.10481373241984,0.0,0.0,-3.10481373241984
49.083333333333336,1583.243981,-3.10481373241984,0.0,0.0,-3.10481373241984
49.1,1581.092557,-3.10481373241984,0.0,0.0,-3.10481373241984
49.11666666666667,1578.953127,-3.10481373241984,0.0,0.0,-3.10481373241984
49.13333333333333,1576.825658,-3.10481373241984,0.0,0.0,-3.10481373241984
49.15,1574.710125,-3.10481373241984,0.0,0.0,-3.10481373241984
49.166666666666664,1572.6065,-3.10481373241984,0.0,0.0,-3.10481373241984
49.18333333333333,1570.514758,-3.10481373241984,0.0,0.0,-3.10481373241984
49.2,1568.434821,-3.10481373241984,0.0,0.0,-3.10481373241984
49.21666666666667,1566.366545,-3.10481373241984,0.0,0.0,-3.10481373241984
49.233333333333334,1564.309851,-3.10481373241984,0.0,0.0,-3.10481373241984
49.25,1562.264624,-3.10481373241984,0.0,0.0,-3.10481373241984
49.266666666666666,1560.230629,-3.10481373241984,0.0,0.0,-3.10481373241984
49.28333333333333,1558.20775,-3.10481373241984,0.0,0.0,-3.10481373241984
49.3,1556.195912,-3.10481373241984,0.0,0.0,-3.10481373241984
49.31666666666667,1554.194975,-3.10481373241984,0.0,0.0,-3.10481373241984
49.333333333333336,1552.204866,-3.10481373241984,0.0,0.0,-3.10481373241984
49.35,1550.225556,-3.10481373241984,0.0,0.0,-3.10481373241984
49.36666666666667,1548.257017,-3.10481373241984,0.0,0.0,-3.10481373241984
49.38333333333333,1546.299222,-3.10481373241984,0.0,0.0,-3.10481373241984
49.4,1544.35215,-3.10481373241984,0.0,0.0,-3.10481373241984
49.416666666666664,1542.415783,-3.10481373241984,0.0,0.0,-3.10481373241984
49.43333333333333,1540.4901,-2.841453894065615,0.0,0.0,-2.841453894065615
49.45,1538.57508,-2.559793174674507,0.0,0.0,-2.559793174674507
49.46666666666667,1536.670705,-2.5571855434194073,0.0,0.0,-2.5571855434194073
49.483333333333334,1534.776955,-2.5571855434194073,0.0,0.0,-2.5571855434194073
49.5,1532.893811,-2.5571855434194073,0.0,0.0,-2.5571855434194073
49.516666666666666,1531.021258,-2.5571855434194073,0.0,0.0,-2.5571855434194073
49.53333333333333,1529.159277,-2.5571855434194073,0.0,0.0,-2.5571855434194073
49.55,1527.30785,-2.5571855434194073,0.0,0.0,-2.5571855434194073
49.56666666666667,1525.466959,-2.5571855434194073,0.0,0.0,-2.5571855434194073
49.583333333333336,1523.636584,-2.5571855434194073,0.0,0.0,-2.5571855434194073
49.6,1521.816702,-2.5571855434194073,0.0,0.0,-2.5571855434194073
49.61666666666667,1520.007291,-2.5571855434194073,0.0,0.0,-2.5571855434194073
49.63333333333333,1518.208328,-2.5571855434194073,0.0,0.0,-2.5571855434194073
49.65,1516.419794,-2.5571855434194073,0.0,0.0,-2.5571855434194073
49.666666666666664,1514.641671,-2.5571855434194073,0.0,0.0,-2.5571855434194073
49.68333333333333,1512.87394,-2.5571855434194073,0.0,0.0,-2.5571855434194073
49.7,1511.116606,-2.5571855434194073,0.0,0.0,-2.5571855434194073
49.71666666666667,1509.369709,-2.5571855434194073,0.0,0.0,-2.5571855434194073
49.733333333333334,1507.633257,-2.5571855434194073,0.0,0.0,-2.5571855434194073
49.75,1505.907276,-2.5571855434194073,0.0,0.0,-2.5571855434194073
49.766666666666666,1504.191854,-2.5571855434194073,0.0,0.0,-2.5571855434194073
49.78333333333333,1502.487019,-2.5571855434194073,0.0,0.0,-2.5571855434194073
49.8,1500.792777,-2.5571855434194073,0.0,0.0,-2.5571855434194073
49.81666666666667,1499.10917,-2.5571855434194073,0.0,0.0,-2.5571855434194073
49.833333333333336,1497.436203,-2.5571855434194073,0.0,0.0,-2.5571855434194073
49.85,1495.773857,-2.5571855434194073,0.0,0.0,-2.5571855434194073
49.86666666666667,1494.12211,-2.5571855434194073,0.0,0.0,-2.5571855434194073
49.88333333333333,1492.480944,-2.5571855434194073,0.0,0.0,-2.5571855434194073
49.9,1490.850338,-2.5571855434194073,0.0,0.0,-2.5571855434194073
49.916666666666664,1489.230281,-2.5571855434194073,0.0,0.0,-2.5571855434194073
49.93333333333333,1487.620756,-2.5571855434194073,0.0,0.0,-2.5571855434194073
49.95,1486.021798,-2.5571855434194073,0.0,0.0,-2.5571855434194073
49.96666666666667,1484.433516,-2.5571855434194073,0.0,0.0,-2.5571855434194073
49.983333333333334,1482.855948,-2.5571855434194073,0.0,0.0,-2.5571855434194073
50.0,1481.289171,-2.5571855434194073,0.0,0.0,-2.5571855434194073
50.016666666666666,1479.733399,-2.5571855434194073,0.0,0.0,-2.5571855434194073
50.03333333333333,1478.188708,-2.5571855434194073,0.0,0.0,-2.5571855434194073
50.05,1476.655138,-2.5571855434194073,0.0,0.0,-2.5571855434194073
50.06666666666667,1475.132796,-2.5571855434194073,0.0,0.0,-2.5571855434194073
50.083333333333336,1473.621716,-2.5571855434194073,0.0,0.0,-2.5571855434194073
50.1,1472.121883,-2.5571855434194073,0.0,0.0,-2.5571855434194073
50.11666666666667,1470.633283,-2.5571855434194073,0.0,0.0,-2.5571855434194073
50.13333333333333,1469.155899,-2.545668783842212,0.0,0.0,-2.545668783842212
50.15,1467.68971,-2.020353199243548,0.0,0.0,-2.020353199243548
50.166666666666664,1466.234698,-2.0095573544189747,0.0,0.0,-2.0095573544189747
50.18333333333333,1464.790842,-2.0095573544189747,0.0,0.0,-2.0095573544189747
50.2,1463.358147,-2.0095573544189747,0.0,0.0,-2.0095573544189747
50.21666666666667,1461.936652,-2.0095573544189747,0.0,0.0,-2.0095573544189747
50.233333333333334,1460.526364,-2.0095573544189747,0.0,0.0,-2.0095573544189747
50.25,1459.127305,-2.0095573544189747,0.0,0.0,-2.0095573544189747
50.266666666666666,1457.73956,-2.0095573544189747,0.0,0.0,-2.0095573544189747
50.28333333333333,1456.363152,-2.0095573544189747,0.0,0.0,-2.0095573544189747
50.3,1454.998087,-2.0095573544189747,0.0,0.0,-2.0095573544189747
50.31666666666667,1453.644403,-2.0095573544189747,0.0,0.0,-2.0095573544189747
50.333333333333336,1452.302106,-2.0095573544189747,0.0,0.0,-2.0095573544189747
50.35,1450.971178,-2.0095573544189747,0.0,0.0,-2.0095573544189747
50.36666666666667,1449.651604,-2.0095573544189747,0.0,0.0,-2.0095573544189747
50.38333333333333,1448.343369,-2.0095573544189747,0.0,0.0,-2.0095573544189747
50.4,1447.046451,-2.0095573544189747,0.0,0.0,-2.0095573544189747
50.416666666666664,1445.760832,-2.0095573544189747,0.0,0.0,-2.0095573544189747
50.43333333333333,1444.486493,-2.0095573544189747,0.0,0.0,-2.0095573544189747
50.45,1443.223414,-2.0095573544189747,0.0,0.0,-2.0095573544189747
50.46666666666667,1441.971575,-2.0095573544189747,0.0,0.0,-2.0095573544189747
50.483333333333334,1440.730956,-1.9278304790477736,0.0,0.0,-1.9278304790477736
50.5,1439.501539,-1.5592111639537598,0.0,0.0,-1.5592111639537598
50.516666666666666,1438.2833,-1.5524068662099197,0.0,0.0,-1.5524068662099197
50.53333333333333,1437.076219,-1.5524068662099197,0.0,0.0,-1.5524068662099197
50.55,1435.88028,-1.5524068662099197,0.0,0.0,-1.5524068662099197
50.56666666666667,1434.69546,-1.5524068662099197,0.0,0.0,-1.5524068662099197
50.583333333333336,1433.521741,-1.5524068662099197,0.0,0.0,-1.5524068662099197
50.6,1432.359111,-1.5524068662099197,0.0,0.0,-1.5524068662099197
50.61666666666667,1431.207558,-1.5524068662099197,0.0,0.0,-1.5524068662099197
50.63333333333333,1430.067067,-1.5524068662099197,0.0,0.0,-1.5524068662099197
50.65,1428.937619,-1.5524068662099197,0.0,0.0,-1.5524068662099197
50.666666666666664,1427.819192,-1.5524068662099197,0.0,0.0,-1.5524068662099197
50.68333333333333,1426.711765,-1.5524068662099197,0.0,0.0,-1.5524068662099197
50.7,1425.615267,-1.5524068662099197,0.0,0.0,-1.5524068662099197
50.71666666666667,1424.529551,-1.5524068662099197,0.0,0.0,-1.5524068662099197
50.733333333333334,1423.454543,-1.5524068662099197,0.0,0.0,-1.5524068662099197
50.75,1422.390126,-1.5524068662099197,0.0,0.0,-1.5524068662099197
50.766666666666666,1421.336047,-1.5524068662099197,0.0,0.0,-1.5524068662099197
50.78333333333333,1420.292192,-1.5524068662099197,0.0,0.0,-1.5524068662099197
50.8,1419.258484,-1.5524068662099197,0.0,0.0,-1.5524068662099197
50.81666666666667,1418.234778,-1.5524068662099197,0.0,0.0,-1.5524068662099197
50.833333333333336,1417.221003,-1.5524068662099197,0.0,0.0,-1.5524068662099197
50.85,1416.217144,-1.5524068662099197,0.0,0.0,-1.5524068662099197
50.86666666666667,1415.22319,-1.5524068662099197,0.0,0.0,-1.5524068662099197
50.88333333333333,1414.239129,-1.5524068662099197,0.0,0.0,-1.5524068662099197
50.9,1413.264942,-1.5524068662099197,0.0,0.0,-1.5524068662099197
50.916666666666664,1412.300603,-1.5524068662099197,0.0,0.0,-1.5524068662099197
50.93333333333333,1411.34609,-1.5524068662099197,0.0,0.0,-1.5524068662099197
50.95,1410.401267,-1.5524068662099197,0.0,0.0,-1.5524068662099197
50.96666666666667,1409.46583,-1.5524068662099197,0.0,0.0,-1.5524068662099197
50.983333333333334,1408.539639,-1.5524068662099197,0.0,0.0,-1.5524068662099197
51.0,1407.622454,-1.5524068662099197,0.0,0.0,-1.5524068662099197
51.016666666666666,1406.713743,-1.5524068662099197,0.0,0.0,-1.5524068662099197
51.03333333333333,1405.81327,-1.5524068662099197,0.0,0.0,-1.5524068662099197
51.05,1404.920893,-1.5524068662099197,0.0,0.0,-1.5524068662099197
51.06666666666667,1404.036313,-1.5524068662099197,0.0,0.0,-1.5524068662099197
51.083333333333336,1403.159395,-1.5524068662099197,0.0,0.0,-1.5524068662099197
51.1,1402.290123,-1.5524068662099197,0.0,0.0,-1.5524068662099197
51.11666666666667,1401.428472,-1.5524068662099197,0.0,0.0,-1.5524068662099197
51.13333333333333,1400.574429,-1.5524068662099197,0.0,0.0,-1.5524068662099197
51.15,1399.727985,-1.5524068662099197,0.0,0.0,-1.5524068662099197
51.166666666666664,1398.889134,-1.5524068662099197,0.0,0.0,-1.5524068662099197
51.18333333333333,1398.057865,-1.5524068662099197,0.0,0.0,-1.5524068662099197
51.2,1397.234115,-1.5524068662099197,0.0,0.0,-1.5524068662099197
51.21666666666667,1396.417747,-1.5524068662099197,0.0,0.0,-1.5524068662099197
51.233333333333334,1395.608694,-1.5524068662099197,0.0,0.0,-1.5524068662099197
51.25,1394.806849,-1.5524068662099197,0.0,0.0,-1.5524068662099197
51.266666666666666,1394.011973,-1.5524068662099197,0.0,0.0,-1.5524068662099197
51.28333333333333,1393.223959,-1.5524068662099197,0.0,0.0,-1.5524068662099197
51.3,1392.442744,-1.5524068662099197,0.0,0.0,-1.5524068662099197
51.31666666666667,1391.668192,-1.277021133300723,0.0,0.0,-1.277021133300723
51.333333333333336,1390.900241,-1.0081065092743455,0.0,0.0,-1.0081065092743455
51.35,1390.138881,-1.0047786772094873,0.0,0.0,-1.0047786772094873
51.36666666666667,1389.384097,-1.0047786772094873,0.0,0.0,-1.0047786772094873
51.38333333333333,1388.635879,-1.0047786772094873,0.0,0.0,-1.0047786772094873
51.4,1387.894224,-1.0047786772094873,0.0,0.0,-1.0047786772094873
51.416666666666664,1387.159129,-1.0047786772094873,0.0,0.0,-1.0047786772094873
51.43333333333333,1386.430591,-1.0047786772094873,0.0,0.0,-1.0047786772094873
51.45,1385.708606,-1.0047786772094873,0.0,0.0,-1.0047786772094873
51.46666666666667,1384.993172,-1.0047786772094873,0.0,0.0,-1.0047786772094873
51.483333333333334,1384.284285,-1.0047786772094873,0.0,0.0,-1.0047786772094873
51.5,1383.581943,-1.0047786772094873,0.0,0.0,-1.0047786772094873
51.516666666666666,1382.886148,-1.0047786772094873,0.0,0.0,-1.0047786772094873
51.53333333333333,1382.196899,-0.8851557366826037,0.0,0.0,-0.8851557366826037
51.55,1381.514192,-0.5491061394148011,0.0,0.0,-0.5491061394148011
51.56666666666667,1380.838027,-0.5476281890004325,0.0,0.0,-0.5476281890004325
51.583333333333336,1380.168402,-0.5476281890004325,0.0,0.0,-0.5476281890004325
51.6,1379.505304,-0.5476281890004325,0.0,0.0,-0.5476281890004325
51.61666666666667,1378.84872,-0.5476281890004325,0.0,0.0,-0.5476281890004325
51.63333333333333,1378.198638,-0.5476281890004325,0.0,0.0,-0.5476281890004325
51.65,1377.555061,-0.5476281890004325,0.0,0.0,-0.5476281890004325
51.666666666666664,1376.917998,-0.5476281890004325,0.0,0.0,-0.5476281890004325
51.68333333333333,1376.287454,-0.5476281890004325,0.0,0.0,-0.5476281890004325
51.7,1375.663543,-0.5476281890004325,0.0,0.0,-0.5476281890004325
51.71666666666667,1375.046539,-0.5476281890004325,0.0,0.0,-0.5476281890004325
51.733333333333334,1374.436564,-0.5476281890004325,0.0,0.0,-0.5476281890004325
51.75,1373.83383,-0.5476281890004325,0.0,0.0,-0.5476281890004325
51.766666666666666,1373.238838,-0.5476281890004325,0.0,0.0,-0.5476281890004325
51.78333333333333,1372.6518,-0.5476281890004325,0.0,0.0,-0.5476281890004325
51.8,1372.072837,-0.5476281890004325,0.0,0.0,-0.5476281890004325
51.81666666666667,1371.50223,-0.5476281890004325,0.0,0.0,-0.5476281890004325
51.833333333333336,1370.940093,-0.5476281890004325,0.0,0.0,-0.5476281890004325
51.85,1370.386424,-0.5476281890004325,0.0,0.0,-0.5476281890004325
51.86666666666667,1369.841214,-0.5476281890004325,0.0,0.0,-0.5476281890004325
51.88333333333333,1369.304455,-0.5476281890004325,0.0,0.0,-0.5476281890004325
51.9,1368.776155,-0.5476281890004325,0.0,0.0,-0.5476281890004325
51.916666666666664,1368.256339,-0.5476281890004325,0.0,0.0,-0.5476281890004325
51.93333333333333,1367.745021,-0.5476281890004325,0.0,0.0,-0.5476281890004325
51.95,1367.242459,-0.5476281890004325,0.0,0.0,-0.5476281890004325
51.96666666666667,1366.749274,-0.5476281890004325,0.0,0.0,-0.5476281890004325
51.983333333333334,1366.265738,-0.5476281890004325,0.0,0.0,-0.5476281890004325
52.0,1365.792328,-0.5476281890004325,0.0,0.0,-0.5476281890004325
52.016666666666666,1365.33016,-0.5476281890004325,0.0,0.0,-0.5476281890004325
52.03333333333333,1364.879708,-0.5476281890004325,0.0,0.0,-0.5476281890004325
52.05,1364.441245,-0.5476281890004325,0.0,0.0,-0.5476281890004325
52.06666666666667,1364.01539,-0.5476281890004325,0.0,0.0,-0.5476281890004325
52.083333333333336,1363.602399,-0.5476281890004325,0.0,0.0,-0.5476281890004325
52.1,1363.202287,-0.5476281890004325,0.0,0.0,-0.5476281890004325
52.11666666666667,1362.815076,-0.5476281890004325,0.0,0.0,-0.5476281890004325
52.13333333333333,1362.440771,-0.5476281890004325,0.0,0.0,-0.5476281890004325
52.15,1362.079366,-0.5476281890004325,0.0,0.0,-0.5476281890004325
52.166666666666664,1361.730852,-0.5476281890004325,0.0,0.0,-0.5476281890004325
52.18333333333333,1361.395225,-0.5476281890004325,0.0,0.0,-0.5476281890004325
52.2,1361.072599,-0.5476281890004325,0.0,0.0,-0.5476281890004325
52.21666666666667,1360.763253,-0.5476281890004325,0.0,0.0,-0.5476281890004325
52.233333333333334,1360.467306,-0.5476281890004325,0.0,0.0,-0.5476281890004325
52.25,1360.18497,-0.5476281890004325,0.0,0.0,-0.5476281890004325
52.266666666666666,1359.916743,-0.5476281890004325,0.0,0.0,-0.5476281890004325
52.28333333333333,1359.662835,-0.5476281890004325,0.0,0.0,-0.5476281890004325
52.3,1359.423366,-0.5476281890004325,0.0,0.0,-0.5476281890004325
52.31666666666667,1359.198612,-0.5476281890004325,0.0,0.0,-0.5476281890004325
52.333333333333336,1358.988685,-0.5476281890004325,0.0,0.0,-0.5476281890004325
52.35,1358.793591,-0.5476281890004325,0.0,0.0,-0.5476281890004325
52.36666666666667,1358.613344,-0.5476281890004325,0.0,0.0,-0.5476281890004325
52.38333333333333,1358.447946,-0.5476281890004325,0.0,0.0,-0.5476281890004325
52.4,1358.297389,-0.5476281890004325,0.0,0.0,-0.5476281890004325
52.416666666666664,1358.161659,-0.5476281890004325,0.0,0.0,-0.5476281890004325
52.43333333333333,1358.04075,-0.5476281890004325,0.0,0.0,-0.5476281890004325
52.45,1357.934656,-0.5476281890004325,0.0,0.0,-0.5476281890004325
52.46666666666667,1357.843372,-0.5476281890004325,0.0,0.0,-0.5476281890004325
52.483333333333334,1357.766895,-0.5476281890004325,0.0,0.0,-0.5476281890004325
52.5,1357.705219,-0.5476281890004325,0.0,0.0,-0.5476281890004325
52.516666666666666,1357.658337,-0.5476281890004325,0.0,0.0,-0.5476281890004325
52.53333333333333,1357.626244,-0.5476281890004325,0.0,0.0,-0.5476281890004325
52.55,1357.608937,-0.5476281890004325,0.0,0.0,-0.5476281890004325
52.56666666666667,1357.606409,-0.5476281890004325,0.0,0.0,-0.5476281890004325
52.583333333333336,1357.618657,-0.5476281890004325,0.0,0.0,-0.5476281890004325
52.6,1357.645692,-0.5476281890004325,0.0,0.0,-0.5476281890004325
52.61666666666667,1357.68754,-0.5476281890004325,0.0,0.0,-0.5476281890004325
52.63333333333333,1357.744213,-0.5476281890004325,0.0,0.0,-0.5476281890004325
52.65,1357.815694,-0.5476281890004325,0.0,0.0,-0.5476281890004325
52.666666666666664,1357.901947,-0.5476281890004325,0.0,0.0,-0.5476281890004325
52.68333333333333,1358.002947,-0.5476281890004325,0.0,0.0,-0.5476281890004325
52.7,1358.118407,-0.5476281890004325,0.0,0.0,-0.5476281890004325
52.71666666666667,1358.247646,-0.5476281890004325,0.0,0.0,-0.5476281890004325
52.733333333333334,1358.39036,-0.5476281890004325,0.0,0.0,-0.5476281890004325
52.75,1358.546022,-0.5476281890004325,0.0,0.0,-0.5476281890004325
52.766666666666666,1358.713399,-0.5476281890004325,0.0,0.0,-0.5476281890004325
52.78333333333333,1358.891965,-0.5476281890004325,0.0,0.0,-0.5476281890004325
52.8,1359.08141,-0.5476281890004325,0.0,0.0,-0.5476281890004325
52.81666666666667,1359.281041,-0.5476281890004325,0.0,0.0,-0.5476281890004325
52.833333333333336,1359.490565,-0.5476281890004325,0.0,0.0,-0.5476281890004325
52.85,1359.709979,-0.5476281890004325,0.0,0.0,-0.5476281890004325
52.86666666666667,1359.939291,-0.3136423151011757,0.0,0.0,-0.3136423151011757
52.88333333333333,1360.178505,-0.0020605059571281886,0.0,0.0,-0.0020605059571281886
52.9,1360.427592,0.0,0.0,0.0,0.0
52.916666666666664,1360.686481,0.0,0.0,0.0,0.0
52.93333333333333,1360.955122,0.0,0.0,0.0,0.0
52.95,1361.23287,0.0,0.0,0.0,0.0
52.96666666666667,1361.518183,0.0,0.0,0.0,0.0
52.983333333333334,1361.810377,0.0,0.0,0.0,0.0
53.0,1362.108265,0.0,0.0,0.0,0.0
53.016666666666666,1362.409086,0.0,0.0,0.0,0.0
53.03333333333333,1362.711652,0.0,0.0,0.0,0.0
53.05,1363.015275,0.0,0.0,0.0,0.0
53.06666666666667,1363.318414,0.0,0.0,0.0,0.0
53.083333333333336,1363.620419,0.0,0.0,0.0,0.0
53.1,1363.921237,0.0,0.0,0.0,0.0
53.11666666666667,1364.220794,0.0,0.0,0.0,0.0
53.13333333333333,1364.519058,0.0,0.0,0.0,0.0
53.15,1364.816029,0.0,0.0,0.0,0.0
53.166666666666664,1365.111714,0.0,0.0,0.0,0.0
53.18333333333333,1365.406107,0.0,0.0,0.0,0.0
53.2,1365.698913,0.0,0.0,0.0,0.0
53.21666666666667,1365.989442,0.0,0.0,0.0,0.0
53.233333333333334,1366.277381,0.0,0.0,0.0,0.0
53.25,1366.562205,0.0,0.0,0.0,0.0
53.266666666666666,1366.842684,-0.40223147622555006,-0.40223147622555006,0.0,0.0
53.28333333333333,1367.118292,-0.45715048820905474,-0.45715048820905474,0.0,0.0
53.3,1367.388722,-0.45715048820905474,-0.45715048820905474,0.0,0.0
53.31666666666667,1367.653293,-0.45715048820905474,-0.45715048820905474,0.0,0.0
53.333333333333336,1367.911714,-0.45715048820905474,-0.45715048820905474,0.0,0.0
53.35,1368.16396,-0.45715048820905474,-0.45715048820905474,0.0,0.0
53.36666666666667,1368.409987,-0.45715048820905474,-0.45715048820905474,0.0,0.0
53.38333333333333,1368.649777,-0.45715048820905474,-0.45715048820905474,0.0,0.0
53.4,1368.883338,-0.45715048820905474,-0.45715048820905474,0.0,0.0
53.416666666666664,1369.110696,-0.45715048820905474,-0.45715048820905474,0.0,0.0
53.43333333333333,1369.331858,-0.45715048820905474,-0.45715048820905474,0.0,0.0
53.45,1369.546824,-0.45715048820905474,-0.45715048820905474,0.0,0.0
53.46666666666667,1369.755594,-0.45715048820905474,-0.45715048820905474,0.0,0.0
53.483333333333334,1369.958168,-0.45715048820905474,-0.45715048820905474,0.0,0.0
53.5,1370.154546,-0.45715048820905474,-0.45715048820905474,0.0,0.0
53.516666666666666,1370.344733,-0.45715048820905474,-0.45715048820905474,0.0,0.0
53.53333333333333,1370.52873,-0.45715048820905474,-0.45715048820905474,0.0,0.0
53.55,1370.70654,-0.45715048820905474,-0.45715048820905474,0.0,0.0
53.56666666666667,1370.878165,-0.45715048820905474,-0.45715048820905474,0.0,0.0
53.583333333333336,1371.043608,-0.45715048820905474,-0.45715048820905474,0.0,0.0
53.6,1371.202854,-0.45715048820905474,-0.45715048820905474,0.0,0.0
53.61666666666667,1371.355863,-0.45715048820905474,-0.45715048820905474,0.0,0.0
53.63333333333333,1371.502622,-0.45715048820905474,-0.45715048820905474,0.0,0.0
53.65,1371.643151,-0.45715048820905474,-0.45715048820905474,0.0,0.0
53.666666666666664,1371.777504,-0.45715048820905474,-0.45715048820905474,0.0,0.0
53.68333333333333,1371.905717,-0.45715048820905474,-0.45715048820905474,0.0,0.0
53.7,1372.028188,-0.45715048820905474,-0.45715048820905474,0.0,0.0
53.71666666666667,1372.145866,-0.45715048820905474,-0.45715048820905474,0.0,0.0
53.733333333333334,1372.259176,-0.45715048820905474,-0.45715048820905474,0.0,0.0
53.75,1372.368853,-0.8593819644346048,-0.45715048820905474,0.0,-0.40223147622555006
53.766666666666666,1372.47661,-0.9143009764181095,-0.45715048820905474,0.0,-0.45715048820905474
53.78333333333333,1372.583182,-1.31653245264366,-0.45715048820905474,-0.40223147622555055,-0.45715048820905474
53.8,1372.689002,-1.371451464627165,-0.45715048820905474,-0.45715048820905546,-0.45715048820905474
53.81666666666667,1372.795037,-1.371451464627165,-0.45715048820905474,-0.45715048820905546,-0.45715048820905474
53.833333333333336,1372.901695,-1.371451464627165,-0.45715048820905474,-0.45715048820905546,-0.45715048820905474
53.85,1373.008987,-1.371451464627165,-0.45715048820905474,-0.45715048820905546,-0.45715048820905474
53.86666666666667,1373.116903,-1.371451464627165,-0.45715048820905474,-0.45715048820905546,-0.45715048820905474
53.88333333333333,1373.225443,-1.371451464627165,-0.45715048820905474,-0.45715048820905546,-0.45715048820905474
53.9,1373.334649,-1.371451464627165,-0.45715048820905474,-0.45715048820905546,-0.45715048820905474
53.916666666666664,1373.444628,-1.371451464627165,-0.45715048820905474,-0.45715048820905546,-0.45715048820905474
53.93333333333333,1373.555452,-1.371451464627165,-0.45715048820905474,-0.45715048820905546,-0.45715048820905474
53.95,1373.668026,-1.371451464627165,-0.45715048820905474,-0.45715048820905546,-0.45715048820905474
53.96666666666667,1373.784503,-1.371451464627165,-0.45715048820905474,-0.45715048820905546,-0.45715048820905474
53.983333333333334,1373.905845,-1.371451464627165,-0.45715048820905474,-0.45715048820905546,-0.45715048820905474
54.0,1374.033706,-1.371451464627165,-0.45715048820905474,-0.45715048820905546,-0.45715048820905474
54.016666666666666,1374.171946,-1.371451464627165,-0.45715048820905474,-0.45715048820905546,-0.45715048820905474
54.03333333333333,1374.322219,-1.371451464627165,-0.45715048820905474,-0.45715048820905546,-0.45715048820905474
54.05,1374.485493,-1.371451464627165,-0.45715048820905474,-0.45715048820905546,-0.45715048820905474
54.06666666666667,1374.663918,-1.371451464627165,-0.45715048820905474,-0.45715048820905546,-0.45715048820905474
54.083333333333336,1374.858405,-1.371451464627165,-0.45715048820905474,-0.45715048820905546,-0.45715048820905474
54.1,1375.069031,-1.371451464627165,-0.45715048820905474,-0.45715048820905546,-0.45715048820905474
54.11666666666667,1375.295905,-1.371451464627165,-0.45715048820905474,-0.45715048820905546,-0.45715048820905474
54.13333333333333,1375.539076,-1.371451464627165,-0.45715048820905474,-0.45715048820905546,-0.45715048820905474
54.15,1375.798546,-1.371451464627165,-0.45715048820905474,-0.45715048820905546,-0.45715048820905474
54.166666666666664,1376.074314,-1.371451464627165,-0.45715048820905474,-0.45715048820905546,-0.45715048820905474
54.18333333333333,1376.366394,-1.371451464627165,-0.45715048820905474,-0.45715048820905546,-0.45715048820905474
54.2,1376.675203,-1.371451464627165,-0.45715048820905474,-0.45715048820905546,-0.45715048820905474
54.21666666666667,1377.001719,-1.371451464627165,-0.45715048820905474,-0.45715048820905546,-0.45715048820905474
54.233333333333334,1377.346381,-1.371451464627165,-0.45715048820905474,-0.45715048820905546,-0.45715048820905474
54.25,1377.709938,-1.371451464627165,-0.45715048820905474,-0.45715048820905546,-0.45715048820905474
54.266666666666666,1378.094117,-1.371451464627165,-0.45715048820905474,-0.45715048820905546,-0.45715048820905474
54.28333333333333,1378.499666,-1.8493026952124538,-0.45715048820905474,-0.45715048820905546,-0.9350017187943436
54.3,1378.927024,-1.919079653627634,-0.45715048820905474,-0.45715048820905546,-1.0047786772095237
54.31666666666667,1379.377156,-1.919079653627634,-0.45715048820905474,-0.45715048820905546,-1.0047786772095237
54.333333333333336,1379.850477,-1.919079653627634,-0.45715048820905474,-0.45715048820905546,-1.0047786772095237
54.35,1380.347039,-1.919079653627634,-0.45715048820905474,-0.45715048820905546,-1.0047786772095237
54.36666666666667,1380.866911,-1.919079653627634,-0.45715048820905474,-0.45715048820905546,-1.0047786772095237
54.38333333333333,1381.410135,-1.919079653627634,-0.45715048820905474,-0.45715048820905546,-1.0047786772095237
54.4,1381.97671,-1.919079653627634,-0.45715048820905474,-0.45715048820905546,-1.0047786772095237
54.416666666666664,1382.566618,-2.237136054243667,-0.45715048820905474,-0.7752068888250884,-1.0047786772095237
54.43333333333333,1383.179865,-2.2223723403620426,-0.45715048820905474,-0.7604431749434639,-1.0047786772095237
54.45,1383.816468,-2.2223723403620426,-0.45715048820905474,-0.7604431749434639,-1.0047786772095237
54.46666666666667,1384.476451,-2.624603816587593,-0.45715048820905474,-0.7604431749434639,-1.4070101534350743
54.483333333333334,1385.159835,-2.6795228285710984,-0.45715048820905474,-0.7604431749434639,-1.4619291654185793
54.5,1385.866642,-2.6795228285710984,-0.45715048820905474,-0.7604431749434639,-1.4619291654185793
54.516666666666666,1386.596893,-2.6795228285710984,-0.45715048820905474,-0.7604431749434639,-1.4619291654185793
54.53333333333333,1387.350612,-2.6795228285710984,-0.45715048820905474,-0.7604431749434639,-1.4619291654185793
54.55,1388.12782,-2.6795228285710984,-0.45715048820905474,-0.7604431749434639,-1.4619291654185793
54.56666666666667,1388.928538,-2.6795228285710984,-0.45715048820905474,-0.7604431749434639,-1.4619291654185793
54.583333333333336,1389.752792,-2.6795228285710984,-0.45715048820905474,-0.7604431749434639,-1.4619291654185793
54.6,1390.60062,-2.6795228285710984,-0.45715048820905474,-0.7604431749434639,-1.4619291654185793
54.61666666666667,1391.472089,-2.6795228285710984,-0.45715048820905474,-0.7604431749434639,-1.4619291654185793
54.63333333333333,1392.36724,-2.6795228285710984,-0.45715048820905474,-0.7604431749434639,-1.4619291654185793
54.65,1393.286077,-2.6795228285710984,-0.45715048820905474,-0.7604431749434639,-1.4619291654185793
54.666666666666664,1394.228571,-2.6795228285710984,-0.45715048820905474,-0.7604431749434639,-1.4619291654185793
54.68333333333333,1395.194713,-2.6795228285710984,-0.45715048820905474,-0.7604431749434639,-1.4619291654185793
54.7,1396.184114,-2.6795228285710984,-0.45715048820905474,-0.7604431749434639,-1.4619291654185793
54.71666666666667,1397.195808,-2.6795228285710984,-0.45715048820905474,-0.7604431749434639,-1.4619291654185793
54.733333333333334,1398.229378,-2.6795228285710984,-0.45715048820905474,-0.7604431749434639,-1.4619291654185793
54.75,1399.284084,-2.2311347711728686,-0.45715048820905474,-0.31205511754523446,-1.4619291654185793
54.766666666666666,1400.358159,-2.2223723403620426,-0.45715048820905474,-0.3032926867344085,-1.4619291654185793
54.78333333333333,1401.450857,-2.2223723403620426,-0.45715048820905474,-0.3032926867344085,-1.4619291654185793
54.8,1402.561753,-2.2223723403620426,-0.45715048820905474,-0.3032926867344085,-1.4619291654185793
54.81666666666667,1403.68986,-2.2223723403620426,-0.45715048820905474,-0.3032926867344085,-1.4619291654185793
54.833333333333336,1404.834775,-2.2223723403620426,-0.45715048820905474,-0.3032926867344085,-1.4619291654185793
54.85,1405.996512,-2.2223723403620426,-0.45715048820905474,-0.3032926867344085,-1.4619291654185793
54.86666666666667,1407.175105,-2.2223723403620426,-0.45715048820905474,-0.3032926867344085,-1.4619291654185793
54.88333333333333,1408.370582,-2.2223723403620426,-0.45715048820905474,-0.3032926867344085,-1.4619291654185793
54.9,1409.582923,-2.2223723403620426,-0.45715048820905474,-0.3032926867344085,-1.4619291654185793
54.916666666666664,1410.812044,-2.2223723403620426,-0.45715048820905474,-0.3032926867344085,-1.4619291654185793
54.93333333333333,1412.057894,-2.2223723403620426,-0.45715048820905474,-0.3032926867344085,-1.4619291654185793
54.95,1413.319552,-1.921484472787164,-0.45715048820905474,-0.0024048191595300644,-1.4619291654185793
54.96666666666667,1414.594795,-1.7274923325879392,-0.2655631671693598,0.0,-1.4619291654185793
54.983333333333334,1415.882637,-1.4624905956109542,-0.0005614301923748539,0.0,-1.4619291654185793
55.0,1417.181367,-1.4619291654185793,0.0,0.0,-1.4619291654185793
55.016666666666666,1418.486971,-1.4619291654185793,0.0,0.0,-1.4619291654185793
55.03333333333333,1419.797731,-1.4619291654185793,0.0,0.0,-1.4619291654185793
55.05,1421.112648,-1.4619291654185793,0.0,0.0,-1.4619291654185793
55.06666666666667,1422.429483,-1.4619291654185793,0.0,0.0,-1.4619291654185793
55.083333333333336,1423.747291,-1.4619291654185793,0.0,0.0,-1.4619291654185793
55.1,1425.065998,-1.4619291654185793,0.0,0.0,-1.4619291654185793
55.11666666666667,1426.385497,-1.4619291654185793,0.0,0.0,-1.4619291654185793
55.13333333333333,1427.705743,-1.4619291654185793,0.0,0.0,-1.4619291654185793
55.15,1429.02674,-1.4619291654185793,0.0,0.0,-1.4619291654185793
55.166666666666664,1430.348498,-1.4619291654185793,0.0,0.0,-1.4619291654185793
55.18333333333333,1431.671008,-1.4619291654185793,0.0,0.0,-1.4619291654185793
55.2,1432.993849,-1.4619291654185793,0.0,0.0,-1.4619291654185793
55.21666666666667,1434.316017,-1.9397803960038682,0.0,-0.4778512305852888,-1.4619291654185793
55.233333333333334,1435.637062,-2.0095573544190484,0.0,-0.5476281890004691,-1.4619291654185793
55.25,1436.956219,-2.0095573544190484,0.0,-0.5476281890004691,-1.4619291654185793
55.266666666666666,1438.271708,-2.0095573544190484,0.0,-0.5476281890004691,-1.4619291654185793
55.28333333333333,1439.58276,-2.0095573544190484,0.0,-0.5476281890004691,-1.4619291654185793
55.3,1440.888928,-2.0095573544190484,0.0,-0.5476281890004691,-1.4619291654185793
55.31666666666667,1442.189218,-2.0095573544190484,0.0,-0.5476281890004691,-1.4619291654185793
55.333333333333336,1443.483208,-2.0095573544190484,0.0,-0.5476281890004691,-1.4619291654185793
55.35,1444.770849,-2.0095573544190484,0.0,-0.5476281890004691,-1.4619291654185793
55.36666666666667,1446.052074,-2.0095573544190484,0.0,-0.5476281890004691,-1.4619291654185793
55.38333333333333,1447.32685,-2.0095573544190484,0.0,-0.5476281890004691,-1.4619291654185793
55.4,1448.595182,-2.0095573544190484,0.0,-0.5476281890004691,-1.4619291654185793
55.416666666666664,1449.857097,-2.0095573544190484,0.0,-0.5476281890004691,-1.4619291654185793
55.43333333333333,1451.112599,-2.0095573544190484,0.0,-0.5476281890004691,-1.4619291654185793
55.45,1452.361678,-2.0095573544190484,0.0,-0.5476281890004691,-1.4619291654185793
55.46666666666667,1453.60432,-2.48740858500431,0.0,-0.5476281890004691,-1.9397803960038411
55.483333333333334,1454.840514,-2.557185543419487,0.0,-0.5476281890004691,-2.0095573544190177
55.5,1456.070248,-2.557185543419487,0.0,-0.5476281890004691,-2.0095573544190177
55.516666666666666,1457.293513,-2.557185543419487,0.0,-0.5476281890004691,-2.0095573544190177
55.53333333333333,1458.510298,-2.557185543419487,0.0,-0.5476281890004691,-2.0095573544190177
55.55,1459.720593,-2.557185543419487,0.0,-0.5476281890004691,-2.0095573544190177
55.56666666666667,1460.924389,-2.557185543419487,0.0,-0.5476281890004691,-2.0095573544190177
55.583333333333336,1462.121676,-2.557185543419487,0.0,-0.5476281890004691,-2.0095573544190177
55.6,1463.312437,-2.557185543419487,0.0,-0.5476281890004691,-2.0095573544190177
55.61666666666667,1464.49665,-2.557185543419487,0.0,-0.5476281890004691,-2.0095573544190177
55.63333333333333,1465.674297,-2.557185543419487,0.0,-0.5476281890004691,-2.0095573544190177
55.65,1466.84538,-2.557185543419487,0.0,-0.5476281890004691,-2.0095573544190177
55.666666666666664,1468.009911,-2.557185543419487,0.0,-0.5476281890004691,-2.0095573544190177
55.68333333333333,1469.167896,-2.557185543419487,0.0,-0.5476281890004691,-2.0095573544190177
55.7,1470.319489,-2.557185543419487,0.0,-0.5476281890004691,-2.0095573544190177
55.71666666666667,1471.465064,-2.557185543419487,0.0,-0.5476281890004691,-2.0095573544190177
55.733333333333334,1472.604786,-2.557185543419487,0.0,-0.5476281890004691,-2.0095573544190177
55.75,1473.738943,-2.557185543419487,0.0,-0.5476281890004691,-2.0095573544190177
55.766666666666666,1474.868222,-2.87524194403552,-0.3180564006160329,-0.5476281890004691,-2.0095573544190177
55.78333333333333,1475.992911,-2.860478230153895,-0.3032926867344085,-0.5476281890004691,-2.0095573544190177
55.8,1477.113181,-2.860478230153895,-0.3032926867344085,-0.5476281890004691,-2.0095573544190177
55.81666666666667,1478.229414,-2.860478230153895,-0.3032926867344085,-0.5476281890004691,-2.0095573544190177
55.833333333333336,1479.341771,-2.860478230153895,-0.3032926867344085,-0.5476281890004691,-2.0095573544190177
55.85,1480.450251,-2.860478230153895,-0.3032926867344085,-0.5476281890004691,-2.0095573544190177
55.86666666666667,1481.554843,-2.860478230153895,-0.3032926867344085,-0.5476281890004691,-2.0095573544190177
55.88333333333333,1482.655542,-2.860478230153895,-0.3032926867344085,-0.5476281890004691,-2.0095573544190177
55.9,1483.752361,-2.860478230153895,-0.3032926867344085,-0.5476281890004691,-2.0095573544190177
55.916666666666664,1484.845336,-2.860478230153895,-0.3032926867344085,-0.5476281890004691,-2.0095573544190177
55.93333333333333,1485.934492,-2.860478230153895,-0.3032926867344085,-0.5476281890004691,-2.0095573544190177
55.95,1487.020185,-2.860478230153895,-0.3032926867344085,-0.5476281890004691,-2.0095573544190177
55.96666666666667,1488.103275,-2.860478230153895,-0.3032926867344085,-0.5476281890004691,-2.0095573544190177
55.983333333333334,1489.184143,-2.860478230153895,-0.3032926867344085,-0.5476281890004691,-2.0095573544190177
56.0,1490.263452,-2.860478230153895,-0.3032926867344085,-0.5476281890004691,-2.0095573544190177
56.016666666666666,1491.342744,-2.860478230153895,-0.3032926867344085,-0.5476281890004691,-2.0095573544190177
56.03333333333333,1492.422683,-2.860478230153895,-0.3032926867344085,-0.5476281890004691,-2.0095573544190177
56.05,1493.503656,-2.860478230153895,-0.3032926867344085,-0.5476281890004691,-2.0095573544190177
56.06666666666667,1494.586526,-2.860478230153895,-0.3032926867344085,-0.5476281890004691,-2.0095573544190177
56.083333333333336,1495.671659,-3.2627097063794452,-0.3032926867344085,-0.5476281890004691,-2.411788830644568
56.1,1496.759087,-3.3176287183629496,-0.3032926867344085,-0.5476281890004691,-2.466707842628072
56.11666666666667,1497.848855,-3.3176287183629496,-0.3032926867344085,-0.5476281890004691,-2.466707842628072
56.13333333333333,1498.940984,-3.3176287183629496,-0.3032926867344085,-0.5476281890004691,-2.466707842628072
56.15,1500.035476,-3.3176287183629496,-0.3032926867344085,-0.5476281890004691,-2.466707842628072
56.166666666666664,1501.132332,-3.7198601945884993,-0.3032926867344085,-0.5476281890004691,-2.868939318853622
56.18333333333333,1502.231558,-3.774779206572004,-0.3032926867344085,-0.5476281890004691,-2.9238583308371267
56.2,1503.333324,-3.774779206572004,-0.3032926867344085,-0.5476281890004691,-2.9238583308371267
56.21666666666667,1504.438024,-3.51958817867614,-0.3032926867344085,-0.5476281890004691,-2.6686673029412624
56.233333333333334,1505.545837,-3.3179321729196345,-0.3032926867344085,-0.5476281890004691,-2.467011297184757
56.25,1506.657067,-3.7954799489482065,-0.3032926867344085,-0.5476281890004691,-2.944559073213329
56.266666666666666,1507.77241,-3.8652569073633822,-0.3032926867344085,-0.5476281890004691,-3.014336031628505
56.28333333333333,1508.892172,-3.8652569073633822,-0.3032926867344085,-0.5476281890004691,-3.014336031628505
56.3,1510.016528,-4.267488383588932,-0.7055241629599586,-0.5476281890004691,-3.014336031628505
56.31666666666667,1511.14587,-4.322407395572437,-0.7604431749434633,-0.5476281890004691,-3.014336031628505
56.333333333333336,1512.280366,-4.295440113088163,-0.7604431749434633,-0.5476281890004691,-2.9873687491442307
56.35,1513.420038,-4.010437543970612,-0.7604431749434633,-0.3296112564032472,-2.9203831126239015
56.36666666666667,1514.564912,-4.1028911117989635,-1.2382944055287202,-0.0017312819873470527,-2.862865424282896
56.38333333333333,1515.715006,-4.165622192479269,-1.308071363943896,0.0,-2.8575508285353726
56.4,1516.87032,-4.68005527628824,-1.7859225945291528,0.0,-2.8941326817590864
56.416666666666664,1518.030849,-5.696826340678684,-2.735782259755136,0.0,-2.961044080923548
56.43333333333333,1519.196592,-5.874814261782321,-2.8604782301538165,0.0,-3.0143360316285044
56.45,1520.367561,-5.874814261782321,-2.8604782301538165,0.0,-3.0143360316285044
56.46666666666667,1521.543775,-6.277045738007871,-3.262709706379367,0.0,-3.0143360316285044
56.483333333333334,1522.725245,-6.734196226216927,-3.719860194588423,0.0,-3.0143360316285044
56.5,1523.911986,-6.7891152382004325,-3.7747792065719277,0.0,-3.0143360316285044
56.516666666666666,1525.104021,-6.7891152382004325,-3.7747792065719277,0.0,-3.0143360316285044
56.53333333333333,1526.301365,-6.7891152382004325,-3.7747792065719277,0.0,-3.0143360316285044
56.55,1527.50403,-6.7891152382004325,-3.7747792065719277,0.0,-3.0143360316285044
56.56666666666667,1528.712032,-6.7891152382004325,-3.7747792065719277,0.0,-3.0143360316285044
56.583333333333336,1529.925385,-7.191346714425983,-3.7747792065719277,-0.40223147622555006,-3.0143360316285044
56.6,1531.144093,-7.2462657264094865,-3.7747792065719277,-0.45715048820905474,-3.0143360316285044
56.61666666666667,1532.368162,-7.2462657264094865,-3.7747792065719277,-0.45715048820905474,-3.0143360316285044
56.63333333333333,1533.597599,-7.2462657264094865,-3.7747792065719277,-0.45715048820905474,-3.0143360316285044
56.65,1534.832412,-7.2462657264094865,-3.7747792065719277,-0.45715048820905474,-3.0143360316285044
56.666666666666664,1536.072613,-7.724116956994732,-4.252630437157173,-0.45715048820905474,-3.0143360316285044
56.68333333333333,1537.318213,-8.196125391635455,-4.724638871797897,-0.45715048820905474,-3.0143360316285044
56.7,1538.569258,-9.131127110429802,-5.659640590592241,-0.45715048820905474,-3.0143360316285044
56.71666666666667,1539.825844,-9.255823080828485,-5.784336560990926,-0.45715048820905474,-3.0143360316285044
56.733333333333334,1541.08802,-9.733674311413743,-6.262187791576183,-0.45715048820905474,-3.0143360316285044
56.75,1542.355863,-9.80345126982892,-6.331964749991359,-0.45715048820905474,-3.0143360316285044
56.766666666666666,1543.629542,-9.80345126982892,-6.331964749991359,-0.45715048820905474,-3.0143360316285044
56.78333333333333,1544.909137,-10.20568274605448,-6.331964749991359,-0.8593819644346171,-3.0143360316285044
56.8,1546.194696,-10.260601758037987,-6.331964749991359,-0.9143009764181236,-3.0143360316285044
56.81666666666667,1547.486319,-11.056509389239277,-7.127872381192649,-0.9143009764181236,-3.0143360316285044
56.833333333333336,1548.784054,-11.111522633772829,-7.1828856257262,-0.9143009764181236,-3.0143360316285044
56.85,1550.08791,-11.589373864358073,-7.660736856311446,-0.9143009764181236,-3.0143360316285044
56.86666666666667,1551.397897,-11.659150822773247,-7.73051381472662,-0.9143009764181236,-3.0143360316285044
56.88333333333333,1552.714024,-11.659150822773247,-7.73051381472662,-0.9143009764181236,-3.0143360316285044
56.9,1554.036303,-11.430598097798189,-7.501961089751561,-0.9143009764181236,-3.0143360316285044
56.916666666666664,1555.364752,-11.117021202274856,-7.188384194228227,-0.9143009764181236,-3.0143360316285044
56.93333333333333,1556.699388,-11.111522633772815,-7.182885625726187,-0.9143009764181236,-3.0143360316285044
56.95,1558.040301,-11.429579034388848,-7.500942026342219,-0.9143009764181236,-3.0143360316285044
56.96666666666667,1559.387694,-11.414815320507223,-7.486178312460595,-0.9143009764181236,-3.0143360316285044
56.983333333333334,1560.741661,-11.817046796732773,-7.486178312460595,-0.9143009764181236,-3.4165675078540545
57.0,1562.102361,-12.274197284941827,-7.888409788686145,-0.9143009764181236,-3.4714865198375593
57.016666666666666,1563.47015,-12.806967527510588,-8.421180031254906,-0.9143009764181236,-3.4714865198375593
57.03333333333333,1564.845186,-12.876744485925764,-8.490956989670082,-0.9143009764181236,-3.4714865198375593
57.05,1566.227566,-12.876744485925764,-8.490956989670082,-0.9143009764181236,-3.4714865198375593
57.06666666666667,1567.617493,-12.876744485925764,-8.490956989670082,-0.9143009764181236,-3.4714865198375593
57.083333333333336,1569.01506,-12.876744485925764,-8.490956989670082,-0.9143009764181236,-3.4714865198375593
57.1,1570.420285,-13.278975962151314,-8.893188465895632,-0.9143009764181236,-3.4714865198375593
57.11666666666667,1571.833186,-13.33389497413482,-8.948107477879137,-0.9143009764181236,-3.4714865198375593
57.13333333333333,1573.253781,-13.811746204720077,-9.425958708464394,-0.9143009764181236,-3.4714865198375593
57.15,1574.68208,-13.881523163135252,-9.49573566687957,-0.9143009764181236,-3.4714865198375593
57.166666666666664,1576.118093,-14.359374393720541,-9.973586897464859,-0.9143009764181236,-3.4714865198375593
57.18333333333333,1577.561832,-14.907002582720978,-10.521215086465295,-0.9143009764181236,-3.4714865198375593
57.2,1579.013343,-14.976779541136153,-10.59099204488047,-0.9143009764181236,-3.4714865198375593
57.21666666666667,1580.472719,-15.45463077172141,-10.59099204488047,-0.9143009764181236,-3.949337750422816
57.233333333333334,1581.940008,-16.002258960721843,-11.068843275465728,-0.9143009764181236,-4.019114708837992
57.25,1583.415285,-16.86794355033834,-11.456676634496937,-0.9143009764181236,-4.496965939423281
57.266666666666666,1584.898704,-17.325188271097446,-11.441912920615312,-0.9143009764181236,-4.968974374064011
57.28333333333333,1586.39034,-17.380107283080953,-11.441912920615312,-0.9143009764181236,-5.023893386047516
57.3,1587.890243,-17.782338759306512,-11.844144396840875,-0.9143009764181236,-5.023893386047516
57.31666666666667,1589.398504,-17.83725777129002,-11.899063408824382,-0.9143009764181236,-5.023893386047516
57.333333333333336,1590.915171,-17.83725777129002,-11.899063408824382,-0.9143009764181236,-5.023893386047516
57.35,1592.44026,-18.792960232460572,-12.376914639409645,-0.9143009764181236,-5.501744616632805
57.36666666666667,1593.97379,-20.130653256717782,-13.644830705251673,-0.9143009764181236,-5.571521575047985
57.38333333333333,1595.515777,-20.24058551323484,-13.754762961768732,-0.9143009764181236,-5.571521575047985
57.4,1597.066231,-20.24058551323484,-13.754762961768732,-0.9143009764181236,-5.571521575047985
57.416666666666664,1598.625165,-19.2556749682536,-13.218240474185736,-0.46591291901988097,-5.571521575047985
57.43333333333333,1600.192587,-20.040269788476454,-14.011597725219415,-0.45715048820905474,-5.571521575047985
57.45,1601.768509,-20.150107812443462,-14.121435749186423,-0.45715048820905474,-5.571521575047985
57.46666666666667,1603.35293,-20.150107812443462,-14.121435749186423,-0.45715048820905474,-5.571521575047985
57.483333333333334,1604.94586,-20.150107812443462,-14.121435749186423,-0.45715048820905474,-5.571521575047985
57.5,1606.547304,-20.627959043028753,-14.599286979771712,-0.45715048820905474,-5.571521575047985
57.516666666666666,1608.157254,-20.99289855186698,-14.96422648860994,-0.45715048820905474,-5.571521575047985
57.53333333333333,1609.775714,-20.885602773648657,-14.983354898830617,-0.45715048820905474,-5.445097386608985
57.55,1611.402693,-20.874701612388186,-15.30141129944665,-0.45715048820905474,-5.116139824732483
57.56666666666667,1613.038191,-20.85816916061301,-15.286647585565026,-0.45715048820905474,-5.11437108683893
57.583333333333336,1614.682217,-21.336020391198296,-15.764498816150313,-0.45715048820905474,-5.11437108683893
57.6,1616.334792,-21.40579734961348,-15.834275774565496,-0.45715048820905474,-5.11437108683893
57.61666666666667,1617.995949,-21.4226710397706,-15.851149464722615,-0.45715048820905474,-5.11437108683893
57.63333333333333,1619.66571,-21.1046119779404,-15.533090402892418,-0.45715048820905474,-5.11437108683893
57.65,1621.344078,-21.10250466287907,-15.530983087831087,-0.45715048820905474,-5.11437108683893
57.666666666666664,1623.031037,-21.420561063495107,-15.84903948844712,-0.45715048820905474,-5.11437108683893
57.68333333333333,1624.726582,-21.249010699514553,-15.834275774565496,-0.3003638381101279,-5.11437108683893
57.7,1626.430511,-21.39683989352189,-16.307455068049986,-0.005137951648540202,-5.084246873823364
57.71666666666667,1628.14232,-21.463654102638014,-16.798409911757652,0.0,-4.665244190880363
57.733333333333334,1629.861791,-21.8650997447142,-17.207879146084327,0.0,-4.657220598629875
57.75,1631.588536,-21.881478614084017,-17.224258015454144,0.0,-4.657220598629875
57.766666666666666,1633.321634,-22.048851485007766,-17.391630886377893,0.0,-4.657220598629875
57.78333333333333,1635.060696,-22.102779090920457,-17.44555849229058,0.0,-4.657220598629875
57.8,1636.805496,-22.123352444978558,-17.46613184634868,0.0,-4.657220598629875
57.81666666666667,1638.555517,-22.14954995441221,-17.492329355782335,0.0,-4.657220598629875
57.833333333333336,1640.310546,-22.845196056279303,-17.71012422706418,-0.4778512305852453,-4.657220598629875
57.85,1642.070586,-22.926433013074703,-17.72158422544441,-0.5476281890004193,-4.657220598629875
57.86666666666667,1643.835649,-22.92634463146318,-17.721495843832887,-0.5476281890004193,-4.657220598629875
57.88333333333333,1645.605745,-22.92634463146318,-17.721495843832887,-0.5476281890004193,-4.657220598629875
57.9,1647.380857,-23.32857610768873,-18.123727320058435,-0.5476281890004193,-4.657220598629875
57.916666666666664,1649.16094,-23.383495119672236,-18.178646332041943,-0.5476281890004193,-4.657220598629875
57.93333333333333,1650.945961,-23.383495119672236,-18.178646332041943,-0.5476281890004193,-4.657220598629875
57.95,1652.735442,-24.187958072123333,-18.98310928449304,-0.5476281890004193,-4.657220598629875
57.96666666666667,1654.528237,-24.297796096090345,-19.09294730846005,-0.5476281890004193,-4.657220598629875
57.983333333333334,1656.323836,-24.297796096090345,-19.09294730846005,-0.5476281890004193,-4.657220598629875
58.0,1658.121354,-24.297796096090345,-19.09294730846005,-0.5476281890004193,-4.657220598629875
58.016666666666666,1659.918727,-24.297796096090345,-19.09294730846005,-0.5476281890004193,-4.657220598629875
58.03333333333333,1661.715067,-24.775647326675603,-19.57079853904531,-0.5476281890004193,-4.657220598629875
58.05,1663.509856,-24.845424285090775,-19.640575497460482,-0.5476281890004193,-4.657220598629875
58.06666666666667,1665.301939,-25.16348068570681,-19.640575497460482,-0.8656845896164522,-4.657220598629875
58.083333333333336,1667.090826,-25.626568202410443,-19.640575497460482,-1.3287721063200848,-4.657220598629875
58.1,1668.876472,-25.56238469345709,-19.506615030091957,-1.3985490647352603,-4.657220598629875
58.11666666666667,1670.658817,-25.24113780219642,-19.185368138831286,-1.3985490647352603,-4.657220598629875
58.13333333333333,1672.437831,-25.717045903201814,-19.66127623983668,-1.3985490647352603,-4.657220598629875
58.15,1674.213511,-25.510352781428217,-19.45458311806308,-1.3985490647352603,-4.657220598629875
58.166666666666664,1675.985857,-25.242282895256565,-19.186513231891432,-1.3985490647352603,-4.657220598629875
58.18333333333333,1677.754858,-26.194897133787112,-19.183425009251426,-1.876400295320522,-5.135071829215164
58.2,1679.520291,-26.334451050617467,-19.183425009251426,-1.9461772537356985,-5.204848787630344
58.21666666666667,1681.281637,-26.334451050617467,-19.183425009251426,-1.9461772537356985,-5.204848787630344
58.233333333333334,1683.038659,-26.334451050617467,-19.183425009251426,-1.9461772537356985,-5.204848787630344
58.25,1684.790959,-26.334451050617467,-19.183425009251426,-1.9461772537356985,-5.204848787630344
58.266666666666666,1686.537618,-26.334451050617467,-19.183425009251426,-1.9461772537356985,-5.204848787630344
58.28333333333333,1688.278235,-26.334451050617467,-19.183425009251426,-1.9461772537356985,-5.204848787630344
58.3,1690.012575,-26.334451050617467,-19.183425009251426,-1.9461772537356985,-5.204848787630344
58.31666666666667,1691.740122,-27.692384988013558,-20.541358946647513,-1.9461772537356985,-5.204848787630344
58.333333333333336,1693.460652,-27.886857916827424,-20.73583187546138,-1.9461772537356985,-5.204848787630344
58.35,1695.174135,-28.17455817975663,-21.023532138390586,-1.9461772537356985,-5.204848787630344
58.36666666666667,1696.88053,-28.02731052359058,-20.876284482224534,-1.9461772537356985,-5.204848787630344
58.38333333333333,1698.579812,-27.887115265217112,-20.73608922385107,-1.9461772537356985,-5.204848787630344
58.4,1700.271978,-28.28908939305297,-21.138063351686927,-1.9461772537356985,-5.204848787630344
58.416666666666664,1701.957038,-28.124383193490573,-20.973357152124528,-1.9461772537356985,-5.204848787630344
58.43333333333333,1703.634987,-27.811877491796288,-20.660851450430243,-1.9461772537356985,-5.204848787630344
58.45,1705.305819,-27.827205632911266,-20.67617959154522,-1.9461772537356985,-5.204848787630344
58.46666666666667,1706.96953,-27.85992661532066,-20.708900573954615,-1.9461772537356985,-5.204848787630344
58.483333333333334,1708.626113,-28.39067125591219,-21.239645214546147,-1.9461772537356985,-5.204848787630344
58.5,1710.275562,-28.284302509357467,-21.133276467991426,-1.9461772537356985,-5.204848787630344
58.516666666666666,1711.917884,-28.131504825186198,-20.980478783820153,-1.9461772537356985,-5.204848787630344
58.53333333333333,1713.553074,-28.131193419093485,-20.98016737772744,-1.9461772537356985,-5.204848787630344
58.55,1715.181125,-28.131193419093485,-20.98016737772744,-1.9461772537356985,-5.204848787630344
58.56666666666667,1716.802041,-28.131193419093485,-20.98016737772744,-1.9461772537356985,-5.204848787630344
58.583333333333336,1718.415813,-27.898348535436305,-20.98016737772744,-1.9461772537356985,-4.9720039039731665
58.6,1720.022419,-28.066821069306748,-20.98016737772744,-1.9461772537356985,-5.140476437843609
58.61666666666667,1721.621814,-27.707699354360315,-20.705126453775577,-1.9461772537356985,-5.056395646849039
58.63333333333333,1723.213972,-27.137042974055994,-20.437850856108987,-1.9461772537356985,-4.75301486421131
58.65,1724.798907,-27.147157517661515,-20.453281964504562,-1.9461772537356985,-4.747698299421254
58.666666666666664,1726.376659,-27.159568612164207,-20.465693059007254,-1.9461772537356985,-4.747698299421254
58.68333333333333,1727.947254,-26.43679454600261,-19.9287245758749,-1.9461772537356985,-4.56189271639201
58.7,1729.511063,-26.624348414699423,-19.906648393983595,-2.4240284843209876,-4.293671536394841
58.71666666666667,1731.068987,-26.50468838595586,-19.72033513200749,-2.4938054427361678,-4.290547811212199
58.733333333333334,1732.621425,-27.103904158494412,-19.84169967396079,-2.9716566733214247,-4.290547811212199
58.75,1734.169074,-27.148653696068493,-19.816672253119695,-3.0414336317366004,-4.290547811212199
58.766666666666666,1735.713567,-27.545708012196673,-20.213726569247875,-3.0414336317366004,-4.290547811212199
58.78333333333333,1737.255606,-27.366066149310168,-20.096653403019808,-2.978864935078162,-4.290547811212199
58.8,1738.7956,-26.895633030489943,-19.866360304502333,-2.7387249147754114,-4.290547811212199
58.81666666666667,1740.334474,-27.208841071248262,-20.180152315033872,-2.7381409450021916,-4.290547811212199
58.833333333333336,1741.872616,-27.27953745097521,-20.25084869476082,-2.7381409450021916,-4.290547811212199
58.85,1743.410035,-27.40924193631283,-20.566779899820435,-2.7381409450021916,-4.104321091490204
58.86666666666667,1744.946724,-27.8539849014949,-21.279222988764605,-2.7381409450021916,-3.8366209677281047
58.88333333333333,1746.482677,-27.98406329655115,-21.412525028545815,-2.7381409450021916,-3.833397323003143
58.9,1748.017938,-27.969798383469993,-21.39826011546466,-2.7381409450021916,-3.833397323003143
58.916666666666664,1749.552605,-27.647737483619668,-21.076199215614334,-2.7381409450021916,-3.833397323003143
58.93333333333333,1751.086749,-27.646606262739034,-21.0750679947337,-2.7381409450021916,-3.833397323003143
58.95,1752.621232,-27.48622113647575,-20.914682868470415,-2.7381409450021916,-3.833397323003143
58.96666666666667,1754.158108,-27.194517099564017,-20.622978831558683,-2.7381409450021916,-3.833397323003143
58.983333333333334,1755.698298,-27.189455774529982,-20.61791750652465,-2.7381409450021916,-3.833397323003143
59.0,1757.243387,-27.591687250755534,-20.61791750652465,-3.1403724212277426,-3.833397323003143
59.016666666666666,1758.797058,-27.646606262739038,-20.61791750652465,-3.1952914332112474,-3.833397323003143
59.03333333333333,1760.360904,-27.646606262739038,-20.61791750652465,-3.1952914332112474,-3.833397323003143
59.05,1761.935854,-27.10127620954044,-20.07258745332605,-3.1952914332112474,-3.833397323003143
59.06666666666667,1763.523975,-26.52173817428288,-19.551720675066242,-2.65876894562824,-4.3112485535884
59.083333333333336,1765.12615,-26.5104533562419,-19.48176460002751,-2.647663244210815,-4.381025512003576
59.1,1766.742468,-26.485433782547,-19.45674502633261,-2.647663244210815,-4.381025512003576
59.11666666666667,1768.373046,-26.48614637630197,-19.45745762008758,-2.647663244210815,-4.381025512003576
59.13333333333333,1770.017948,-26.187096990673616,-19.158408234459227,-2.647663244210815,-4.381025512003576
59.15,1771.677192,-27.06475980413131,-19.558219817331658,-3.1255144747960766,-4.381025512003576
59.166666666666664,1773.35079,-27.189455774529993,-19.613138829315165,-3.1952914332112528,-4.381025512003576
59.18333333333333,1775.038773,-27.189455774529993,-19.613138829315165,-3.1952914332112528,-4.381025512003576
59.2,1776.741549,-27.189455774529993,-19.613138829315165,-3.1952914332112528,-4.381025512003576
59.21666666666667,1778.46006,-27.035179426103884,-19.458862480889056,-3.1952914332112528,-4.381025512003576
59.233333333333334,1780.194741,-26.212301781050428,-18.6359848358356,-3.1952914332112528,-4.381025512003576
59.25,1781.946315,-26.214416176591676,-18.63809923137685,-3.1952914332112528,-4.381025512003576
59.266666666666666,1783.716437,-26.218998599499045,-18.642681654284218,-3.1952914332112528,-4.381025512003576
59.28333333333333,1785.505834,-27.016389678160063,-19.440072732945236,-3.1952914332112528,-4.381025512003576
59.3,1787.31494,-27.110441245161297,-19.53412429994647,-3.1952914332112528,-4.381025512003576
59.31666666666667,1789.14469,-27.088885601724133,-19.512568656509305,-3.1952914332112528,-4.381025512003576
59.333333333333336,1790.995495,-27.064044888828494,-19.487727943613667,-3.1952914332112528,-4.381025512003576
59.35,1792.867424,-26.326499973005593,-19.06996722808658,-2.875507232915437,-4.381025512003576
59.36666666666667,1794.760563,-25.706024940320507,-18.67701127017836,-2.6479881581385705,-4.381025512003576
59.38333333333333,1796.67497,-25.70042900900333,-18.67174025278894,-2.647663244210815,-4.381025512003576
59.4,1798.610665,-25.70042900900333,-18.67174025278894,-2.647663244210815,-4.381025512003576
59.416666666666664,1800.567648,-25.344553208790465,-18.315864452576076,-2.647663244210815,-4.381025512003576
59.43333333333333,1802.545942,-24.753439480066667,-17.97010063482247,-2.647663244210815,-4.135675601033382
59.45,1804.54558,-24.155477561416987,-17.67215456888883,-2.647663244210815,-3.835659748317342
59.46666666666667,1806.566596,-24.148022142793337,-17.666961575579418,-2.647663244210815,-3.8333973230031066
59.483333333333334,1808.609027,-24.625873373378596,-18.144812806164673,-2.647663244210815,-3.8333973230031066
59.5,1810.672905,-24.69565033179377,-18.21458976457985,-2.647663244210815,-3.8333973230031066
59.516666666666666,1812.758257,-24.125451548973565,-18.180913469342652,-2.1111407566278073,-3.8333973230031066
59.53333333333333,1814.865118,-23.81110351536148,-17.877671137147992,-2.100035055210382,-3.8333973230031066
59.55,1816.993523,-24.25220566680244,-17.840922058003695,-2.577886285795639,-3.8333973230031066
59.56666666666667,1819.143502,-24.381359371150047,-17.900298803936124,-2.647663244210815,-3.8333973230031066
59.583333333333336,1821.315091,-24.859210601735306,-18.378150034521383,-2.647663244210815,-3.8333973230031066
59.6,1823.508345,-24.413348031389834,-18.447926992936555,-2.647663244210815,-3.317757794242464
59.61666666666667,1825.723338,-24.318596700950813,-18.925778223521846,-2.647663244210815,-2.7451552332181506
59.63333333333333,1827.960128,-23.93297131375181,-18.995555181937025,-2.199275186812585,-2.7381409450021996
59.65,1830.218731,-23.924208882940984,-18.995555181937025,-2.190512756001759,-2.7381409450021996
59.666666666666664,1832.499133,-23.89845224801985,-18.98022660966287,-2.190512756001759,-2.7277128823552204
59.68333333333333,1834.801338,-23.7332181493657,-18.863516390155016,-2.190512756001759,-2.6791890032089247
59.7,1837.124981,-23.489929946944187,-18.699342768765142,-2.190512756001759,-2.600074422177284
59.71666666666667,1839.469137,-22.390822684753996,-18.002218186484946,-2.190512756001759,-2.1980917422672914
59.733333333333334,1841.83341,-22.371802016730992,-17.990776504727503,-2.190512756001759,-2.19051275600173
59.75,1844.217096,-22.77403349295655,-18.39300798095306,-2.190512756001759,-2.19051275600173
59.766666666666666,1846.618487,-22.292430017357017,-17.911404505353527,-2.190512756001759,-2.19051275600173
59.78333333333333,1849.03687,-22.041683626248954,-17.89594787074932,-1.9552229994979047,-2.19051275600173
59.8,1851.47184,-21.38364874580052,-17.548167329533317,-1.6449686602654727,-2.19051275600173
59.81666666666667,1853.922445,-20.61119068544872,-16.77779336244566,-1.6428845670013266,-2.19051275600173
59.833333333333336,1856.388304,-20.060506963585844,-16.22710964058279,-1.6428845670013266,-2.19051275600173
59.85,1858.869435,-19.55818339418974,-15.724786071186681,-1.6428845670013266,-2.19051275600173
59.86666666666667,1861.365879,-19.183382518706168,-15.349985195703113,-1.6428845670013266,-2.19051275600173
59.88333333333333,1863.877667,-19.17651058351968,-15.343113260516624,-1.6428845670013266,-2.19051275600173
59.9,1866.404788,-19.17651058351968,-15.343113260516624,-1.6428845670013266,-2.19051275600173
59.916666666666664,1868.947164,-19.494566984135716,-15.343113260516624,-1.6428845670013266,-2.5085691566177633
59.93333333333333,1871.504755,-19.479803270254088,-15.343113260516624,-1.6428845670013266,-2.493805442736139
59.95,1874.076672,-19.479803270254088,-15.343113260516624,-1.6428845670013266,-2.493805442736139
59.96666666666667,1876.660765,-19.479803270254088,-15.343113260516624,-1.6428845670013266,-2.493805442736139
59.983333333333334,1879.256085,-18.746473454384926,-14.609783444647462,-1.6428845670013266,-2.493805442736139
