simulation_time_hrs,base_load_kW,total_demand_kW,WORK,DESTINATION,HOME
12.0,1810.067511,0.0,0.0,0.0,0.0
12.016666666666667,1812.497206,0.0,0.0,0.0,0.0
12.033333333333333,1814.926926,0.0,0.0,0.0,0.0
12.05,1817.356626,0.0,0.0,0.0,0.0
12.066666666666666,1819.786207,0.0,0.0,0.0,0.0
12.083333333333334,1822.215628,0.0,0.0,0.0,0.0
12.1,1824.644884,0.0,0.0,0.0,0.0
12.116666666666667,1827.073971,0.0,0.0,0.0,0.0
12.133333333333333,1829.502886,0.0,0.0,0.0,0.0
12.15,1831.931628,0.0,0.0,0.0,0.0
12.166666666666666,1834.3602,0.0,0.0,0.0,0.0
12.183333333333334,1836.788599,0.0,0.0,0.0,0.0
12.2,1839.216811,0.0,0.0,0.0,0.0
12.216666666666667,1841.644799,0.0,0.0,0.0,0.0
12.233333333333333,1844.072543,0.0,0.0,0.0,0.0
12.25,1846.500016,0.0,0.0,0.0,0.0
12.266666666666667,1848.92715,0.0,0.0,0.0,0.0
12.283333333333333,1851.353919,0.0,0.0,0.0,0.0
12.3,1853.780302,0.0,0.0,0.0,0.0
12.316666666666666,1856.206264,0.0,0.0,0.0,0.0
12.333333333333334,1858.631789,0.0,0.0,0.0,0.0
12.35,1861.056874,0.0,0.0,0.0,0.0
12.366666666666667,1863.481515,0.0,0.0,0.0,0.0
12.383333333333333,1865.90571,0.0,0.0,0.0,0.0
12.4,1868.329462,0.0,0.0,0.0,0.0
12.416666666666666,1870.752768,0.0,0.0,0.0,0.0
12.433333333333334,1873.175631,0.0,0.0,0.0,0.0
12.45,1875.598051,0.0,0.0,0.0,0.0
12.466666666666667,1878.020038,0.0,0.0,0.0,0.0
12.483333333333333,1880.441593,0.0,0.0,0.0,0.0
12.5,1882.862724,0.0,0.0,0.0,0.0
12.516666666666667,1885.283442,0.0,0.0,0.0,0.0
12.533333333333333,1887.703756,0.0,0.0,0.0,0.0
12.55,1890.123667,0.0,0.0,0.0,0.0
12.566666666666666,1892.543184,0.0,0.0,0.0,0.0
12.583333333333334,1894.96231,0.0,0.0,0.0,0.0
12.6,1897.381042,0.0,0.0,0.0,0.0
12.616666666666667,1899.799377,0.0,0.0,0.0,0.0
12.633333333333333,1902.217315,0.0,0.0,0.0,0.0
12.65,1904.634856,0.0,0.0,0.0,0.0
12.666666666666666,1907.052004,0.0,0.0,0.0,0.0
12.683333333333334,1909.468759,0.0,0.0,0.0,0.0
12.7,1911.885154,0.0,0.0,0.0,0.0
12.716666666666667,1914.30126,0.0,0.0,0.0,0.0
12.733333333333333,1916.717112,0.0,0.0,0.0,0.0
12.75,1919.132764,0.0,0.0,0.0,0.0
12.766666666666667,1921.548349,0.0,0.0,0.0,0.0
12.783333333333333,1923.963925,0.0,0.0,0.0,0.0
12.8,1926.379527,0.0,0.0,0.0,0.0
12.816666666666666,1928.795227,0.0,0.0,0.0,0.0
12.833333333333334,1931.211058,0.0,0.0,0.0,0.0
12.85,1933.627023,0.0,0.0,0.0,0.0
12.866666666666667,1936.043118,0.0,0.0,0.0,0.0
12.883333333333333,1938.459348,0.0,0.0,0.0,0.0
12.9,1940.875714,0.0,0.0,0.0,0.0
12.916666666666666,1943.292225,0.0,0.0,0.0,0.0
12.933333333333334,1945.708883,0.0,0.0,0.0,0.0
12.95,1948.125754,0.0,0.0,0.0,0.0
12.966666666666667,1950.542988,0.0,0.0,0.0,0.0
12.983333333333333,1952.960652,0.0,0.0,0.0,0.0
13.0,1955.378862,0.0,0.0,0.0,0.0
13.016666666666667,1957.797887,0.0,0.0,0.0,0.0
13.033333333333333,1960.217843,0.0,0.0,0.0,0.0
13.05,1962.638799,0.0,0.0,0.0,0.0
13.066666666666666,1965.060904,0.0,0.0,0.0,0.0
13.083333333333334,1967.484226,0.0,0.0,0.0,0.0
13.1,1969.908771,0.0,0.0,0.0,0.0
13.116666666666667,1972.334548,0.0,0.0,0.0,0.0
13.133333333333333,1974.761561,0.0,0.0,0.0,0.0
13.15,1977.189814,0.0,0.0,0.0,0.0
13.166666666666666,1979.619306,0.0,0.0,0.0,0.0
13.183333333333334,1982.050042,0.0,0.0,0.0,0.0
13.2,1984.482051,0.0,0.0,0.0,0.0
13.216666666666667,1986.9154,0.0,0.0,0.0,0.0
13.233333333333333,1989.350122,0.0,0.0,0.0,0.0
13.25,1991.786268,0.0,0.0,0.0,0.0
13.266666666666667,1994.223958,0.0,0.0,0.0,0.0
13.283333333333333,1996.663243,0.0,0.0,0.0,0.0
13.3,1999.104157,0.0,0.0,0.0,0.0
13.316666666666666,2001.546767,0.0,0.0,0.0,0.0
13.333333333333334,2003.991103,0.0,0.0,0.0,0.0
13.35,2006.43717,0.0,0.0,0.0,0.0
13.366666666666667,2008.884976,0.0,0.0,0.0,0.0
13.383333333333333,2011.334526,0.0,0.0,0.0,0.0
13.4,2013.785821,0.0,0.0,0.0,0.0
13.416666666666666,2016.238861,0.0,0.0,0.0,0.0
13.433333333333334,2018.69365,0.0,0.0,0.0,0.0
13.45,2021.150185,0.0,0.0,0.0,0.0
13.466666666666667,2023.608466,0.0,0.0,0.0,0.0
13.483333333333333,2026.06849,0.0,0.0,0.0,0.0
13.5,2028.530257,0.0,0.0,0.0,0.0
13.516666666666667,2030.993759,0.0,0.0,0.0,0.0
13.533333333333333,2033.458993,0.0,0.0,0.0,0.0
13.55,2035.925959,0.0,0.0,0.0,0.0
13.566666666666666,2038.394653,0.0,0.0,0.0,0.0
13.583333333333334,2040.865073,0.0,0.0,0.0,0.0
13.6,2043.33723,0.0,0.0,0.0,0.0
13.616666666666667,2045.811138,0.0,0.0,0.0,0.0
13.633333333333333,2048.286807,0.0,0.0,0.0,0.0
13.65,2050.764231,0.0,0.0,0.0,0.0
13.666666666666666,2053.24339,0.0,0.0,0.0,0.0
13.683333333333334,2055.724276,0.0,0.0,0.0,0.0
13.7,2058.206735,0.0,0.0,0.0,0.0
13.716666666666667,2060.690403,0.0,0.0,0.0,0.0
13.733333333333333,2063.175112,0.0,0.0,0.0,0.0
13.75,2065.660583,0.0,0.0,0.0,0.0
13.766666666666667,2068.146149,0.0,0.0,0.0,0.0
13.783333333333333,2070.631524,0.0,0.0,0.0,0.0
13.8,2073.116543,0.0,0.0,0.0,0.0
13.816666666666666,2075.600825,0.0,0.0,0.0,0.0
13.833333333333334,2078.084214,0.0,0.0,0.0,0.0
13.85,2080.566702,0.0,0.0,0.0,0.0
13.866666666666667,2083.048291,0.0,0.0,0.0,0.0
13.883333333333333,2085.528981,0.0,0.0,0.0,0.0
13.9,2088.008752,0.0,0.0,0.0,0.0
13.916666666666666,2090.487561,0.0,0.0,0.0,0.0
13.933333333333334,2092.965379,0.0,0.0,0.0,0.0
13.95,2095.441857,0.0,0.0,0.0,0.0
13.966666666666667,2097.916165,0.0,0.0,0.0,0.0
13.983333333333333,2100.387933,0.0,0.0,0.0,0.0
14.0,2102.856516,0.0,0.0,0.0,0.0
14.016666666666667,2105.320434,0.0,0.0,0.0,0.0
14.033333333333333,2107.779041,0.0,0.0,0.0,0.0
14.05,2110.231961,0.0,0.0,0.0,0.0
14.066666666666666,2112.678358,0.0,0.0,0.0,0.0
14.083333333333334,2115.117876,0.0,0.0,0.0,0.0
14.1,2117.550475,0.0,0.0,0.0,0.0
14.116666666666667,2119.976105,0.0,0.0,0.0,0.0
14.133333333333333,2122.394737,0.0,0.0,0.0,0.0
14.15,2124.806362,0.0,0.0,0.0,0.0
14.166666666666666,2127.210972,0.0,0.0,0.0,0.0
14.183333333333334,2129.608552,0.0,0.0,0.0,0.0
14.2,2131.998934,0.0,0.0,0.0,0.0
14.216666666666667,2134.381732,0.0,0.0,0.0,0.0
14.233333333333333,2136.756767,0.0,0.0,0.0,0.0
14.25,2139.123744,0.0,0.0,0.0,0.0
14.266666666666667,2141.481989,0.0,0.0,0.0,0.0
14.283333333333333,2143.831203,0.0,0.0,0.0,0.0
14.3,2146.171206,0.0,0.0,0.0,0.0
14.316666666666666,2148.501621,0.0,0.0,0.0,0.0
14.333333333333334,2150.822275,0.0,0.0,0.0,0.0
14.35,2153.133142,0.0,0.0,0.0,0.0
14.366666666666667,2155.434183,0.0,0.0,0.0,0.0
14.383333333333333,2157.725374,0.0,0.0,0.0,0.0
14.4,2160.006707,0.0,0.0,0.0,0.0
14.416666666666666,2162.278182,0.0,0.0,0.0,0.0
14.433333333333334,2164.53979,0.0,0.0,0.0,0.0
14.45,2166.791514,0.0,0.0,0.0,0.0
14.466666666666667,2169.033341,0.0,0.0,0.0,0.0
14.483333333333333,2171.265256,0.0,0.0,0.0,0.0
14.5,2173.487243,0.0,0.0,0.0,0.0
14.516666666666667,2175.699287,0.0,0.0,0.0,0.0
14.533333333333333,2177.901375,0.0,0.0,0.0,0.0
14.55,2180.093491,0.0,0.0,0.0,0.0
14.566666666666666,2182.275628,0.0,0.0,0.0,0.0
14.583333333333334,2184.447768,0.0,0.0,0.0,0.0
14.6,2186.609887,0.0,0.0,0.0,0.0
14.616666666666667,2188.76194,0.0,0.0,0.0,0.0
14.633333333333333,2190.903901,0.0,0.0,0.0,0.0
14.65,2193.035775,0.0,0.0,0.0,0.0
14.666666666666666,2195.157595,0.0,0.0,0.0,0.0
14.683333333333334,2197.269379,0.0,0.0,0.0,0.0
14.7,2199.371455,0.0,0.0,0.0,0.0
14.716666666666667,2201.464618,0.0,0.0,0.0,0.0
14.733333333333333,2203.549219,0.0,0.0,0.0,0.0
14.75,2205.625875,0.0,0.0,0.0,0.0
14.766666666666667,2207.696034,0.0,0.0,0.0,0.0
14.783333333333333,2209.760316,0.0,0.0,0.0,0.0
14.8,2211.819082,0.0,0.0,0.0,0.0
14.816666666666666,2213.873148,0.0,0.0,0.0,0.0
14.833333333333334,2215.922857,0.0,0.0,0.0,0.0
14.85,2217.968212,0.0,0.0,0.0,0.0
14.866666666666667,2220.009199,0.0,0.0,0.0,0.0
14.883333333333333,2222.045812,0.0,0.0,0.0,0.0
14.9,2224.078083,0.0,0.0,0.0,0.0
14.916666666666666,2226.106096,0.0,0.0,0.0,0.0
14.933333333333334,2228.12991,0.0,0.0,0.0,0.0
14.95,2230.150296,0.0,0.0,0.0,0.0
14.966666666666667,2232.169095,0.0,0.0,0.0,0.0
14.983333333333333,2234.18713,0.0,0.0,0.0,0.0
15.0,2236.205818,0.0,0.0,0.0,0.0
15.016666666666667,2238.228466,0.0,0.0,0.0,0.0
15.033333333333333,2240.256498,0.0,0.0,0.0,0.0
15.05,2242.290745,0.0,0.0,0.0,0.0
15.066666666666666,2244.333059,0.0,0.0,0.0,0.0
15.083333333333334,2246.384225,0.0,0.0,0.0,0.0
15.1,2248.444318,0.0,0.0,0.0,0.0
15.116666666666667,2250.513436,0.0,0.0,0.0,0.0
15.133333333333333,2252.591629,0.0,0.0,0.0,0.0
15.15,2254.678908,8.4467200000002,0.0,0.0,8.4467200000002
15.166666666666666,2256.775276,9.599999999999994,0.0,0.0,9.599999999999994
15.183333333333334,2258.880753,9.599999999999994,0.0,0.0,9.599999999999994
15.2,2260.995701,9.599999999999994,0.0,0.0,9.599999999999994
15.216666666666667,2263.120963,9.599999999999994,0.0,0.0,9.599999999999994
15.233333333333333,2265.256924,9.599999999999994,0.0,0.0,9.599999999999994
15.25,2267.404229,9.599999999999994,0.0,0.0,9.599999999999994
15.266666666666667,2269.564362,19.63470833333328,0.0,0.0,19.63470833333328
15.283333333333333,2271.737974,21.100000000000037,0.0,0.0,21.100000000000037
15.3,2273.925445,21.100000000000037,0.0,0.0,21.100000000000037
15.316666666666666,2276.127611,21.100000000000037,0.0,0.0,21.100000000000037
15.333333333333334,2278.344834,21.100000000000037,0.0,0.0,21.100000000000037
15.35,2280.577165,31.13470833333332,0.0,0.0,31.13470833333332
15.366666666666667,2282.824672,32.60000000000008,0.0,0.0,32.60000000000008
15.383333333333333,2285.087394,32.60000000000008,0.0,0.0,32.60000000000008
15.4,2287.365342,41.04672000000029,0.0,0.0,41.04672000000029
15.416666666666666,2289.658505,42.20000000000009,0.0,0.0,42.20000000000009
15.433333333333334,2291.966891,50.64672000000029,0.0,0.0,50.64672000000029
15.45,2294.290524,51.80000000000008,0.0,0.0,51.80000000000008
15.466666666666667,2296.629437,51.80000000000008,0.0,0.0,51.80000000000008
15.483333333333333,2298.983651,51.80000000000008,0.0,0.0,51.80000000000008
15.5,2301.353195,51.80000000000008,0.0,0.0,51.80000000000008
15.516666666666667,2303.7381,51.80000000000008,0.0,0.0,51.80000000000008
15.533333333333333,2306.138393,51.80000000000008,0.0,0.0,51.80000000000008
15.55,2308.554099,51.80000000000008,0.0,0.0,51.80000000000008
15.566666666666666,2310.985241,51.80000000000008,0.0,0.0,51.80000000000008
15.583333333333334,2313.431847,51.80000000000008,0.0,0.0,51.80000000000008
15.6,2315.893948,51.80000000000008,0.0,0.0,51.80000000000008
15.616666666666667,2318.371595,51.80000000000008,0.0,0.0,51.80000000000008
15.633333333333333,2320.864824,51.80000000000008,0.0,0.0,51.80000000000008
15.65,2323.37364,51.80000000000008,0.0,0.0,51.80000000000008
15.666666666666666,2325.898023,51.80000000000008,0.0,0.0,51.80000000000008
15.683333333333334,2328.437969,51.80000000000008,0.0,0.0,51.80000000000008
15.7,2330.993199,51.80000000000008,0.0,0.0,51.80000000000008
15.716666666666667,2333.563017,51.80000000000008,0.0,0.0,51.80000000000008
15.733333333333333,2336.147122,51.80000000000008,0.0,0.0,51.80000000000008
15.75,2338.744979,51.80000000000008,0.0,0.0,51.80000000000008
15.766666666666667,2341.355314,51.80000000000008,0.0,0.0,51.80000000000008
15.783333333333333,2343.977587,51.80000000000008,0.0,0.0,51.80000000000008
15.8,2346.611491,51.80000000000008,0.0,0.0,51.80000000000008
15.816666666666666,2349.256311,51.80000000000008,0.0,0.0,51.80000000000008
15.833333333333334,2351.911756,51.80000000000008,0.0,0.0,51.80000000000008
15.85,2354.577834,51.80000000000008,0.0,0.0,51.80000000000008
15.866666666666667,2357.25457,51.80000000000008,0.0,0.0,51.80000000000008
15.883333333333333,2359.941983,51.80000000000008,0.0,0.0,51.80000000000008
15.9,2362.640053,51.80000000000008,0.0,0.0,51.80000000000008
15.916666666666666,2365.348721,51.80000000000008,0.0,0.0,51.80000000000008
15.933333333333334,2368.067944,51.80000000000008,0.0,0.0,51.80000000000008
15.95,2370.797044,51.80000000000008,0.0,0.0,51.80000000000008
15.966666666666667,2373.534391,51.80000000000008,0.0,0.0,51.80000000000008
15.983333333333333,2376.279261,51.80000000000008,0.0,0.0,51.80000000000008
16.0,2379.030395,51.80000000000008,0.0,0.0,51.80000000000008
16.016666666666666,2381.784852,51.80000000000008,0.0,0.0,51.80000000000008
16.033333333333335,2384.541369,51.80000000000008,0.0,0.0,51.80000000000008
16.05,2387.29921,51.80000000000008,0.0,0.0,51.80000000000008
16.066666666666666,2390.056733,51.80000000000008,0.0,0.0,51.80000000000008
16.083333333333332,2392.813243,51.80000000000008,0.0,0.0,51.80000000000008
16.1,2395.568682,51.80000000000008,0.0,0.0,51.80000000000008
16.116666666666667,2398.322967,51.80000000000008,0.0,0.0,51.80000000000008
16.133333333333333,2401.076061,51.80000000000008,0.0,0.0,51.80000000000008
16.15,2403.827964,51.80000000000008,0.0,0.0,51.80000000000008
16.166666666666668,2406.578681,51.80000000000008,0.0,0.0,51.80000000000008
16.183333333333334,2409.328204,51.80000000000008,0.0,0.0,51.80000000000008
16.2,2412.076224,51.80000000000008,0.0,0.0,51.80000000000008
16.216666666666665,2414.822019,51.80000000000008,0.0,0.0,51.80000000000008
16.233333333333334,2417.565262,51.80000000000008,0.0,0.0,51.80000000000008
16.25,2420.305402,51.80000000000008,0.0,0.0,51.80000000000008
16.266666666666666,2423.041157,51.80000000000008,0.0,0.0,51.80000000000008
16.283333333333335,2425.771975,51.80000000000008,0.0,0.0,51.80000000000008
16.3,2428.497532,51.80000000000008,0.0,0.0,51.80000000000008
16.316666666666666,2431.217112,51.80000000000008,0.0,0.0,51.80000000000008
16.333333333333332,2433.930411,51.80000000000008,0.0,0.0,51.80000000000008
16.35,2436.637392,51.80000000000008,0.0,0.0,51.80000000000008
16.366666666666667,2439.338005,51.80000000000008,0.0,0.0,51.80000000000008
16.383333333333333,2442.032225,51.80000000000008,0.0,0.0,51.80000000000008
16.4,2444.720053,51.80000000000008,0.0,0.0,51.80000000000008
16.416666666666668,2447.401505,51.80000000000008,0.0,0.0,51.80000000000008
16.433333333333334,2450.076581,51.73555338205423,0.0,0.0,51.73555338205423
16.45,2452.745274,50.60628517770838,0.0,0.0,50.60628517770838
16.466666666666665,2455.407574,49.277765437004554,0.0,0.0,49.277765437004554
16.483333333333334,2458.063469,45.396679728890405,0.0,0.0,45.396679728890405
16.5,2460.712954,42.206645627754845,0.0,0.0,42.206645627754845
16.516666666666666,2463.356025,42.20000000000009,0.0,0.0,42.20000000000009
16.533333333333335,2465.992673,42.20000000000009,0.0,0.0,42.20000000000009
16.55,2468.622891,42.20000000000009,0.0,0.0,42.20000000000009
16.566666666666666,2471.246667,42.20000000000009,0.0,0.0,42.20000000000009
16.583333333333332,2473.863989,42.20000000000009,0.0,0.0,42.20000000000009
16.6,2476.474866,42.20000000000009,0.0,0.0,42.20000000000009
16.616666666666667,2479.079322,42.20000000000009,0.0,0.0,42.20000000000009
16.633333333333333,2481.677362,42.20000000000009,0.0,0.0,42.20000000000009
16.65,2484.268955,42.20000000000009,0.0,0.0,42.20000000000009
16.666666666666668,2486.854036,42.20000000000009,0.0,0.0,42.20000000000009
16.683333333333334,2489.432561,42.20000000000009,0.0,0.0,42.20000000000009
16.7,2492.00412,42.20000000000009,0.0,0.0,42.20000000000009
16.716666666666665,2494.567755,42.20000000000009,0.0,0.0,42.20000000000009
16.733333333333334,2497.123026,42.20000000000009,0.0,0.0,42.20000000000009
16.75,2499.669187,42.20000000000009,0.0,0.0,42.20000000000009
16.766666666666666,2502.204513,42.20000000000009,0.0,0.0,42.20000000000009
16.783333333333335,2504.728248,42.20000000000009,0.0,0.0,42.20000000000009
16.8,2507.239947,42.20000000000009,0.0,0.0,42.20000000000009
16.816666666666666,2509.738621,49.80897035685657,0.0,0.0,49.80897035685657
16.833333333333332,2512.223848,44.182625249759795,0.0,0.0,44.182625249759795
16.85,2514.695597,42.20357289978715,0.0,0.0,42.20357289978715
16.866666666666667,2517.153858,42.20000000000009,0.0,0.0,42.20000000000009
16.883333333333333,2519.598617,42.20000000000009,0.0,0.0,42.20000000000009
16.9,2522.029811,42.20000000000009,0.0,0.0,42.20000000000009
16.916666666666668,2524.447312,42.20000000000009,0.0,0.0,42.20000000000009
16.933333333333334,2526.851029,42.20000000000009,0.0,0.0,42.20000000000009
16.95,2529.240023,42.20000000000009,0.0,0.0,42.20000000000009
16.966666666666665,2531.612093,42.20000000000009,0.0,0.0,42.20000000000009
16.983333333333334,2533.966237,42.20000000000009,0.0,0.0,42.20000000000009
17.0,2536.300757,42.20000000000009,0.0,0.0,42.20000000000009
17.016666666666666,2538.611713,42.20000000000009,0.0,0.0,42.20000000000009
17.033333333333335,2540.897395,42.20000000000009,0.0,0.0,42.20000000000009
17.05,2543.1568,42.20000000000009,0.0,0.0,42.20000000000009
17.066666666666666,2545.387714,42.20000000000009,0.0,0.0,42.20000000000009
17.083333333333332,2547.589185,42.20000000000009,0.0,0.0,42.20000000000009
17.1,2549.761105,42.20000000000009,0.0,0.0,42.20000000000009
17.116666666666667,2551.903337,42.20000000000009,0.0,0.0,42.20000000000009
17.133333333333333,2554.015804,42.20000000000009,0.0,0.0,42.20000000000009
17.15,2556.098473,42.20000000000009,0.0,0.0,42.20000000000009
17.166666666666668,2558.151325,42.20000000000009,0.0,0.0,42.20000000000009
17.183333333333334,2560.174319,31.734022280804965,0.0,0.0,31.734022280804965
17.2,2562.167015,30.701237136719897,0.0,0.0,30.701237136719897
17.216666666666665,2564.128417,22.524711490154704,0.0,0.0,22.524711490154704
17.233333333333334,2566.058063,21.10225880828584,0.0,0.0,21.10225880828584
17.25,2567.955184,14.322666860365697,0.0,0.0,14.322666860365697
17.266666666666666,2569.81804,9.610387862346903,0.0,0.0,9.610387862346903
17.283333333333335,2571.645863,9.60000000000001,0.0,0.0,9.60000000000001
17.3,2573.438196,9.60000000000001,0.0,0.0,9.60000000000001
17.316666666666666,2575.194058,9.60000000000001,0.0,0.0,9.60000000000001
17.333333333333332,2576.913017,9.60000000000001,0.0,0.0,9.60000000000001
17.35,2578.595004,18.04672000000022,0.0,0.0,18.04672000000022
17.366666666666667,2580.239931,19.20000000000002,0.0,0.0,19.20000000000002
17.383333333333333,2581.847743,19.20000000000002,0.0,0.0,19.20000000000002
17.4,2583.418426,19.20000000000002,0.0,0.0,19.20000000000002
17.416666666666668,2584.951985,19.20000000000002,0.0,0.0,19.20000000000002
17.433333333333334,2586.448408,19.20000000000002,0.0,0.0,19.20000000000002
17.45,2587.90767,19.20000000000002,0.0,0.0,19.20000000000002
17.466666666666665,2589.329755,19.20000000000002,0.0,0.0,19.20000000000002
17.483333333333334,2590.714641,19.20000000000002,0.0,0.0,19.20000000000002
17.5,2592.062311,19.20000000000002,0.0,0.0,19.20000000000002
17.516666666666666,2593.372764,19.20000000000002,0.0,0.0,19.20000000000002
17.533333333333335,2594.645985,19.20000000000002,0.0,0.0,19.20000000000002
17.55,2595.881957,19.20000000000002,0.0,0.0,19.20000000000002
17.566666666666666,2597.080674,19.20000000000002,0.0,0.0,19.20000000000002
17.583333333333332,2598.242119,19.20000000000002,0.0,0.0,19.20000000000002
17.6,2599.366254,19.20000000000002,0.0,0.0,19.20000000000002
17.616666666666667,2600.45302,19.20000000000002,0.0,0.0,19.20000000000002
17.633333333333333,2601.502377,19.20000000000002,0.0,0.0,19.20000000000002
17.65,2602.514333,19.20000000000002,0.0,0.0,19.20000000000002
17.666666666666668,2603.488931,19.20000000000002,0.0,0.0,19.20000000000002
17.683333333333334,2604.42619,19.20000000000002,0.0,0.0,19.20000000000002
17.7,2605.32654,19.20000000000002,0.0,0.0,19.20000000000002
17.716666666666665,2606.191025,19.20000000000002,0.0,0.0,19.20000000000002
17.733333333333334,2607.020103,19.20000000000002,0.0,0.0,19.20000000000002
17.75,2607.814578,19.20000000000002,0.0,0.0,19.20000000000002
17.766666666666666,2608.57635,19.20000000000002,0.0,0.0,19.20000000000002
17.783333333333335,2609.306227,19.20000000000002,0.0,0.0,19.20000000000002
17.8,2610.004679,27.646720000000222,0.0,0.0,27.646720000000222
17.816666666666666,2610.672772,26.506008892649646,0.0,0.0,26.506008892649646
17.833333333333332,2611.310953,19.218183418322486,0.0,0.0,19.218183418322486
17.85,2611.919223,19.200000000000003,0.0,0.0,19.200000000000003
17.866666666666667,2612.497563,19.200000000000003,0.0,0.0,19.200000000000003
17.883333333333333,2613.045961,19.200000000000003,0.0,0.0,19.200000000000003
17.9,2613.56446,19.200000000000003,0.0,0.0,19.200000000000003
17.916666666666668,2614.053165,19.200000000000003,0.0,0.0,19.200000000000003
17.933333333333334,2614.512151,19.200000000000003,0.0,0.0,19.200000000000003
17.95,2614.942416,19.200000000000003,0.0,0.0,19.200000000000003
17.966666666666665,2615.346334,19.200000000000003,0.0,0.0,19.200000000000003
17.983333333333334,2615.724967,19.200000000000003,0.0,0.0,19.200000000000003
18.0,2616.080146,19.200000000000003,0.0,0.0,19.200000000000003
18.016666666666666,2616.416136,27.6467200000002,0.0,0.0,27.6467200000002
18.033333333333335,2616.73477,28.799999999999997,0.0,0.0,28.799999999999997
18.05,2617.037111,28.799999999999997,0.0,0.0,28.799999999999997
18.066666666666666,2617.325538,31.811583335165132,0.0,0.0,31.811583335165132
18.083333333333332,2617.601055,40.56051778338865,0.0,0.0,40.56051778338865
18.1,2617.863739,41.71379778338844,0.0,0.0,41.71379778338844
18.116666666666667,2618.113705,41.71379778338844,0.0,0.0,41.71379778338844
18.133333333333333,2618.351002,41.71379778338844,0.0,0.0,41.71379778338844
18.15,2618.575625,41.71379778338844,0.0,0.0,41.71379778338844
18.166666666666668,2618.787561,41.71379778338844,0.0,0.0,41.71379778338844
18.183333333333334,2618.986822,41.71379778338844,0.0,0.0,41.71379778338844
18.2,2619.173853,41.71379778338844,0.0,0.0,41.71379778338844
18.216666666666665,2619.349717,41.71379778338844,0.0,0.0,41.71379778338844
18.233333333333334,2619.51489,41.71379778338844,0.0,0.0,41.71379778338844
18.25,2619.670179,41.71379778338844,0.0,0.0,41.71379778338844
18.266666666666666,2619.817465,41.71379778338844,0.0,0.0,41.71379778338844
18.283333333333335,2619.957557,41.71379778338844,0.0,0.0,41.71379778338844
18.3,2620.090923,41.71379778338844,0.0,0.0,41.71379778338844
18.316666666666666,2620.218604,41.71379778338844,0.0,0.0,41.71379778338844
18.333333333333332,2620.341042,41.71379778338844,0.0,0.0,41.71379778338844
18.35,2620.458274,41.71379778338844,0.0,0.0,41.71379778338844
18.366666666666667,2620.570362,44.72538111855377,0.0,0.0,44.72538111855377
18.383333333333333,2620.677331,45.027595566776895,0.0,0.0,45.027595566776895
18.4,2620.779165,45.027595566776895,0.0,0.0,45.027595566776895
18.416666666666668,2620.875822,45.027595566776895,0.0,0.0,45.027595566776895
18.433333333333334,2620.967286,45.027595566776895,0.0,0.0,45.027595566776895
18.45,2621.053555,45.027595566776895,0.0,0.0,45.027595566776895
18.466666666666665,2621.134624,45.027595566776895,0.0,0.0,45.027595566776895
18.483333333333334,2621.210487,45.027595566776895,0.0,0.0,45.027595566776895
18.5,2621.28114,45.027595566776895,0.0,0.0,45.027595566776895
18.516666666666666,2621.346567,45.027595566776895,0.0,0.0,45.027595566776895
18.533333333333335,2621.40676,45.027595566776895,0.0,0.0,45.027595566776895
18.55,2621.461714,45.027595566776895,0.0,0.0,45.027595566776895
18.566666666666666,2621.51142,45.027595566776895,0.0,0.0,45.027595566776895
18.583333333333332,2621.555872,45.027595566776895,0.0,0.0,45.027595566776895
18.6,2621.595082,45.027595566776895,0.0,0.0,45.027595566776895
18.616666666666667,2621.629075,45.027595566776895,0.0,0.0,45.027595566776895
18.633333333333333,2621.657865,45.027595566776895,0.0,0.0,45.027595566776895
18.65,2621.681431,45.027595566776895,0.0,0.0,45.027595566776895
18.666666666666668,2621.699734,45.027595566776895,0.0,0.0,45.027595566776895
18.683333333333334,2621.712744,45.027595566776895,0.0,0.0,45.027595566776895
18.7,2621.720165,45.027595566776895,0.0,0.0,45.027595566776895
18.716666666666665,2621.721283,45.027595566776895,0.0,0.0,45.027595566776895
18.733333333333334,2621.715779,45.027595566776895,0.0,0.0,45.027595566776895
18.75,2621.703103,45.027595566776895,0.0,0.0,45.027595566776895
18.766666666666666,2621.681971,45.027595566776895,0.0,0.0,45.027595566776895
18.783333333333335,2621.651833,45.027595566776895,0.0,0.0,45.027595566776895
18.8,2621.612364,45.027595566776895,0.0,0.0,45.027595566776895
18.816666666666666,2621.562843,45.027595566776895,0.0,0.0,45.027595566776895
18.833333333333332,2621.50296,45.027595566776895,0.0,0.0,45.027595566776895
18.85,2621.432712,43.88474559154658,0.0,0.0,43.88474559154658
18.866666666666667,2621.352105,35.44952274956012,0.0,0.0,35.44952274956012
18.883333333333333,2621.26114,35.4275955667769,0.0,0.0,35.4275955667769
18.9,2621.159784,35.4275955667769,0.0,0.0,35.4275955667769
18.916666666666668,2621.047963,35.4275955667769,0.0,0.0,35.4275955667769
18.933333333333334,2620.925625,35.4275955667769,0.0,0.0,35.4275955667769
18.95,2620.792098,35.4275955667769,0.0,0.0,35.4275955667769
18.966666666666665,2620.645799,35.4275955667769,0.0,0.0,35.4275955667769
18.983333333333334,2620.486018,35.4275955667769,0.0,0.0,35.4275955667769
19.0,2620.311533,35.4275955667769,0.0,0.0,35.4275955667769
19.016666666666666,2620.119498,43.87431556677711,0.0,0.0,43.87431556677711
19.033333333333335,2619.908697,55.06230390011065,0.0,0.0,55.06230390011065
19.05,2619.678417,56.527595566776675,0.0,0.0,56.527595566776675
19.066666666666666,2619.427074,56.527595566776675,0.0,0.0,56.527595566776675
19.083333333333332,2619.154005,56.527595566776675,0.0,0.0,56.527595566776675
19.1,2618.859154,56.527595566776675,0.0,0.0,56.527595566776675
19.116666666666667,2618.54245,56.527595566776675,0.0,0.0,56.527595566776675
19.133333333333333,2618.203863,56.527595566776675,0.0,0.0,56.527595566776675
19.15,2617.843398,56.527595566776675,0.0,0.0,56.527595566776675
19.166666666666668,2617.461067,64.9743155667769,0.0,0.0,64.9743155667769
19.183333333333334,2617.056865,66.12759556677669,0.0,0.0,66.12759556677669
19.2,2616.630496,66.12759556677669,0.0,0.0,66.12759556677669
19.216666666666665,2616.181248,66.12759556677669,0.0,0.0,66.12759556677669
19.233333333333334,2615.708808,66.12759556677669,0.0,0.0,66.12759556677669
19.25,2615.212636,66.12759556677669,0.0,0.0,66.12759556677669
19.266666666666666,2614.691471,66.12759556677669,0.0,0.0,66.12759556677669
19.283333333333335,2614.144777,66.12759556677669,0.0,0.0,66.12759556677669
19.3,2613.572245,66.12759556677669,0.0,0.0,66.12759556677669
19.316666666666666,2612.97318,66.12759556677669,0.0,0.0,66.12759556677669
19.333333333333332,2612.347295,66.12759556677669,0.0,0.0,66.12759556677669
19.35,2611.694571,66.12759556677669,0.0,0.0,66.12759556677669
19.366666666666667,2611.014975,76.16230390011077,0.0,0.0,76.16230390011077
19.383333333333333,2610.308501,86.07431556677707,0.0,0.0,86.07431556677707
19.4,2609.575168,87.22759556677687,0.0,0.0,87.22759556677687
19.416666666666668,2608.815015,87.22759556677687,0.0,0.0,87.22759556677687
19.433333333333334,2608.028059,87.22759556677687,0.0,0.0,87.22759556677687
19.45,2607.214315,87.22759556677687,0.0,0.0,87.22759556677687
19.466666666666665,2606.373789,87.22759556677687,0.0,0.0,87.22759556677687
19.483333333333334,2605.506492,87.22759556677687,0.0,0.0,87.22759556677687
19.5,2604.612438,87.22759556677687,0.0,0.0,87.22759556677687
19.516666666666666,2603.691637,87.22759556677687,0.0,0.0,87.22759556677687
19.533333333333335,2602.744104,87.22759556677687,0.0,0.0,87.22759556677687
19.55,2601.769851,80.65317732743404,0.0,0.0,80.65317732743404
19.566666666666666,2600.768895,77.25412118450055,0.0,0.0,77.25412118450055
19.583333333333332,2599.741248,75.86367487043319,0.0,0.0,75.86367487043319
19.6,2598.686916,74.6232601888992,0.0,0.0,74.6232601888992
19.616666666666667,2597.605888,70.68758159142936,0.0,0.0,70.68758159142936
19.633333333333333,2596.498169,68.03292399434855,0.0,0.0,68.03292399434855
19.65,2595.363791,84.92103556677728,0.0,0.0,84.92103556677728
19.666666666666668,2594.202804,87.22759556677687,0.0,0.0,87.22759556677687
19.683333333333334,2593.015249,87.22759556677687,0.0,0.0,87.22759556677687
19.7,2591.801412,87.22759556677687,0.0,0.0,87.22759556677687
19.716666666666665,2590.561944,95.67431556677704,0.0,0.0,95.67431556677704
19.733333333333334,2589.297149,96.82759556677684,0.0,0.0,96.82759556677684
19.75,2588.007534,96.82759556677684,0.0,0.0,96.82759556677684
19.766666666666666,2586.694267,96.82759556677684,0.0,0.0,96.82759556677684
19.783333333333335,2585.357857,96.82759556677684,0.0,0.0,96.82759556677684
19.8,2583.99861,96.82759556677684,0.0,0.0,96.82759556677684
19.816666666666666,2582.617191,96.82759556677684,0.0,0.0,96.82759556677684
19.833333333333332,2581.213887,96.82759556677684,0.0,0.0,96.82759556677684
19.85,2579.788721,106.86230390011148,0.0,0.0,106.86230390011148
19.866666666666667,2578.341706,108.32759556677765,0.0,0.0,108.32759556677765
19.883333333333333,2576.872854,108.32759556677765,0.0,0.0,108.32759556677765
19.9,2575.382213,108.32759556677765,0.0,0.0,108.32759556677765
19.916666666666668,2573.869866,108.32759556677765,0.0,0.0,108.32759556677765
19.933333333333334,2572.335882,108.32759556677765,0.0,0.0,108.32759556677765
19.95,2570.78088,108.32759556677765,0.0,0.0,108.32759556677765
19.966666666666665,2569.206313,108.32759556677765,0.0,0.0,108.32759556677765
19.983333333333334,2567.612841,108.32759556677765,0.0,0.0,108.32759556677765
20.0,2566.00158,108.32759556677765,0.0,0.0,108.32759556677765
20.016666666666666,2564.375122,108.32759556677765,0.0,0.0,108.32759556677765
20.033333333333335,2562.734584,108.32759556677765,0.0,0.0,108.32759556677765
20.05,2561.080619,108.32759556677765,0.0,0.0,108.32759556677765
20.066666666666666,2559.414676,108.32759556677765,0.0,0.0,108.32759556677765
20.083333333333332,2557.737369,108.32759556677765,0.0,0.0,108.32759556677765
20.1,2556.048757,108.32759556677765,0.0,0.0,108.32759556677765
20.116666666666667,2554.34892,107.52708273915935,0.0,0.0,107.52708273915935
20.133333333333333,2552.637897,106.14009573912189,0.0,0.0,106.14009573912189
20.15,2550.915694,104.96604980993756,0.0,0.0,104.96604980993756
20.166666666666668,2549.182318,102.96692981120223,0.0,0.0,102.96692981120223
20.183333333333334,2547.437787,98.73702239603385,0.0,0.0,98.73702239603385
20.2,2545.682386,98.72759556677765,0.0,0.0,98.72759556677765
20.216666666666665,2543.916786,98.72759556677765,0.0,0.0,98.72759556677765
20.233333333333334,2542.141293,98.72759556677765,0.0,0.0,98.72759556677765
20.25,2540.356415,98.72759556677765,0.0,0.0,98.72759556677765
20.266666666666666,2538.563331,98.72759556677765,0.0,0.0,98.72759556677765
20.283333333333335,2536.762549,98.72759556677765,0.0,0.0,98.72759556677765
20.3,2534.954369,98.72759556677765,0.0,0.0,98.72759556677765
20.316666666666666,2533.139445,98.72759556677765,0.0,0.0,98.72759556677765
20.333333333333332,2531.318056,98.72759556677765,0.0,0.0,98.72759556677765
20.35,2529.490235,98.72759556677765,0.0,0.0,98.72759556677765
20.366666666666667,2527.656024,98.72759556677765,0.0,0.0,98.72759556677765
20.383333333333333,2525.815446,98.72759556677765,0.0,0.0,98.72759556677765
20.4,2523.968497,98.72759556677765,0.0,0.0,98.72759556677765
20.416666666666668,2522.115159,98.72759556677765,0.0,0.0,98.72759556677765
20.433333333333334,2520.255427,98.72759556677765,0.0,0.0,98.72759556677765
20.45,2518.389313,98.72759556677765,0.0,0.0,98.72759556677765
20.466666666666665,2516.516838,98.72759556677765,0.0,0.0,98.72759556677765
20.483333333333334,2514.638011,93.04236380080702,0.0,0.0,93.04236380080702
20.5,2512.752849,89.13595802090667,0.0,0.0,89.13595802090667
20.516666666666666,2510.861375,89.12759556677766,0.0,0.0,89.12759556677766
20.533333333333335,2508.963605,89.12759556677766,0.0,0.0,89.12759556677766
20.55,2507.059551,89.12759556677766,0.0,0.0,89.12759556677766
20.566666666666666,2505.149223,89.12759556677766,0.0,0.0,89.12759556677766
20.583333333333332,2503.232633,89.12759556677766,0.0,0.0,89.12759556677766
20.6,2501.309806,89.12759556677766,0.0,0.0,89.12759556677766
20.616666666666667,2499.380788,89.12759556677766,0.0,0.0,89.12759556677766
20.633333333333333,2497.445605,89.12759556677766,0.0,0.0,89.12759556677766
20.65,2495.504236,89.12759556677766,0.0,0.0,89.12759556677766
20.666666666666668,2493.556623,89.12759556677766,0.0,0.0,89.12759556677766
20.683333333333334,2491.602729,89.12759556677766,0.0,0.0,89.12759556677766
20.7,2489.642091,89.12759556677766,0.0,0.0,89.12759556677766
20.716666666666665,2487.673601,89.12759556677766,0.0,0.0,89.12759556677766
20.733333333333334,2485.69677,89.12759556677766,0.0,0.0,89.12759556677766
20.75,2483.710743,89.12759556677766,0.0,0.0,89.12759556677766
20.766666666666666,2481.713518,89.12759556677766,0.0,0.0,89.12759556677766
20.783333333333335,2479.704241,87.27830768834399,0.0,0.0,87.27830768834399
20.8,2477.682421,85.81652306843898,0.0,0.0,85.81652306843898
20.816666666666666,2475.646933,85.8137977833892,0.0,0.0,85.8137977833892
20.833333333333332,2473.597314,85.8137977833892,0.0,0.0,85.8137977833892
20.85,2471.533567,85.8137977833892,0.0,0.0,85.8137977833892
20.866666666666667,2469.455721,85.8137977833892,0.0,0.0,85.8137977833892
20.883333333333333,2467.363793,82.62774653003594,0.0,0.0,82.62774653003594
20.9,2465.257746,76.22922470499581,0.0,0.0,76.22922470499581
20.916666666666668,2463.137473,74.08926494621193,0.0,0.0,74.08926494621193
20.933333333333334,2461.002906,66.63251919032957,0.0,0.0,66.63251919032957
20.95,2458.852985,61.39151101752206,0.0,0.0,61.39151101752206
20.966666666666665,2456.685183,57.02341690599835,0.0,0.0,57.02341690599835
20.983333333333334,2454.498378,67.04850611672319,0.0,0.0,67.04850611672319
21.0,2452.290633,68.51379778338924,0.0,0.0,68.51379778338924
21.016666666666666,2450.057403,68.51379778338924,0.0,0.0,68.51379778338924
21.033333333333335,2447.796755,68.51379778338924,0.0,0.0,68.51379778338924
21.05,2445.507586,68.51379778338924,0.0,0.0,68.51379778338924
21.066666666666666,2443.18738,68.51379778338924,0.0,0.0,68.51379778338924
21.083333333333332,2440.835103,68.51379778338924,0.0,0.0,68.51379778338924
21.1,2438.45071,68.51379778338924,0.0,0.0,68.51379778338924
21.116666666666667,2436.034119,68.51379778338924,0.0,0.0,68.51379778338924
21.133333333333333,2433.585322,68.51379778338924,0.0,0.0,68.51379778338924
21.15,2431.104365,68.51379778338924,0.0,0.0,68.51379778338924
21.166666666666668,2428.591301,68.51379778338924,0.0,0.0,68.51379778338924
21.183333333333334,2426.046163,68.51379778338924,0.0,0.0,68.51379778338924
21.2,2423.468508,68.51379778338924,0.0,0.0,68.51379778338924
21.216666666666665,2420.857223,76.96051778338945,0.0,0.0,76.96051778338945
21.233333333333334,2418.211839,78.11379778338924,0.0,0.0,78.11379778338924
21.25,2415.531522,78.11379778338924,0.0,0.0,78.11379778338924
21.266666666666666,2412.814272,78.11379778338924,0.0,0.0,78.11379778338924
21.283333333333335,2410.059261,78.11379778338924,0.0,0.0,78.11379778338924
21.3,2407.266037,78.11379778338924,0.0,0.0,78.11379778338924
21.316666666666666,2404.433523,78.11379778338924,0.0,0.0,78.11379778338924
21.333333333333332,2401.561296,78.11379778338924,0.0,0.0,78.11379778338924
21.35,2398.649382,78.11379778338924,0.0,0.0,78.11379778338924
21.366666666666667,2395.697777,78.11379778338924,0.0,0.0,78.11379778338924
21.383333333333333,2392.706521,78.11379778338924,0.0,0.0,78.11379778338924
21.4,2389.675701,78.11379778338924,0.0,0.0,78.11379778338924
21.416666666666668,2386.605423,78.11379778338924,0.0,0.0,78.11379778338924
21.433333333333334,2383.495775,78.11379778338924,0.0,0.0,78.11379778338924
21.45,2380.346819,78.11379778338924,0.0,0.0,78.11379778338924
21.466666666666665,2377.158605,78.11379778338924,0.0,0.0,78.11379778338924
21.483333333333334,2373.931193,78.11379778338924,0.0,0.0,78.11379778338924
21.5,2370.664644,78.11379778338924,0.0,0.0,78.11379778338924
21.516666666666666,2367.358999,78.11379778338924,0.0,0.0,78.11379778338924
21.533333333333335,2364.014317,78.11379778338924,0.0,0.0,78.11379778338924
21.55,2360.630669,78.11379778338924,0.0,0.0,78.11379778338924
21.566666666666666,2357.208117,78.11379778338924,0.0,0.0,78.11379778338924
21.583333333333332,2353.74673,78.11379778338924,0.0,0.0,78.11379778338924
21.6,2350.246565,72.89053564375412,0.0,0.0,72.89053564375412
21.616666666666667,2346.70765,68.5234142880646,0.0,0.0,68.5234142880646
21.633333333333333,2343.130042,68.51379778338925,0.0,0.0,68.51379778338925
21.65,2339.513855,68.51379778338925,0.0,0.0,68.51379778338925
21.666666666666668,2335.85925,68.51379778338925,0.0,0.0,68.51379778338925
21.683333333333334,2332.166359,68.51379778338925,0.0,0.0,68.51379778338925
21.7,2328.435837,68.51379778338925,0.0,0.0,68.51379778338925
21.716666666666665,2324.66911,68.51379778338925,0.0,0.0,68.51379778338925
21.733333333333334,2320.866867,68.51379778338925,0.0,0.0,68.51379778338925
21.75,2317.030228,68.51379778338925,0.0,0.0,68.51379778338925
21.766666666666666,2313.161709,68.51379778338925,0.0,0.0,68.51379778338925
21.783333333333335,2309.262425,68.51379778338925,0.0,0.0,68.51379778338925
21.8,2305.333065,68.51379778338925,0.0,0.0,68.51379778338925
21.816666666666666,2301.375071,68.51379778338925,0.0,0.0,68.51379778338925
21.833333333333332,2297.389091,68.51379778338925,0.0,0.0,68.51379778338925
21.85,2293.375206,68.51379778338925,0.0,0.0,68.51379778338925
21.866666666666667,2289.333468,68.51379778338925,0.0,0.0,68.51379778338925
21.883333333333333,2285.263939,68.51379778338925,0.0,0.0,68.51379778338925
21.9,2281.166753,68.51379778338925,0.0,0.0,68.51379778338925
21.916666666666668,2277.042125,68.51379778338925,0.0,0.0,68.51379778338925
21.933333333333334,2272.890229,68.51379778338925,0.0,0.0,68.51379778338925
21.95,2268.712443,68.51379778338925,0.0,0.0,68.51379778338925
21.966666666666665,2264.511937,68.51379778338925,0.0,0.0,68.51379778338925
21.983333333333334,2260.290159,68.51379778338925,0.0,0.0,68.51379778338925
22.0,2256.049557,68.51379778338925,0.0,0.0,68.51379778338925
22.016666666666666,2251.795755,68.51379778338925,0.0,0.0,68.51379778338925
22.033333333333335,2247.531178,68.51379778338925,0.0,0.0,68.51379778338925
22.05,2243.257251,68.51379778338925,0.0,0.0,68.51379778338925
22.066666666666666,2238.977107,68.51379778338925,0.0,0.0,68.51379778338925
22.083333333333332,2234.692078,68.51379778338925,0.0,0.0,68.51379778338925
22.1,2230.402279,68.51379778338925,0.0,0.0,68.51379778338925
22.116666666666667,2226.107883,68.51379778338925,0.0,0.0,68.51379778338925
22.133333333333333,2221.808963,61.6752639791961,0.0,0.0,61.6752639791961
22.15,2217.50553,58.91916179605959,0.0,0.0,58.91916179605959
22.166666666666668,2213.197585,58.91379778338924,0.0,0.0,58.91379778338924
22.183333333333334,2208.885156,58.91379778338924,0.0,0.0,58.91379778338924
22.2,2204.568841,58.91379778338924,0.0,0.0,58.91379778338924
22.216666666666665,2200.250043,58.91379778338924,0.0,0.0,58.91379778338924
22.233333333333334,2195.929391,58.91379778338924,0.0,0.0,58.91379778338924
22.25,2191.607949,58.91379778338924,0.0,0.0,58.91379778338924
22.266666666666666,2187.288184,58.91379778338924,0.0,0.0,58.91379778338924
22.283333333333335,2182.971149,58.91379778338924,0.0,0.0,58.91379778338924
22.3,2178.65745,58.91379778338924,0.0,0.0,58.91379778338924
22.316666666666666,2174.348443,58.91379778338924,0.0,0.0,58.91379778338924
22.333333333333332,2170.044691,58.91379778338924,0.0,0.0,58.91379778338924
22.35,2165.746231,58.91379778338924,0.0,0.0,58.91379778338924
22.366666666666667,2161.453128,58.91379778338924,0.0,0.0,58.91379778338924
22.383333333333333,2157.1654,58.91379778338924,0.0,0.0,58.91379778338924
22.4,2152.88301,58.91379778338924,0.0,0.0,58.91379778338924
22.416666666666668,2148.605895,58.91379778338924,0.0,0.0,58.91379778338924
22.433333333333334,2144.334016,58.91379778338924,0.0,0.0,58.91379778338924
22.45,2140.067364,58.91379778338924,0.0,0.0,58.91379778338924
22.466666666666665,2135.805929,58.91379778338924,0.0,0.0,58.91379778338924
22.483333333333334,2131.549698,58.91379778338924,0.0,0.0,58.91379778338924
22.5,2127.29866,58.91379778338924,0.0,0.0,58.91379778338924
22.516666666666666,2123.052801,58.91379778338924,0.0,0.0,58.91379778338924
22.533333333333335,2118.812105,58.91379778338924,0.0,0.0,58.91379778338924
22.55,2114.57656,58.91379778338924,0.0,0.0,58.91379778338924
22.566666666666666,2110.346153,59.48880989186468,0.0,0.0,59.48880989186468
22.583333333333332,2106.120871,58.91722653694013,0.0,0.0,58.91722653694013
22.6,2101.900697,58.913797783390294,0.0,0.0,58.913797783390294
22.616666666666667,2097.685613,68.94850611672427,0.0,0.0,68.94850611672427
22.633333333333333,2093.475599,70.41379778339034,0.0,0.0,70.41379778339034
22.65,2089.270647,70.41379778339034,0.0,0.0,70.41379778339034
22.666666666666668,2085.070747,70.41379778339034,0.0,0.0,70.41379778339034
22.683333333333334,2080.875893,70.41379778339034,0.0,0.0,70.41379778339034
22.7,2076.686129,70.41379778339034,0.0,0.0,70.41379778339034
22.716666666666665,2072.501589,70.41379778339034,0.0,0.0,70.41379778339034
22.733333333333334,2068.322322,70.41379778339034,0.0,0.0,70.41379778339034
22.75,2064.148428,70.41379778339034,0.0,0.0,70.41379778339034
22.766666666666666,2059.980159,70.41379778339034,0.0,0.0,70.41379778339034
22.783333333333335,2055.817612,69.49229635983184,0.0,0.0,69.49229635983184
22.8,2051.660838,67.10479788794345,0.0,0.0,67.10479788794345
22.816666666666666,2047.509975,67.10000000000188,0.0,0.0,67.10000000000188
22.833333333333332,2043.365065,67.10000000000188,0.0,0.0,67.10000000000188
22.85,2039.226097,67.10000000000188,0.0,0.0,67.10000000000188
22.866666666666667,2035.093049,67.10000000000188,0.0,0.0,67.10000000000188
22.883333333333333,2030.965905,67.10000000000188,0.0,0.0,67.10000000000188
22.9,2026.844656,67.10000000000188,0.0,0.0,67.10000000000188
22.916666666666668,2022.729303,67.10000000000188,0.0,0.0,67.10000000000188
22.933333333333334,2018.619843,67.10000000000188,0.0,0.0,67.10000000000188
22.95,2014.516417,67.10000000000188,0.0,0.0,67.10000000000188
22.966666666666665,2010.419388,67.10000000000188,0.0,0.0,67.10000000000188
22.983333333333334,2006.328904,67.10000000000188,0.0,0.0,67.10000000000188
23.0,2002.245238,67.10000000000188,0.0,0.0,67.10000000000188
23.016666666666666,1998.169048,67.10000000000188,0.0,0.0,67.10000000000188
23.033333333333335,1994.100603,67.10000000000188,0.0,0.0,67.10000000000188
23.05,1990.040049,67.10000000000188,0.0,0.0,67.10000000000188
23.066666666666666,1985.987741,67.10000000000188,0.0,0.0,67.10000000000188
23.083333333333332,1981.943814,67.10000000000188,0.0,0.0,67.10000000000188
23.1,1977.908256,67.10000000000188,0.0,0.0,67.10000000000188
23.116666666666667,1973.881062,67.10000000000188,0.0,0.0,67.10000000000188
23.133333333333333,1969.862215,67.10000000000188,0.0,0.0,67.10000000000188
23.15,1965.851689,67.10000000000188,0.0,0.0,67.10000000000188
23.166666666666668,1961.849457,67.10000000000188,0.0,0.0,67.10000000000188
23.183333333333334,1957.855493,67.10000000000188,0.0,0.0,67.10000000000188
23.2,1953.869835,67.10000000000188,0.0,0.0,67.10000000000188
23.216666666666665,1949.892599,67.10000000000188,0.0,0.0,67.10000000000188
23.233333333333334,1945.923826,67.10000000000188,0.0,0.0,67.10000000000188
23.25,1941.963598,67.10000000000188,0.0,0.0,67.10000000000188
23.266666666666666,1938.012144,67.10000000000188,0.0,0.0,67.10000000000188
23.283333333333335,1934.069545,67.10000000000188,0.0,0.0,67.10000000000188
23.3,1930.13584,67.10000000000188,0.0,0.0,67.10000000000188
23.316666666666666,1926.211138,67.10000000000188,0.0,0.0,67.10000000000188
23.333333333333332,1922.295473,67.10000000000188,0.0,0.0,67.10000000000188
23.35,1918.388823,67.10000000000188,0.0,0.0,67.10000000000188
23.366666666666667,1914.491169,67.10000000000188,0.0,0.0,67.10000000000188
23.383333333333333,1910.602488,67.10000000000188,0.0,0.0,67.10000000000188
23.4,1906.722751,67.10000000000188,0.0,0.0,67.10000000000188
23.416666666666668,1902.851923,67.10000000000188,0.0,0.0,67.10000000000188
23.433333333333334,1898.989974,67.10000000000188,0.0,0.0,67.10000000000188
23.45,1895.13687,67.10000000000188,0.0,0.0,67.10000000000188
23.466666666666665,1891.29256,67.10000000000188,0.0,0.0,67.10000000000188
23.483333333333334,1887.457008,67.10000000000188,0.0,0.0,67.10000000000188
23.5,1883.63017,67.10000000000188,0.0,0.0,67.10000000000188
23.516666666666666,1879.811977,67.10000000000188,0.0,0.0,67.10000000000188
23.533333333333335,1876.002388,67.10000000000188,0.0,0.0,67.10000000000188
23.55,1872.201365,67.10000000000188,0.0,0.0,67.10000000000188
23.566666666666666,1868.40886,67.10000000000188,0.0,0.0,67.10000000000188
23.583333333333332,1864.624839,67.10000000000188,0.0,0.0,67.10000000000188
23.6,1860.849269,67.10000000000188,0.0,0.0,67.10000000000188
23.616666666666667,1857.082108,67.10000000000188,0.0,0.0,67.10000000000188
23.633333333333333,1853.323323,67.10000000000188,0.0,0.0,67.10000000000188
23.65,1849.572897,67.10000000000188,0.0,0.0,67.10000000000188
23.666666666666668,1845.83083,62.48260591557527,0.0,0.0,62.48260591557527
23.683333333333334,1842.09711,55.616737427455874,0.0,0.0,55.616737427455874
23.7,1838.371879,55.1833589885775,0.0,0.0,55.1833589885775
23.716666666666665,1834.655507,53.79071483967582,0.0,0.0,53.79071483967582
23.733333333333334,1830.948143,51.238488776259516,0.0,0.0,51.238488776259516
23.75,1827.250068,46.01209096986024,0.0,0.0,46.01209096986024
23.766666666666666,1823.561968,49.01158333516639,0.0,0.0,49.01158333516639
23.783333333333335,1819.884121,49.31379778338952,0.0,0.0,49.31379778338952
23.8,1816.216676,49.31379778338952,0.0,0.0,49.31379778338952
23.816666666666666,1812.560005,49.31379778338952,0.0,0.0,49.31379778338952
23.833333333333332,1808.914246,49.31379778338952,0.0,0.0,49.31379778338952
23.85,1805.279371,49.31379778338952,0.0,0.0,49.31379778338952
23.866666666666667,1801.655338,49.31379778338952,0.0,0.0,49.31379778338952
23.883333333333333,1798.042114,49.31379778338952,0.0,0.0,49.31379778338952
23.9,1794.439684,49.31379778338952,0.0,0.0,49.31379778338952
23.916666666666668,1790.848063,49.31379778338952,0.0,0.0,49.31379778338952
23.933333333333334,1787.267249,57.760517783389716,0.0,0.0,57.760517783389716
23.95,1783.69761,58.913797783389505,0.0,0.0,58.913797783389505
23.966666666666665,1780.140066,58.913797783389505,0.0,0.0,58.913797783389505
23.983333333333334,1776.595003,58.913797783389505,0.0,0.0,58.913797783389505
24.0,1773.063121,58.913797783389505,0.0,0.0,58.913797783389505
24.016666666666666,1769.546088,58.913797783389505,0.0,0.0,58.913797783389505
24.033333333333335,1766.044593,58.913797783389505,0.0,0.0,58.913797783389505
24.05,1762.559016,58.913797783389505,0.0,0.0,58.913797783389505
24.066666666666666,1759.090264,58.913797783389505,0.0,0.0,58.913797783389505
24.083333333333332,1755.638688,58.913797783389505,0.0,0.0,58.913797783389505
24.1,1752.204267,58.913797783389505,0.0,0.0,58.913797783389505
24.116666666666667,1748.786997,58.913797783389505,0.0,0.0,58.913797783389505
24.133333333333333,1745.386846,58.913797783389505,0.0,0.0,58.913797783389505
24.15,1742.003761,58.913797783389505,0.0,0.0,58.913797783389505
24.166666666666668,1738.637687,58.913797783389505,0.0,0.0,58.913797783389505
24.183333333333334,1735.288577,58.913797783389505,0.0,0.0,58.913797783389505
24.2,1731.95656,58.913797783389505,0.0,0.0,58.913797783389505
24.216666666666665,1728.642012,53.667459762240334,0.0,0.0,53.667459762240334
24.233333333333334,1725.345074,47.428606439927904,0.0,0.0,47.428606439927904
24.25,1722.066016,47.41379778338934,0.0,0.0,47.41379778338934
24.266666666666666,1718.805545,47.41379778338934,0.0,0.0,47.41379778338934
24.283333333333335,1715.563929,47.41379778338934,0.0,0.0,47.41379778338934
24.3,1712.341302,47.41379778338934,0.0,0.0,47.41379778338934
24.316666666666666,1709.138025,47.41379778338934,0.0,0.0,47.41379778338934
24.333333333333332,1705.954221,47.41379778338934,0.0,0.0,47.41379778338934
24.35,1702.789845,47.41379778338934,0.0,0.0,47.41379778338934
24.366666666666667,1699.644867,47.41379778338934,0.0,0.0,47.41379778338934
24.383333333333333,1696.519238,47.41379778338934,0.0,0.0,47.41379778338934
24.4,1693.412896,47.41379778338934,0.0,0.0,47.41379778338934
24.416666666666668,1690.32577,47.41379778338934,0.0,0.0,47.41379778338934
24.433333333333334,1687.257798,47.41379778338934,0.0,0.0,47.41379778338934
24.45,1684.208926,47.41379778338934,0.0,0.0,47.41379778338934
24.466666666666665,1681.179105,47.41379778338934,0.0,0.0,47.41379778338934
24.483333333333334,1678.168282,47.41379778338934,0.0,0.0,47.41379778338934
24.5,1675.176407,47.41379778338934,0.0,0.0,47.41379778338934
24.516666666666666,1672.203431,47.41379778338934,0.0,0.0,47.41379778338934
24.533333333333335,1669.249303,47.41379778338934,0.0,0.0,47.41379778338934
24.55,1666.313973,47.41379778338934,0.0,0.0,47.41379778338934
24.566666666666666,1663.397391,47.41379778338934,0.0,0.0,47.41379778338934
24.583333333333332,1660.499508,47.41379778338934,0.0,0.0,47.41379778338934
24.6,1657.620266,47.41379778338934,0.0,0.0,47.41379778338934
24.616666666666667,1654.759608,47.41379778338934,0.0,0.0,47.41379778338934
24.633333333333333,1651.917479,47.41379778338934,0.0,0.0,47.41379778338934
24.65,1649.093831,47.41379778338934,0.0,0.0,47.41379778338934
24.666666666666668,1646.288625,47.41379778338934,0.0,0.0,47.41379778338934
24.683333333333334,1643.501818,47.41379778338934,0.0,0.0,47.41379778338934
24.7,1640.733442,47.41379778338934,0.0,0.0,47.41379778338934
24.716666666666665,1637.983649,47.41379778338934,0.0,0.0,47.41379778338934
24.733333333333334,1635.252477,47.41379778338934,0.0,0.0,47.41379778338934
24.75,1632.540031,47.41379778338934,0.0,0.0,47.41379778338934
24.766666666666666,1629.846624,47.41379778338934,0.0,0.0,47.41379778338934
24.783333333333335,1627.172359,47.41379778338934,0.0,0.0,47.41379778338934
24.8,1624.517277,47.41379778338934,0.0,0.0,47.41379778338934
24.816666666666666,1621.881531,47.41379778338934,0.0,0.0,47.41379778338934
24.833333333333332,1619.265158,47.41379778338934,0.0,0.0,47.41379778338934
24.85,1616.668108,47.41379778338934,0.0,0.0,47.41379778338934
24.866666666666667,1614.09033,47.41379778338934,0.0,0.0,47.41379778338934
24.883333333333333,1611.531772,47.41379778338934,0.0,0.0,47.41379778338934
24.9,1608.992395,44.859654508362,0.0,0.0,44.859654508362
24.916666666666668,1606.47217,44.10130658344646,0.0,0.0,44.10130658344646
24.933333333333334,1603.971067,44.10000000000089,0.0,0.0,44.10000000000089
24.95,1601.489229,44.10000000000089,0.0,0.0,44.10000000000089
24.966666666666665,1599.027073,44.10000000000089,0.0,0.0,44.10000000000089
24.983333333333334,1596.584754,44.10000000000089,0.0,0.0,44.10000000000089
25.0,1594.162582,44.10000000000089,0.0,0.0,44.10000000000089
25.016666666666666,1591.761335,44.10000000000089,0.0,0.0,44.10000000000089
25.033333333333335,1589.381319,44.10000000000089,0.0,0.0,44.10000000000089
25.05,1587.022689,44.10000000000089,0.0,0.0,44.10000000000089
25.066666666666666,1584.685857,44.10000000000089,0.0,0.0,44.10000000000089
25.083333333333332,1582.370962,44.10000000000089,0.0,0.0,44.10000000000089
25.1,1580.077969,35.07743984406956,0.0,0.0,35.07743984406956
25.116666666666667,1577.806847,32.60446817059226,0.0,0.0,32.60446817059226
25.133333333333333,1575.557552,32.60000000000008,0.0,0.0,32.60000000000008
25.15,1573.330032,32.60000000000008,0.0,0.0,32.60000000000008
25.166666666666668,1571.124234,32.60000000000008,0.0,0.0,32.60000000000008
25.183333333333334,1568.940109,32.60000000000008,0.0,0.0,32.60000000000008
25.2,1566.777696,32.60000000000008,0.0,0.0,32.60000000000008
25.216666666666665,1564.637158,32.60000000000008,0.0,0.0,32.60000000000008
25.233333333333334,1562.51854,32.60000000000008,0.0,0.0,32.60000000000008
25.25,1560.421954,32.60000000000008,0.0,0.0,32.60000000000008
25.266666666666666,1558.347727,25.149319546563362,0.0,0.0,25.149319546563362
25.283333333333335,1556.295974,23.003884225445695,0.0,0.0,23.003884225445695
25.3,1554.266737,23.00000000000009,0.0,0.0,23.00000000000009
25.316666666666666,1552.260177,23.00000000000009,0.0,0.0,23.00000000000009
25.333333333333332,1550.276332,23.00000000000009,0.0,0.0,23.00000000000009
25.35,1548.315163,23.00000000000009,0.0,0.0,23.00000000000009
25.366666666666667,1546.376632,23.00000000000009,0.0,0.0,23.00000000000009
25.383333333333333,1544.460699,23.00000000000009,0.0,0.0,23.00000000000009
25.4,1542.56731,23.00000000000009,0.0,0.0,23.00000000000009
25.416666666666668,1540.696411,23.00000000000009,0.0,0.0,23.00000000000009
25.433333333333334,1538.847955,23.00000000000009,0.0,0.0,23.00000000000009
25.45,1537.021895,23.00000000000009,0.0,0.0,23.00000000000009
25.466666666666665,1535.218191,23.00000000000009,0.0,0.0,23.00000000000009
25.483333333333334,1533.4368,23.00000000000009,0.0,0.0,23.00000000000009
25.5,1531.67768,23.00000000000009,0.0,0.0,23.00000000000009
25.516666666666666,1529.940795,23.00000000000009,0.0,0.0,23.00000000000009
25.533333333333335,1528.226105,23.00000000000009,0.0,0.0,23.00000000000009
25.55,1526.533569,23.00000000000009,0.0,0.0,23.00000000000009
25.566666666666666,1524.863144,23.00000000000009,0.0,0.0,23.00000000000009
25.583333333333332,1523.214792,23.00000000000009,0.0,0.0,23.00000000000009
25.6,1521.588481,23.00000000000009,0.0,0.0,23.00000000000009
25.616666666666667,1519.9842,23.00000000000009,0.0,0.0,23.00000000000009
25.633333333333333,1518.40192,23.00000000000009,0.0,0.0,23.00000000000009
25.65,1516.841583,23.00000000000009,0.0,0.0,23.00000000000009
25.666666666666668,1515.303112,23.00000000000009,0.0,0.0,23.00000000000009
25.683333333333334,1513.78644,23.00000000000009,0.0,0.0,23.00000000000009
25.7,1512.291229,23.00000000000009,0.0,0.0,23.00000000000009
25.716666666666665,1510.816733,23.00000000000009,0.0,0.0,23.00000000000009
25.733333333333334,1509.362596,23.00000000000009,0.0,0.0,23.00000000000009
25.75,1507.928235,23.00000000000009,0.0,0.0,23.00000000000009
25.766666666666666,1506.512328,23.00000000000009,0.0,0.0,23.00000000000009
25.783333333333335,1505.114297,23.00000000000009,0.0,0.0,23.00000000000009
25.8,1503.733786,23.00000000000009,0.0,0.0,23.00000000000009
25.816666666666666,1502.370042,23.00000000000009,0.0,0.0,23.00000000000009
25.833333333333332,1501.022731,23.00000000000009,0.0,0.0,23.00000000000009
25.85,1499.691822,23.00000000000009,0.0,0.0,23.00000000000009
25.866666666666667,1498.377296,23.00000000000009,0.0,0.0,23.00000000000009
25.883333333333333,1497.07913,23.00000000000009,0.0,0.0,23.00000000000009
25.9,1495.797265,23.00000000000009,0.0,0.0,23.00000000000009
25.916666666666668,1494.5316,23.00000000000009,0.0,0.0,23.00000000000009
25.933333333333334,1493.282053,23.00000000000009,0.0,0.0,23.00000000000009
25.95,1492.047913,23.00000000000009,0.0,0.0,23.00000000000009
25.966666666666665,1490.827523,23.00000000000009,0.0,0.0,23.00000000000009
25.983333333333334,1489.620132,23.00000000000009,0.0,0.0,23.00000000000009
26.0,1488.424463,23.00000000000009,0.0,0.0,23.00000000000009
26.016666666666666,1487.237566,23.00000000000009,0.0,0.0,23.00000000000009
26.033333333333335,1486.05817,23.00000000000009,0.0,0.0,23.00000000000009
26.05,1484.885531,23.00000000000009,0.0,0.0,23.00000000000009
26.066666666666666,1483.718005,23.00000000000009,0.0,0.0,23.00000000000009
26.083333333333332,1482.554896,23.00000000000009,0.0,0.0,23.00000000000009
26.1,1481.39614,23.00000000000009,0.0,0.0,23.00000000000009
26.116666666666667,1480.241652,23.00000000000009,0.0,0.0,23.00000000000009
26.133333333333333,1479.091392,23.00000000000009,0.0,0.0,23.00000000000009
26.15,1477.945356,23.00000000000009,0.0,0.0,23.00000000000009
26.166666666666668,1476.803545,23.00000000000009,0.0,0.0,23.00000000000009
26.183333333333334,1475.665946,23.00000000000009,0.0,0.0,23.00000000000009
26.2,1474.532244,23.00000000000009,0.0,0.0,23.00000000000009
26.216666666666665,1473.401704,23.00000000000009,0.0,0.0,23.00000000000009
26.233333333333334,1472.273995,23.00000000000009,0.0,0.0,23.00000000000009
26.25,1471.148558,23.00000000000009,0.0,0.0,23.00000000000009
26.266666666666666,1470.024095,23.00000000000009,0.0,0.0,23.00000000000009
26.283333333333335,1468.90005,23.00000000000009,0.0,0.0,23.00000000000009
26.3,1467.776101,23.00000000000009,0.0,0.0,23.00000000000009
26.316666666666666,1466.65153,23.00000000000009,0.0,0.0,23.00000000000009
26.333333333333332,1465.526036,23.00000000000009,0.0,0.0,23.00000000000009
26.35,1464.399594,23.00000000000009,0.0,0.0,23.00000000000009
26.366666666666667,1463.272162,23.00000000000009,0.0,0.0,23.00000000000009
26.383333333333333,1462.143726,23.00000000000009,0.0,0.0,23.00000000000009
26.4,1461.014296,23.00000000000009,0.0,0.0,23.00000000000009
26.416666666666668,1459.883903,23.00000000000009,0.0,0.0,23.00000000000009
26.433333333333334,1458.752557,23.00000000000009,0.0,0.0,23.00000000000009
26.45,1457.62026,23.00000000000009,0.0,0.0,23.00000000000009
26.466666666666665,1456.487008,23.00000000000009,0.0,0.0,23.00000000000009
26.483333333333334,1455.352802,23.00000000000009,0.0,0.0,23.00000000000009
26.5,1454.217642,23.00000000000009,0.0,0.0,23.00000000000009
26.516666666666666,1453.081527,23.00000000000009,0.0,0.0,23.00000000000009
26.533333333333335,1451.944457,23.00000000000009,0.0,0.0,23.00000000000009
26.55,1450.806435,23.00000000000009,0.0,0.0,23.00000000000009
26.566666666666666,1449.66746,23.00000000000009,0.0,0.0,23.00000000000009
26.583333333333332,1448.527534,23.00000000000009,0.0,0.0,23.00000000000009
26.6,1447.386653,23.00000000000009,0.0,0.0,23.00000000000009
26.616666666666667,1446.244808,23.00000000000009,0.0,0.0,23.00000000000009
26.633333333333333,1445.101997,23.00000000000009,0.0,0.0,23.00000000000009
26.65,1443.958227,23.00000000000009,0.0,0.0,23.00000000000009
26.666666666666668,1442.813515,23.00000000000009,0.0,0.0,23.00000000000009
26.683333333333334,1441.667874,23.00000000000009,0.0,0.0,23.00000000000009
26.7,1440.521417,23.00000000000009,0.0,0.0,23.00000000000009
26.716666666666665,1439.374414,23.00000000000009,0.0,0.0,23.00000000000009
26.733333333333334,1438.226986,23.00000000000009,0.0,0.0,23.00000000000009
26.75,1437.079341,23.00000000000009,0.0,0.0,23.00000000000009
26.766666666666666,1435.931963,23.00000000000009,0.0,0.0,23.00000000000009
26.783333333333335,1434.785059,23.00000000000009,0.0,0.0,23.00000000000009
26.8,1433.638751,23.00000000000009,0.0,0.0,23.00000000000009
26.816666666666666,1432.49331,23.00000000000009,0.0,0.0,23.00000000000009
26.833333333333332,1431.348849,23.00000000000009,0.0,0.0,23.00000000000009
26.85,1430.205371,23.00000000000009,0.0,0.0,23.00000000000009
26.866666666666667,1429.06287,23.00000000000009,0.0,0.0,23.00000000000009
26.883333333333333,1427.921345,23.00000000000009,0.0,0.0,23.00000000000009
26.9,1426.780806,23.00000000000009,0.0,0.0,23.00000000000009
26.916666666666668,1425.641279,23.00000000000009,0.0,0.0,23.00000000000009
26.933333333333334,1424.502785,23.00000000000009,0.0,0.0,23.00000000000009
26.95,1423.365576,23.00000000000009,0.0,0.0,23.00000000000009
26.966666666666665,1422.230254,23.00000000000009,0.0,0.0,23.00000000000009
26.983333333333334,1421.097087,23.00000000000009,0.0,0.0,23.00000000000009
27.0,1419.966539,23.00000000000009,0.0,0.0,23.00000000000009
27.016666666666666,1418.839689,23.00000000000009,0.0,0.0,23.00000000000009
27.033333333333335,1417.717,23.00000000000009,0.0,0.0,23.00000000000009
27.05,1416.598735,23.00000000000009,0.0,0.0,23.00000000000009
27.066666666666666,1415.485494,23.00000000000009,0.0,0.0,23.00000000000009
27.083333333333332,1414.377526,23.00000000000009,0.0,0.0,23.00000000000009
27.1,1413.274844,23.00000000000009,0.0,0.0,23.00000000000009
27.116666666666667,1412.17747,23.00000000000009,0.0,0.0,23.00000000000009
27.133333333333333,1411.08541,23.00000000000009,0.0,0.0,23.00000000000009
27.15,1409.998656,23.00000000000009,0.0,0.0,23.00000000000009
27.166666666666668,1408.917199,23.00000000000009,0.0,0.0,23.00000000000009
27.183333333333334,1407.841035,23.00000000000009,0.0,0.0,23.00000000000009
27.2,1406.77027,23.00000000000009,0.0,0.0,23.00000000000009
27.216666666666665,1405.705171,23.00000000000009,0.0,0.0,23.00000000000009
27.233333333333334,1404.645852,23.00000000000009,0.0,0.0,23.00000000000009
27.25,1403.59251,23.00000000000009,0.0,0.0,23.00000000000009
27.266666666666666,1402.545621,23.00000000000009,0.0,0.0,23.00000000000009
27.283333333333335,1401.505383,23.00000000000009,0.0,0.0,23.00000000000009
27.3,1400.471905,23.00000000000009,0.0,0.0,23.00000000000009
27.316666666666666,1399.445446,23.00000000000009,0.0,0.0,23.00000000000009
27.333333333333332,1398.42611,23.00000000000009,0.0,0.0,23.00000000000009
27.35,1397.413896,23.00000000000009,0.0,0.0,23.00000000000009
27.366666666666667,1396.408811,23.00000000000009,0.0,0.0,23.00000000000009
27.383333333333333,1395.410851,23.00000000000009,0.0,0.0,23.00000000000009
27.4,1394.420003,23.00000000000009,0.0,0.0,23.00000000000009
27.416666666666668,1393.436249,23.00000000000009,0.0,0.0,23.00000000000009
27.433333333333334,1392.459576,23.00000000000009,0.0,0.0,23.00000000000009
27.45,1391.489976,15.703129989139438,0.0,0.0,15.703129989139438
27.466666666666665,1390.527445,11.50896796361432,0.0,0.0,11.50896796361432
27.483333333333334,1389.571977,11.500000000000044,0.0,0.0,11.500000000000044
27.5,1388.623566,11.500000000000044,0.0,0.0,11.500000000000044
27.516666666666666,1387.682208,11.500000000000044,0.0,0.0,11.500000000000044
27.533333333333335,1386.747898,11.500000000000044,0.0,0.0,11.500000000000044
27.55,1385.820629,11.500000000000044,0.0,0.0,11.500000000000044
27.566666666666666,1384.900397,11.500000000000044,0.0,0.0,11.500000000000044
27.583333333333332,1383.987196,11.500000000000044,0.0,0.0,11.500000000000044
27.6,1383.081013,11.500000000000044,0.0,0.0,11.500000000000044
27.616666666666667,1382.181831,11.500000000000044,0.0,0.0,11.500000000000044
27.633333333333333,1381.289635,11.500000000000044,0.0,0.0,11.500000000000044
27.65,1380.404426,11.500000000000044,0.0,0.0,11.500000000000044
27.666666666666668,1379.526209,11.500000000000044,0.0,0.0,11.500000000000044
27.683333333333334,1378.654987,11.500000000000044,0.0,0.0,11.500000000000044
27.7,1377.790866,11.500000000000044,0.0,0.0,11.500000000000044
27.716666666666665,1376.934108,11.500000000000044,0.0,0.0,11.500000000000044
27.733333333333334,1376.084828,21.53470833333403,0.0,0.0,21.53470833333403
27.75,1375.243227,23.00000000000009,0.0,0.0,23.00000000000009
27.766666666666666,1374.409786,23.00000000000009,0.0,0.0,23.00000000000009
27.783333333333335,1373.584708,23.00000000000009,0.0,0.0,23.00000000000009
27.8,1372.768105,23.00000000000009,0.0,0.0,23.00000000000009
27.816666666666666,1371.960247,23.00000000000009,0.0,0.0,23.00000000000009
27.833333333333332,1371.161241,23.00000000000009,0.0,0.0,23.00000000000009
27.85,1370.37108,23.00000000000009,0.0,0.0,23.00000000000009
27.866666666666667,1369.589753,23.00000000000009,0.0,0.0,23.00000000000009
27.883333333333333,1368.817249,23.00000000000009,0.0,0.0,23.00000000000009
27.9,1368.053574,23.00000000000009,0.0,0.0,23.00000000000009
27.916666666666668,1367.298747,23.00000000000009,0.0,0.0,23.00000000000009
27.933333333333334,1366.552781,23.00000000000009,0.0,0.0,23.00000000000009
27.95,1365.815929,23.00000000000009,0.0,0.0,23.00000000000009
27.966666666666665,1365.088802,23.00000000000009,0.0,0.0,23.00000000000009
27.983333333333334,1364.371668,23.00000000000009,0.0,0.0,23.00000000000009
28.0,1363.664995,23.00000000000009,0.0,0.0,23.00000000000009
28.016666666666666,1362.969886,23.00000000000009,0.0,0.0,23.00000000000009
28.033333333333335,1362.286807,23.00000000000009,0.0,0.0,23.00000000000009
28.05,1361.616026,23.00000000000009,0.0,0.0,23.00000000000009
28.066666666666666,1360.958151,23.00000000000009,0.0,0.0,23.00000000000009
28.083333333333332,1360.313432,23.00000000000009,0.0,0.0,23.00000000000009
28.1,1359.681879,23.00000000000009,0.0,0.0,23.00000000000009
28.116666666666667,1359.06351,23.00000000000009,0.0,0.0,23.00000000000009
28.133333333333333,1358.458326,23.00000000000009,0.0,0.0,23.00000000000009
28.15,1357.866317,23.00000000000009,0.0,0.0,23.00000000000009
28.166666666666668,1357.287469,23.00000000000009,0.0,0.0,23.00000000000009
28.183333333333334,1356.721773,23.00000000000009,0.0,0.0,23.00000000000009
28.2,1356.169335,23.00000000000009,0.0,0.0,23.00000000000009
28.216666666666665,1355.630421,23.00000000000009,0.0,0.0,23.00000000000009
28.233333333333334,1355.105143,23.00000000000009,0.0,0.0,23.00000000000009
28.25,1354.5937,23.00000000000009,0.0,0.0,23.00000000000009
28.266666666666666,1354.096573,23.00000000000009,0.0,0.0,23.00000000000009
28.283333333333335,1353.613958,23.00000000000009,0.0,0.0,23.00000000000009
28.3,1353.145968,23.00000000000009,0.0,0.0,23.00000000000009
28.316666666666666,1352.692864,23.00000000000009,0.0,0.0,23.00000000000009
28.333333333333332,1352.25475,23.00000000000009,0.0,0.0,23.00000000000009
28.35,1351.831629,23.00000000000009,0.0,0.0,23.00000000000009
28.366666666666667,1351.423506,23.00000000000009,0.0,0.0,23.00000000000009
28.383333333333333,1351.030379,23.00000000000009,0.0,0.0,23.00000000000009
28.4,1350.652237,23.00000000000009,0.0,0.0,23.00000000000009
28.416666666666668,1350.289061,23.00000000000009,0.0,0.0,23.00000000000009
28.433333333333334,1349.940839,23.00000000000009,0.0,0.0,23.00000000000009
28.45,1349.607561,23.00000000000009,0.0,0.0,23.00000000000009
28.466666666666665,1349.289217,23.00000000000009,0.0,0.0,23.00000000000009
28.483333333333334,1348.985797,23.00000000000009,0.0,0.0,23.00000000000009
28.5,1348.697292,23.00000000000009,0.0,0.0,23.00000000000009
28.516666666666666,1348.423687,23.00000000000009,0.0,0.0,23.00000000000009
28.533333333333335,1348.164973,23.00000000000009,0.0,0.0,23.00000000000009
28.55,1347.921141,23.00000000000009,0.0,0.0,23.00000000000009
28.566666666666666,1347.692179,23.00000000000009,0.0,0.0,23.00000000000009
28.583333333333332,1347.478081,23.00000000000009,0.0,0.0,23.00000000000009
28.6,1347.278849,23.00000000000009,0.0,0.0,23.00000000000009
28.616666666666667,1347.094494,23.00000000000009,0.0,0.0,23.00000000000009
28.633333333333333,1346.925018,33.03470833333407,0.0,0.0,33.03470833333407
28.65,1346.770408,34.500000000000135,0.0,0.0,34.500000000000135
28.666666666666668,1346.630637,34.500000000000135,0.0,0.0,34.500000000000135
28.683333333333334,1346.505684,34.500000000000135,0.0,0.0,34.500000000000135
28.7,1346.395371,34.500000000000135,0.0,0.0,34.500000000000135
28.716666666666665,1346.299273,34.500000000000135,0.0,0.0,34.500000000000135
28.733333333333334,1346.217198,34.500000000000135,0.0,0.0,34.500000000000135
28.75,1346.148817,34.500000000000135,0.0,0.0,34.500000000000135
28.766666666666666,1346.093368,34.500000000000135,0.0,0.0,34.500000000000135
28.783333333333335,1346.050521,34.500000000000135,0.0,0.0,34.500000000000135
28.8,1346.020085,34.500000000000135,0.0,0.0,34.500000000000135
28.816666666666666,1346.001628,34.500000000000135,0.0,0.0,34.500000000000135
28.833333333333332,1345.994967,34.500000000000135,0.0,0.0,34.500000000000135
28.85,1346.0001,34.500000000000135,0.0,0.0,34.500000000000135
28.866666666666667,1346.017029,34.500000000000135,0.0,0.0,34.500000000000135
28.883333333333333,1346.045755,34.500000000000135,0.0,0.0,34.500000000000135
28.9,1346.086259,34.500000000000135,0.0,0.0,34.500000000000135
28.916666666666668,1346.138496,34.500000000000135,0.0,0.0,34.500000000000135
28.933333333333334,1346.202435,34.500000000000135,0.0,0.0,34.500000000000135
28.95,1346.277674,34.500000000000135,0.0,0.0,34.500000000000135
28.966666666666665,1346.363265,34.500000000000135,0.0,0.0,34.500000000000135
28.983333333333334,1346.458783,34.500000000000135,0.0,0.0,34.500000000000135
29.0,1346.563497,34.500000000000135,0.0,0.0,34.500000000000135
29.016666666666666,1346.675703,34.500000000000135,0.0,0.0,34.500000000000135
29.033333333333335,1346.794669,34.500000000000135,0.0,0.0,34.500000000000135
29.05,1346.919972,34.500000000000135,0.0,0.0,34.500000000000135
29.066666666666666,1347.050661,34.500000000000135,0.0,0.0,34.500000000000135
29.083333333333332,1347.186336,34.500000000000135,0.0,0.0,34.500000000000135
29.1,1347.326967,34.500000000000135,0.0,0.0,34.500000000000135
29.116666666666667,1347.472507,34.500000000000135,0.0,0.0,34.500000000000135
29.133333333333333,1347.622939,34.500000000000135,0.0,0.0,34.500000000000135
29.15,1347.778265,34.500000000000135,0.0,0.0,34.500000000000135
29.166666666666668,1347.938489,34.500000000000135,0.0,0.0,34.500000000000135
29.183333333333334,1348.103608,34.500000000000135,0.0,0.0,34.500000000000135
29.2,1348.273446,34.500000000000135,0.0,0.0,34.500000000000135
29.216666666666665,1348.447575,34.500000000000135,0.0,0.0,34.500000000000135
29.233333333333334,1348.625808,34.500000000000135,0.0,0.0,34.500000000000135
29.25,1348.807822,34.500000000000135,0.0,0.0,34.500000000000135
29.266666666666666,1348.992865,34.500000000000135,0.0,0.0,34.500000000000135
29.283333333333335,1349.180613,34.500000000000135,0.0,0.0,34.500000000000135
29.3,1349.370881,34.500000000000135,0.0,0.0,34.500000000000135
29.316666666666666,1349.563251,34.500000000000135,0.0,0.0,34.500000000000135
29.333333333333332,1349.757548,34.500000000000135,0.0,0.0,34.500000000000135
29.35,1349.953757,34.500000000000135,0.0,0.0,34.500000000000135
29.366666666666667,1350.151854,34.500000000000135,0.0,0.0,34.500000000000135
29.383333333333333,1350.351829,34.500000000000135,0.0,0.0,34.500000000000135
29.4,1350.553689,34.500000000000135,0.0,0.0,34.500000000000135
29.416666666666668,1350.757451,34.500000000000135,0.0,0.0,34.500000000000135
29.433333333333334,1350.963122,34.500000000000135,0.0,0.0,34.500000000000135
29.45,1351.170703,34.500000000000135,0.0,0.0,34.500000000000135
29.466666666666665,1351.380192,34.500000000000135,0.0,0.0,34.500000000000135
29.483333333333334,1351.591592,34.500000000000135,0.0,0.0,34.500000000000135
29.5,1351.804902,34.500000000000135,0.0,0.0,34.500000000000135
29.516666666666666,1352.020126,34.500000000000135,0.0,0.0,34.500000000000135
29.533333333333335,1352.237264,34.500000000000135,0.0,0.0,34.500000000000135
29.55,1352.456317,34.500000000000135,0.0,0.0,34.500000000000135
29.566666666666666,1352.677289,34.500000000000135,0.0,0.0,34.500000000000135
29.583333333333332,1352.900179,34.500000000000135,0.0,0.0,34.500000000000135
29.6,1353.124984,34.500000000000135,0.0,0.0,34.500000000000135
29.616666666666667,1353.35169,34.500000000000135,0.0,0.0,34.500000000000135
29.633333333333333,1353.58029,34.500000000000135,0.0,0.0,34.500000000000135
29.65,1353.810796,34.500000000000135,0.0,0.0,34.500000000000135
29.666666666666668,1354.04323,34.500000000000135,0.0,0.0,34.500000000000135
29.683333333333334,1354.277604,34.500000000000135,0.0,0.0,34.500000000000135
29.7,1354.514076,34.500000000000135,0.0,0.0,34.500000000000135
29.716666666666665,1354.753012,34.500000000000135,0.0,0.0,34.500000000000135
29.733333333333334,1354.994578,34.500000000000135,0.0,0.0,34.500000000000135
29.75,1355.239058,34.500000000000135,0.0,0.0,34.500000000000135
29.766666666666666,1355.487116,34.500000000000135,0.0,0.0,34.500000000000135
29.783333333333335,1355.739037,34.500000000000135,0.0,0.0,34.500000000000135
29.8,1355.99499,34.500000000000135,0.0,0.0,34.500000000000135
29.816666666666666,1356.255349,34.500000000000135,0.0,0.0,34.500000000000135
29.833333333333332,1356.520273,34.500000000000135,0.0,0.0,34.500000000000135
29.85,1356.789769,34.500000000000135,0.0,0.0,34.500000000000135
29.866666666666667,1357.063834,34.500000000000135,0.0,0.0,34.500000000000135
29.883333333333333,1357.34247,34.500000000000135,0.0,0.0,34.500000000000135
29.9,1357.625694,34.500000000000135,0.0,0.0,34.500000000000135
29.916666666666668,1357.91355,30.203224573295536,0.0,0.0,30.203224573295536
29.933333333333334,1358.206067,23.017745558519945,0.0,0.0,23.017745558519945
29.95,1358.503597,23.00000000000009,0.0,0.0,23.00000000000009
29.966666666666665,1358.806971,23.00000000000009,0.0,0.0,23.00000000000009
29.983333333333334,1359.116565,23.00000000000009,0.0,0.0,23.00000000000009
30.0,1359.43302,23.00000000000009,0.0,0.0,23.00000000000009
30.016666666666666,1359.757827,23.00000000000009,0.0,0.0,23.00000000000009
30.033333333333335,1360.091628,23.00000000000009,0.0,0.0,23.00000000000009
30.05,1360.434801,31.446720000000546,0.0,8.44672000000046,23.00000000000009
30.066666666666666,1360.788178,32.60000000000038,0.0,9.60000000000029,23.00000000000009
30.083333333333332,1361.152115,32.60000000000038,0.0,9.60000000000029,23.00000000000009
30.1,1361.526645,32.60000000000038,0.0,9.60000000000029,23.00000000000009
30.116666666666667,1361.911814,32.60000000000038,0.0,9.60000000000029,23.00000000000009
30.133333333333333,1362.307644,32.60000000000038,0.0,9.60000000000029,23.00000000000009
30.15,1362.71414,32.60000000000038,0.0,9.60000000000029,23.00000000000009
30.166666666666668,1363.131305,32.60000000000038,0.0,9.60000000000029,23.00000000000009
30.183333333333334,1363.55915,32.60000000000038,0.0,9.60000000000029,23.00000000000009
30.2,1363.997839,32.60000000000038,0.0,9.60000000000029,23.00000000000009
30.216666666666665,1364.447759,32.60000000000038,0.0,9.60000000000029,23.00000000000009
30.233333333333334,1364.909084,32.60000000000038,0.0,9.60000000000029,23.00000000000009
30.25,1365.38211,32.60000000000038,0.0,9.60000000000029,23.00000000000009
30.266666666666666,1365.867514,32.60000000000038,0.0,9.60000000000029,23.00000000000009
30.283333333333335,1366.365593,23.025848447691043,0.0,0.02584844769095413,23.00000000000009
30.3,1366.876521,23.00000000000009,0.0,0.0,23.00000000000009
30.316666666666666,1367.400678,23.00000000000009,0.0,0.0,23.00000000000009
30.333333333333332,1367.938231,23.00000000000009,0.0,0.0,23.00000000000009
30.35,1368.489203,23.00000000000009,0.0,0.0,23.00000000000009
30.366666666666667,1369.053625,23.00000000000009,0.0,0.0,23.00000000000009
30.383333333333333,1369.631518,23.00000000000009,0.0,0.0,23.00000000000009
30.4,1370.222886,23.00000000000009,0.0,0.0,23.00000000000009
30.416666666666668,1370.827725,23.00000000000009,0.0,0.0,23.00000000000009
30.433333333333334,1371.446042,23.00000000000009,0.0,0.0,23.00000000000009
30.45,1372.077851,23.00000000000009,0.0,0.0,23.00000000000009
30.466666666666665,1372.723173,23.00000000000009,0.0,0.0,23.00000000000009
30.483333333333334,1373.382024,23.00000000000009,0.0,0.0,23.00000000000009
30.5,1374.05442,23.00000000000009,0.0,0.0,23.00000000000009
30.516666666666666,1374.740388,23.00000000000009,0.0,0.0,23.00000000000009
30.533333333333335,1375.439947,23.00000000000009,0.0,0.0,23.00000000000009
30.55,1376.153112,23.00000000000009,0.0,0.0,23.00000000000009
30.566666666666666,1376.879903,23.00000000000009,0.0,0.0,23.00000000000009
30.583333333333332,1377.620337,23.00000000000009,0.0,0.0,23.00000000000009
30.6,1378.374431,23.00000000000009,0.0,0.0,23.00000000000009
30.616666666666667,1379.142214,31.446720000000298,0.0,0.0,31.446720000000298
30.633333333333333,1379.923705,32.6000000000001,0.0,0.0,32.6000000000001
30.65,1380.718911,32.6000000000001,0.0,0.0,32.6000000000001
30.666666666666668,1381.527824,32.6000000000001,0.0,0.0,32.6000000000001
30.683333333333334,1382.350449,32.6000000000001,0.0,0.0,32.6000000000001
30.7,1383.186658,32.6000000000001,0.0,0.0,32.6000000000001
30.716666666666665,1384.03613,42.63470833333476,0.0,0.0,42.63470833333476
30.733333333333334,1384.898731,44.10000000000091,0.0,0.0,44.10000000000091
30.75,1385.774215,44.10000000000091,0.0,0.0,44.10000000000091
30.766666666666666,1386.661991,54.1347083333349,10.034708333333985,0.0,44.10000000000091
30.783333333333335,1387.561815,55.60000000000095,11.500000000000044,0.0,44.10000000000091
30.8,1388.473546,55.60000000000095,11.500000000000044,0.0,44.10000000000091
30.816666666666666,1389.396859,55.60000000000095,11.500000000000044,0.0,44.10000000000091
30.833333333333332,1390.331623,55.60000000000095,11.500000000000044,0.0,44.10000000000091
30.85,1391.277848,55.60000000000095,11.500000000000044,0.0,44.10000000000091
30.866666666666667,1392.235552,55.60000000000095,11.500000000000044,0.0,44.10000000000091
30.883333333333333,1393.204752,55.60000000000095,11.500000000000044,0.0,44.10000000000091
30.9,1394.185445,65.63470833333494,21.53470833333403,0.0,44.10000000000091
30.916666666666668,1395.177609,67.100000000001,23.00000000000009,0.0,44.10000000000091
30.933333333333334,1396.181231,67.100000000001,23.00000000000009,0.0,44.10000000000091
30.95,1397.196,67.100000000001,23.00000000000009,0.0,44.10000000000091
30.966666666666665,1398.221152,67.100000000001,23.00000000000009,0.0,44.10000000000091
30.983333333333334,1399.256353,67.100000000001,23.00000000000009,0.0,44.10000000000091
31.0,1400.301018,67.100000000001,23.00000000000009,0.0,44.10000000000091
31.016666666666666,1401.353766,67.100000000001,23.00000000000009,0.0,44.10000000000091
31.033333333333335,1402.414009,67.100000000001,23.00000000000009,0.0,44.10000000000091
31.05,1403.48141,67.100000000001,23.00000000000009,0.0,44.10000000000091
31.066666666666666,1404.555201,67.100000000001,23.00000000000009,0.0,44.10000000000091
31.083333333333332,1405.635064,67.100000000001,23.00000000000009,0.0,44.10000000000091
31.1,1406.72098,67.100000000001,23.00000000000009,0.0,44.10000000000091
31.116666666666667,1407.81292,67.100000000001,23.00000000000009,0.0,44.10000000000091
31.133333333333333,1408.910877,67.100000000001,23.00000000000009,0.0,44.10000000000091
31.15,1410.014859,67.100000000001,23.00000000000009,0.0,44.10000000000091
31.166666666666668,1411.124878,67.100000000001,23.00000000000009,0.0,44.10000000000091
31.183333333333334,1412.240939,67.100000000001,23.00000000000009,0.0,44.10000000000091
31.2,1413.362903,67.100000000001,23.00000000000009,0.0,44.10000000000091
31.216666666666665,1414.49043,67.100000000001,23.00000000000009,0.0,44.10000000000091
31.233333333333334,1415.623373,67.100000000001,23.00000000000009,0.0,44.10000000000091
31.25,1416.761474,67.100000000001,23.00000000000009,0.0,44.10000000000091
31.266666666666666,1417.904125,67.100000000001,23.00000000000009,0.0,44.10000000000091
31.283333333333335,1419.051069,67.100000000001,23.00000000000009,0.0,44.10000000000091
31.3,1420.202158,67.100000000001,23.00000000000009,0.0,44.10000000000091
31.316666666666666,1421.357057,67.100000000001,23.00000000000009,0.0,44.10000000000091
31.333333333333332,1422.515629,67.100000000001,23.00000000000009,0.0,44.10000000000091
31.35,1423.677865,67.100000000001,23.00000000000009,0.0,44.10000000000091
31.366666666666667,1424.843752,67.100000000001,23.00000000000009,0.0,44.10000000000091
31.383333333333333,1426.013289,67.100000000001,23.00000000000009,0.0,44.10000000000091
31.4,1427.186483,67.100000000001,23.00000000000009,0.0,44.10000000000091
31.416666666666668,1428.363354,67.100000000001,23.00000000000009,0.0,44.10000000000091
31.433333333333334,1429.543912,77.13470833333498,23.00000000000009,10.034708333333985,44.10000000000091
31.45,1430.728157,78.60000000000105,23.00000000000009,11.500000000000044,44.10000000000091
31.466666666666665,1431.916085,78.60000000000105,23.00000000000009,11.500000000000044,44.10000000000091
31.483333333333334,1433.107696,78.60000000000105,23.00000000000009,11.500000000000044,44.10000000000091
31.5,1434.30299,78.60000000000105,23.00000000000009,11.500000000000044,44.10000000000091
31.516666666666666,1435.501956,78.60000000000105,23.00000000000009,11.500000000000044,44.10000000000091
31.533333333333335,1436.704592,78.60000000000105,23.00000000000009,11.500000000000044,44.10000000000091
31.55,1437.910899,78.60000000000105,23.00000000000009,11.500000000000044,44.10000000000091
31.566666666666666,1439.120873,78.60000000000105,23.00000000000009,11.500000000000044,44.10000000000091
31.583333333333332,1440.334515,78.60000000000105,23.00000000000009,11.500000000000044,44.10000000000091
31.6,1441.551833,78.60000000000105,23.00000000000009,11.500000000000044,44.10000000000091
31.616666666666667,1442.772845,78.60000000000105,23.00000000000009,11.500000000000044,44.10000000000091
31.633333333333333,1443.99756,78.60000000000105,23.00000000000009,11.500000000000044,44.10000000000091
31.65,1445.225976,78.60000000000105,23.00000000000009,11.500000000000044,44.10000000000091
31.666666666666668,1446.458081,78.60000000000105,23.00000000000009,11.500000000000044,44.10000000000091
31.683333333333334,1447.693871,88.63470833333503,23.00000000000009,21.53470833333403,44.10000000000091
31.7,1448.933224,90.10000000000109,23.00000000000009,23.00000000000009,44.10000000000091
31.716666666666665,1450.175844,90.10000000000109,23.00000000000009,23.00000000000009,44.10000000000091
31.733333333333334,1451.421601,90.10000000000109,23.00000000000009,23.00000000000009,44.10000000000091
31.75,1452.670266,90.10000000000109,23.00000000000009,23.00000000000009,44.10000000000091
31.766666666666666,1453.9213,90.10000000000109,23.00000000000009,23.00000000000009,44.10000000000091
31.783333333333335,1455.174472,90.10000000000109,23.00000000000009,23.00000000000009,44.10000000000091
31.8,1456.42965,90.10000000000109,23.00000000000009,23.00000000000009,44.10000000000091
31.816666666666666,1457.686527,93.11158333516642,23.00000000000009,26.011583335165415,44.10000000000091
31.833333333333332,1458.944978,103.44850611672352,23.00000000000009,36.348506116722525,44.10000000000091
31.85,1460.205,104.91379778338958,23.00000000000009,37.81379778338859,44.10000000000091
31.866666666666667,1461.466599,107.92538111855491,23.00000000000009,40.82538111855391,44.10000000000091
31.883333333333333,1462.729776,108.22759556677804,23.00000000000009,41.12759556677704,44.10000000000091
31.9,1463.99452,118.26230390011202,33.03470833333407,41.12759556677704,44.10000000000091
31.916666666666668,1465.2608,119.72759556677809,34.500000000000135,41.12759556677704,44.10000000000091
31.933333333333334,1466.528595,119.72759556677809,34.500000000000135,41.12759556677704,44.10000000000091
31.95,1467.797625,119.72759556677809,34.500000000000135,41.12759556677704,44.10000000000091
31.966666666666665,1469.06722,119.72759556677809,34.500000000000135,41.12759556677704,44.10000000000091
31.983333333333334,1470.337081,119.72759556677809,34.500000000000135,41.12759556677704,44.10000000000091
32.0,1471.606694,119.72759556677809,34.500000000000135,41.12759556677704,44.10000000000091
32.016666666666666,1472.874855,119.72759556677809,34.500000000000135,41.12759556677704,44.10000000000091
32.03333333333333,1474.141047,119.72759556677809,34.500000000000135,41.12759556677704,44.10000000000091
32.05,1475.404968,119.72759556677809,34.500000000000135,41.12759556677704,44.10000000000091
32.06666666666667,1476.665944,110.20987456856801,34.500000000000135,41.12759556677704,34.58227900179083
32.083333333333336,1477.923691,96.7637214105861,34.500000000000135,29.660426850999905,32.603294559586054
32.1,1479.178179,95.29513518433484,44.53470833333412,18.160426850999855,32.60000000000086
32.11666666666667,1480.429374,96.72759556677798,46.00000000000018,18.127595566776947,32.60000000000086
32.13333333333333,1481.677257,96.72759556677798,46.00000000000018,18.127595566776947,32.60000000000086
32.15,1482.921823,96.72759556677798,46.00000000000018,18.127595566776947,32.60000000000086
32.166666666666664,1484.163073,96.72759556677798,46.00000000000018,18.127595566776947,32.60000000000086
32.18333333333333,1485.400998,96.72759556677798,46.00000000000018,18.127595566776947,32.60000000000086
32.2,1486.635469,105.17431556677818,54.446720000000376,18.127595566776947,32.60000000000086
32.21666666666667,1487.866184,116.36230390011195,55.600000000000165,28.162303900110935,32.60000000000086
32.233333333333334,1489.093004,127.862303900112,65.63470833333415,29.62759556677699,32.60000000000086
32.25,1490.315697,139.36230390011204,77.13470833333419,29.62759556677699,32.60000000000086
32.266666666666666,1491.533731,149.2743155667783,78.60000000000025,29.62759556677699,41.04672000000107
32.28333333333333,1492.746872,160.4623039001121,88.63470833333423,29.62759556677699,42.20000000000088
32.3,1493.954982,161.92759556677817,90.10000000000029,29.62759556677699,42.20000000000088
32.31666666666667,1495.157763,161.92759556677817,90.10000000000029,29.62759556677699,42.20000000000088
32.333333333333336,1496.355083,161.92759556677817,90.10000000000029,29.62759556677699,42.20000000000088
32.35,1497.546924,161.92759556677817,90.10000000000029,29.62759556677699,42.20000000000088
32.36666666666667,1498.733259,150.46042685100105,78.63283128422317,29.62759556677699,42.20000000000088
32.38333333333333,1499.914074,150.4275955667781,78.60000000000025,29.62759556677699,42.20000000000088
32.4,1501.089366,150.4275955667781,78.60000000000025,29.62759556677699,42.20000000000088
32.416666666666664,1502.259141,150.4275955667781,78.60000000000025,29.62759556677699,42.20000000000088
32.43333333333333,1503.423396,160.46230390011277,88.63470833333491,29.62759556677699,42.20000000000088
32.45,1504.582129,161.9275955667789,90.10000000000106,29.62759556677699,42.20000000000088
32.46666666666667,1505.735348,161.9275955667789,90.10000000000106,29.62759556677699,42.20000000000088
32.483333333333334,1506.88305,161.9275955667789,90.10000000000106,29.62759556677699,42.20000000000088
32.5,1508.025238,171.9623039001129,100.13470833333504,29.62759556677699,42.20000000000088
32.516666666666666,1509.161929,193.49701223344692,121.66941666666908,29.62759556677699,42.20000000000088
32.53333333333333,1510.293129,196.42759556677905,124.60000000000119,29.62759556677699,42.20000000000088
32.55,1511.418835,196.42759556677905,124.60000000000119,29.62759556677699,42.20000000000088
32.56666666666667,1512.539059,204.87431556677925,133.0467200000014,29.62759556677699,42.20000000000088
32.583333333333336,1513.653801,216.06230390011305,144.2347083333352,29.62759556677699,42.20000000000088
32.6,1514.763039,234.42103556677955,154.14672000000147,38.0743155667772,42.20000000000088
32.61666666666667,1515.86673,236.72759556677914,155.30000000000126,39.227595566777,42.20000000000088
32.63333333333333,1516.964852,253.62103556677957,172.1934400000017,39.227595566777,42.20000000000088
32.65,1518.057421,255.92759556677916,174.50000000000128,39.227595566777,42.20000000000088
32.666666666666664,1519.144489,255.92759556677916,174.50000000000128,39.227595566777,42.20000000000088
32.68333333333333,1520.226086,258.89919646742965,177.51158333516662,39.18761313226218,42.20000000000088
32.7,1521.302623,251.72466375077505,177.81379778338973,38.78532622648127,35.12553974090404
32.71666666666667,1522.375086,246.87852719890054,177.81379778338973,38.35515382306581,30.709575592444992
32.733333333333334,1523.443914,246.50278925582734,177.81379778338973,37.988991472436794,30.70000000000083
32.75,1524.509872,254.63748117596947,186.26051778338996,37.67696339257867,30.70000000000083
32.766666666666666,1525.574746,275.5940472103043,187.41379778338975,47.44554109357977,40.734708333334815
32.78333333333333,1526.639304,285.65435171218877,187.41379778338975,56.040553928798154,42.20000000000088
32.8,1527.703995,286.62788860733343,187.41379778338975,57.014090823942816,42.20000000000088
32.81666666666667,1528.769833,286.62759556678,187.41379778338975,57.01379778338937,42.20000000000088
32.833333333333336,1529.837242,286.62759556678,187.41379778338975,57.01379778338937,42.20000000000088
32.85,1530.906238,286.62759556678,187.41379778338975,57.01379778338937,42.20000000000088
32.86666666666667,1531.976814,286.62759556678,187.41379778338975,57.01379778338937,42.20000000000088
32.88333333333333,1533.04897,296.66230390011464,187.41379778338975,67.04850611672401,42.20000000000088
32.9,1534.122753,298.12759556678077,187.41379778338975,68.51379778339017,42.20000000000088
32.916666666666664,1535.198276,306.574315566781,195.86051778338995,68.51379778339017,42.20000000000088
32.93333333333333,1536.275616,317.76230390011546,207.0485061167244,68.51379778339017,42.20000000000088
32.95,1537.355717,329.2623039001156,208.5137977833906,78.54850611672417,42.20000000000088
32.96666666666667,1538.440813,330.7275955667817,208.5137977833906,80.01379778339022,42.20000000000088
32.983333333333334,1539.531911,340.7623039001157,218.54850611672458,80.01379778339022,42.20000000000088
33.0,1540.630735,362.2970122334497,240.08321445005862,80.01379778339022,42.20000000000088
33.016666666666666,1541.741295,375.26230390011585,253.04850611672475,80.01379778339022,42.20000000000088
33.03333333333333,1542.865322,386.7623039001159,254.51379778339083,90.04850611672421,42.20000000000088
33.05,1544.003833,388.22759556678193,254.51379778339083,91.51379778339026,42.20000000000088
33.06666666666667,1545.159074,382.01551383906553,254.51379778339083,91.51379778339026,35.987918272284475
33.083333333333336,1546.332007,367.1673907056646,254.51379778339083,80.04662906761313,32.60696385466063
33.1,1547.52273,367.1275955667819,254.51379778339083,80.01379778339022,32.60000000000086
33.11666666666667,1548.731373,375.5743155667821,254.51379778339083,88.46051778339043,32.60000000000086
33.13333333333333,1549.958006,396.7970122334512,274.5832144500601,89.61379778339023,32.60000000000086
33.15,1551.202649,399.7275955667836,277.5137977833925,89.61379778339023,32.60000000000086
33.166666666666664,1552.465318,395.7426271573163,277.5137977833925,85.62882937392297,32.60000000000086
33.18333333333333,1553.746045,390.140662755432,277.5137977833925,80.02686497203865,32.60000000000086
33.2,1555.045278,398.57431556678375,277.5137977833925,88.46051778339043,32.60000000000086
33.21666666666667,1556.364033,397.9733154462238,277.5137977833925,87.85951766283048,32.60000000000086
33.233333333333334,1557.702784,396.4167249393626,277.5137977833925,86.30292715596927,32.60000000000086
33.25,1559.062317,396.4137977833951,277.5137977833925,86.30000000000177,32.60000000000086
33.266666666666666,1560.444422,396.4137977833951,277.5137977833925,86.30000000000177,32.60000000000086
33.28333333333333,1561.849888,413.30723778339575,294.4072377833931,86.30000000000177,32.60000000000086
33.3,1563.279189,415.6137977833954,296.71379778339275,86.30000000000177,32.60000000000086
33.31666666666667,1564.733335,425.6485061167295,296.71379778339275,96.33470833333587,32.60000000000086
33.333333333333336,1566.212778,427.11379778339557,296.71379778339275,97.80000000000194,32.60000000000086
33.35,1567.717594,427.11379778339557,296.71379778339275,97.80000000000194,32.60000000000086
33.36666666666667,1569.247882,437.1485061167293,306.7485061167265,97.80000000000194,32.60000000000086
33.38333333333333,1570.803708,434.4471166924028,308.2137977833925,97.80000000000194,28.4333189090083
33.4,1572.385098,429.0263427758813,308.2137977833925,97.80000000000194,23.012544992486816
33.416666666666664,1573.992057,429.0137977833953,308.2137977833925,97.80000000000194,23.000000000000853
33.43333333333333,1575.624612,439.0485061167293,318.2485061167265,97.80000000000194,23.000000000000853
33.45,1577.2828,440.5137977833954,319.7137977833926,97.80000000000194,23.000000000000853
33.46666666666667,1578.966649,429.04662906761826,319.7137977833926,86.33283128422481,23.000000000000853
33.483333333333334,1580.676199,428.78466304024613,319.4846630402434,86.3000000000019,23.000000000000853
33.5,1582.411479,427.11912381195,317.81912381194724,86.3000000000019,23.000000000000853
33.516666666666666,1584.172502,427.1137977833952,317.8137977833925,86.3000000000019,23.000000000000853
33.53333333333333,1585.959301,435.5605177833954,326.2605177833927,86.3000000000019,23.000000000000853
33.55,1587.771912,436.71379778339525,327.4137977833925,86.3000000000019,23.000000000000853
33.56666666666667,1589.610363,436.71379778339525,327.4137977833925,86.3000000000019,23.000000000000853
33.583333333333336,1591.474693,436.71379778339525,327.4137977833925,86.3000000000019,23.000000000000853
33.6,1593.364971,433.69334906761827,324.39334906761553,86.3000000000019,23.000000000000853
33.61666666666667,1595.281294,434.81379778339516,325.5137977833924,86.3000000000019,23.000000000000853
33.63333333333333,1597.223734,431.7933490676181,325.5137977833924,74.83283128422465,31.446720000001054
33.65,1599.192312,432.913797783395,325.5137977833924,74.80000000000173,32.60000000000085
33.666666666666664,1601.187009,432.67854271625646,325.5137977833924,74.56474493286318,32.60000000000085
33.68333333333333,1603.207833,429.86555960829605,325.5137977833924,71.75176182490276,32.60000000000085
33.7,1605.25431,423.3296542402579,325.5137977833924,65.21585645686466,32.60000000000085
33.71666666666667,1607.325241,423.313797783395,325.5137977833924,65.20000000000172,32.60000000000085
33.733333333333334,1609.420117,423.313797783395,325.5137977833924,65.20000000000172,32.60000000000085
33.75,1611.538022,418.2102225257794,325.5137977833924,60.09642474238612,32.60000000000085
33.766666666666666,1613.676746,411.8290385459961,325.5137977833924,53.71524076260288,32.60000000000085
33.78333333333333,1615.835365,421.8485061167289,335.5485061167264,53.70000000000168,32.60000000000085
33.8,1618.013353,423.313797783395,337.0137977833925,53.70000000000168,32.60000000000085
33.81666666666667,1620.209479,411.84662906761787,325.54662906761536,53.70000000000168,32.60000000000085
33.833333333333336,1622.423246,411.81379778339493,325.5137977833924,53.70000000000168,32.60000000000085
33.85,1624.654678,411.81379778339493,325.5137977833924,53.70000000000168,32.60000000000085
33.86666666666667,1626.903826,400.3466290676171,325.5137977833924,42.232831284223785,32.60000000000085
33.88333333333333,1629.170732,400.31379778339414,325.5137977833924,42.20000000000088,32.60000000000085
33.9,1631.455378,410.3485061167288,335.5485061167271,42.20000000000088,32.60000000000085
33.916666666666664,1633.757667,438.7419461167296,355.4952261167277,50.64672000000108,32.60000000000085
33.93333333333333,1636.077545,431.04662906761814,358.1137977833936,40.33283128422375,32.60000000000085
33.95,1638.413876,439.46051778339546,366.5605177833938,40.30000000000084,32.60000000000085
33.96666666666667,1640.763906,440.6137977833953,367.7137977833936,40.30000000000084,32.60000000000085
33.983333333333334,1643.126415,440.6137977833953,367.7137977833936,40.30000000000084,32.60000000000085
34.0,1645.499287,441.8993064504007,368.999306450399,40.30000000000084,32.60000000000085
34.016666666666666,1647.877541,431.4297902825856,365.8231385084393,33.006651774145446,32.60000000000085
34.03333333333333,1650.259044,437.56477357867675,374.2605177833937,30.704255795282176,32.60000000000085
34.05,1652.642554,438.71379778339514,375.4137977833935,30.70000000000083,32.60000000000085
34.06666666666667,1655.02529,438.71379778339514,375.4137977833935,30.70000000000083,32.60000000000085
34.083333333333336,1657.406076,447.16051778339533,375.4137977833935,30.70000000000083,41.046720000001045
34.1,1659.784812,446.21878193851137,373.3387154921125,30.680066446397998,42.20000000000084
34.11666666666667,1662.16136,427.26476107345366,363.93898274427,21.1257783291828,42.20000000000084
34.13333333333333,1664.535658,427.2137977833951,363.9137977833934,21.10000000000082,42.20000000000084
34.15,1666.907704,415.74662906761716,363.9137977833934,9.632831284222922,42.20000000000084
34.166666666666664,1669.277508,404.24662906761716,352.4466290676163,9.60000000000001,42.20000000000084
34.18333333333333,1671.64505,404.2137977833942,352.41379778339336,9.60000000000001,42.20000000000084
34.2,1674.009805,404.2137977833942,352.41379778339336,9.60000000000001,42.20000000000084
34.21666666666667,1676.370528,404.2137977833942,352.41379778339336,9.60000000000001,42.20000000000084
34.233333333333334,1678.726657,414.2485061167282,362.44850611672734,9.60000000000001,42.20000000000084
34.25,1681.077241,404.24662906761716,352.4466290676163,9.60000000000001,42.20000000000084
34.266666666666666,1683.420078,404.2137977833942,352.41379778339336,9.60000000000001,42.20000000000084
34.28333333333333,1685.754209,412.1437096294252,351.8969896294241,18.04672000000021,42.20000000000084
34.3,1688.079072,411.8920399078575,350.4920399078567,19.200000000000003,42.20000000000084
34.31666666666667,1690.393431,407.53375555677343,346.1337555567726,19.200000000000003,42.20000000000084
34.333333333333336,1692.696753,414.25543440369785,352.855434403697,19.200000000000003,42.20000000000084
34.35,1694.988967,418.7253811185596,357.32538111855877,19.200000000000003,42.20000000000084
34.36666666666667,1697.269979,419.02759556678274,357.6275955667819,19.200000000000003,42.20000000000084
34.38333333333333,1699.539733,419.02759556678274,357.6275955667819,19.200000000000003,42.20000000000084
34.4,1701.798227,416.85034551041605,355.4503455104152,19.200000000000003,42.20000000000084
34.416666666666664,1704.045483,409.44614912100485,348.046149121004,19.200000000000003,42.20000000000084
34.43333333333333,1706.281498,409.42759556678277,348.02759556678194,19.200000000000003,42.20000000000084
34.45,1708.506255,408.85896508275096,347.4589650827501,19.200000000000003,42.20000000000084
34.46666666666667,1710.719748,399.85146774691725,338.4514677469164,19.200000000000003,42.20000000000084
34.483333333333334,1712.921961,409.8623039001168,348.46230390011596,19.200000000000003,42.20000000000084
34.5,1715.112886,421.36230390011684,359.962303900116,19.200000000000003,42.20000000000084
34.516666666666666,1717.292539,425.8391789019482,364.43917890194734,19.200000000000003,42.20000000000084
34.53333333333333,1719.460911,414.6742246343942,353.27422463439336,19.200000000000003,42.20000000000084
34.55,1721.61799,424.67610168350524,363.2761016835044,19.200000000000003,42.20000000000084
34.56666666666667,1723.763778,446.21081001683905,384.8108100168382,19.200000000000003,42.20000000000084
34.583333333333336,1725.898262,449.14139335017114,387.7413933501703,19.200000000000003,42.20000000000084
34.6,1728.021402,457.58811335017134,387.7413933501703,27.6467200000002,42.20000000000084
34.61666666666667,1730.133133,445.6058381102943,384.20129445230225,28.799999999999997,32.604543657992046
34.63333333333333,1732.233413,428.08472641109245,368.58161019070064,28.799999999999997,30.70311622039178
34.65,1734.322251,428.0413933501703,368.5413933501703,28.799999999999997,30.70000000000003
34.666666666666664,1736.399692,428.0413933501703,368.5413933501703,28.799999999999997,30.70000000000003
34.68333333333333,1738.465762,436.4881133501706,376.9881133501705,28.799999999999997,30.70000000000003
34.7,1740.520936,447.67610168350427,388.17610168350427,28.799999999999997,30.70000000000003
34.71666666666667,1742.566383,459.1761016835044,399.6761016835043,28.799999999999997,30.70000000000003
34.733333333333334,1744.602616,460.64139335017046,401.1413933501704,28.799999999999997,30.70000000000003
34.75,1746.630535,460.64139335017046,401.1413933501704,28.799999999999997,30.70000000000003
34.766666666666666,1748.652266,460.64139335017046,401.1413933501704,28.799999999999997,30.70000000000003
34.78333333333333,1750.668715,460.64139335017046,401.1413933501704,28.799999999999997,30.70000000000003
34.8,1752.680413,460.64139335017046,401.1413933501704,28.799999999999997,30.70000000000003
34.81666666666667,1754.688558,487.56954168350546,428.06954168350546,28.799999999999997,30.70000000000003
34.833333333333336,1756.693653,491.3413933501712,431.8413933501712,28.799999999999997,30.70000000000003
34.85,1758.695704,491.3413933501712,431.8413933501712,28.799999999999997,30.70000000000003
34.86666666666667,1760.694699,491.3413933501712,431.8413933501712,28.799999999999997,30.70000000000003
34.88333333333333,1762.690628,488.79514403153587,429.29514403153587,28.799999999999997,30.70000000000003
34.9,1764.683541,494.30848866902954,434.80848866902954,28.799999999999997,30.70000000000003
34.916666666666664,1766.673562,499.80747142487587,431.8607514248756,37.24672000000021,30.70000000000003
34.93333333333333,1768.660776,507.6692808321101,428.534572498776,48.434708333333994,30.70000000000003
34.95,1770.646292,507.829242697542,428.5275955667828,48.60164713075919,30.70000000000003
34.96666666666667,1772.63275,499.5490048585275,428.5275955667828,40.32140929174464,30.70000000000003
34.983333333333334,1774.621336,499.5275955667829,428.5275955667828,40.30000000000006,30.70000000000003
35.0,1776.614086,499.5275955667829,428.5275955667828,40.30000000000006,30.70000000000003
35.016666666666666,1778.615748,499.5275955667829,428.5275955667828,40.30000000000006,30.70000000000003
35.03333333333333,1780.628368,507.97431556678305,428.5275955667828,48.74672000000026,30.70000000000003
35.05,1782.653149,509.1275955667829,428.5275955667828,49.900000000000055,30.70000000000003
35.06666666666667,1784.692752,509.1275955667829,428.5275955667828,49.900000000000055,30.70000000000003
35.083333333333336,1786.748316,504.3117224474498,428.5275955667828,45.08412688066698,30.70000000000003
35.1,1788.819959,497.64371731496385,428.5275955667828,38.41612174818103,30.70000000000003
35.11666666666667,1790.907836,497.6275955667828,428.5275955667828,38.400000000000006,30.70000000000003
35.13333333333333,1793.01203,497.6275955667828,428.5275955667828,38.400000000000006,30.70000000000003
35.15,1795.132567,507.66230390011674,438.5623039001167,38.400000000000006,30.70000000000003
35.166666666666664,1797.269466,509.1275955667828,440.0275955667828,38.400000000000006,30.70000000000003
35.18333333333333,1799.42277,506.2840540843807,437.1840540843807,38.400000000000006,30.70000000000003
35.2,1801.59301,516.131546851546,447.03154685154595,38.400000000000006,30.70000000000003
35.21666666666667,1803.781408,511.3667659304481,449.6275955667836,38.400000000000006,23.339170363664458
35.233333333333334,1805.988532,517.5784112178408,449.6275955667836,46.84672000000021,21.104095651056916
35.25,1808.215322,518.7275955667836,449.6275955667836,48.0,21.100000000000037
35.266666666666666,1810.463924,531.7738872352827,462.6738872352827,48.0,21.100000000000037
35.28333333333333,1812.735286,536.5529766853372,467.45297668533715,48.0,21.100000000000037
35.3,1815.029975,533.8850699201178,464.78506992011773,48.0,21.100000000000037
35.31666666666667,1817.349206,525.8842579426465,456.7842579426465,48.0,21.100000000000037
35.333333333333336,1819.693519,524.2295580168599,455.12955801685985,48.0,21.100000000000037
35.35,1822.063009,522.3603928256763,453.26039282567626,48.0,21.100000000000037
35.36666666666667,1824.457795,523.9119094325365,444.77720109920244,58.03470833333399,21.100000000000037
35.38333333333333,1826.877957,533.8098018560057,443.175093522671,59.50000000000004,31.134708333334693
35.4,1829.323525,527.2756717334365,435.1756717334356,59.50000000000004,32.60000000000085
35.416666666666664,1831.794509,527.2551911335611,435.15519113356015,59.50000000000004,32.60000000000085
35.43333333333333,1834.290942,527.2551911335611,435.15519113356015,59.50000000000004,32.60000000000085
35.45,1836.812873,527.2551911335611,435.15519113356015,59.50000000000004,32.60000000000085
35.46666666666667,1839.360352,527.2551911335611,435.15519113356015,59.50000000000004,32.60000000000085
35.483333333333334,1841.93343,535.7019111335613,443.6019111335604,59.50000000000004,32.60000000000085
35.5,1844.532154,539.8990531354015,452.2480759179151,55.05097721748552,32.60000000000085
35.516666666666666,1847.156565,535.7362172614335,444.77775289343833,49.91174436799405,41.046720000001045
35.53333333333333,1849.806711,536.8551911335611,444.7551911335602,49.90000000000005,42.20000000000084
35.55,1852.482642,536.8551911335611,444.7551911335602,49.90000000000005,42.20000000000084
35.56666666666667,1855.184401,536.8551911335611,444.7551911335602,49.90000000000005,42.20000000000084
35.583333333333336,1857.912042,539.1559342318878,444.7551911335602,52.200743098326804,42.20000000000084
35.6,1860.665645,526.3499363526884,432.34670480931925,51.80323154336823,42.20000000000084
35.61666666666667,1863.445332,516.1908314673988,425.569697479586,51.80000000000008,38.82113398781267
35.63333333333333,1866.251187,509.9700390630961,425.55519113356013,51.80000000000008,32.61484792953594
35.65,1869.083229,498.4880224177839,425.55519113356013,40.332831284222955,32.60000000000085
35.666666666666664,1871.941421,491.39122445500504,418.49122445500416,40.30000000000004,32.60000000000085
35.68333333333333,1874.825764,488.8599997251524,415.95999972515153,40.30000000000004,32.60000000000085
35.7,1877.73562,478.1536080289431,414.82775958125126,30.725848447691,32.60000000000085
35.71666666666667,1880.669395,479.1393801459034,415.8393801459025,30.70000000000005,32.60000000000085
35.733333333333334,1883.626409,469.6806330534756,406.38063305347475,30.70000000000005,32.60000000000085
35.75,1886.605434,461.260202838339,406.3551911335602,22.30501170477796,32.60000000000085
35.766666666666666,1889.603543,458.1612317119531,406.3551911335602,19.206040578392063,32.60000000000085
35.78333333333333,1892.619502,468.189899466895,416.3898994668941,19.200000000000003,32.60000000000085
35.8,1895.6526,469.65519113356106,417.8551911335602,19.200000000000003,32.60000000000085
35.81666666666667,1898.701199,479.68989946689516,417.8551911335602,29.23470833333409,32.60000000000085
35.833333333333336,1901.764626,489.6019111335615,426.30191113356045,30.700000000000166,32.60000000000085
35.85,1904.842897,490.62960300717253,427.3296030071715,30.700000000000166,32.60000000000085
35.86666666666667,1907.936063,487.4481295191178,424.14812951911676,30.700000000000166,32.60000000000085
35.88333333333333,1911.044165,487.44139335017275,424.1413933501717,30.700000000000166,32.60000000000085
35.9,1914.167158,487.44139335017275,424.1413933501717,30.700000000000166,32.60000000000085
35.916666666666664,1917.304899,487.44139335017275,424.1413933501717,30.700000000000166,32.60000000000085
35.93333333333333,1920.457294,468.47868007116864,405.1786800711676,30.700000000000166,32.60000000000085
35.95,1923.622812,464.44981892337563,401.1498189233746,30.700000000000166,32.60000000000085
35.96666666666667,1926.797763,472.8881133501731,409.5881133501721,30.700000000000166,32.60000000000085
35.983333333333334,1929.980501,474.041393350173,410.74139335017196,30.700000000000166,32.60000000000085
36.0,1933.168185,474.041393350173,410.74139335017196,30.700000000000166,32.60000000000085
36.016666666666666,1936.354157,474.041393350173,410.74139335017196,30.700000000000166,32.60000000000085
36.03333333333333,1939.535551,474.041393350173,410.74139335017196,30.700000000000166,32.60000000000085
36.05,1942.710693,469.860348990413,406.56034899041197,30.700000000000166,32.60000000000085
36.06666666666667,1945.875851,462.5595069099466,399.25950690994557,30.700000000000166,32.60000000000085
36.083333333333336,1949.029438,462.36771915870787,399.06771915870684,30.700000000000166,32.60000000000085
36.1,1952.171298,455.4986568353734,392.1986568353724,30.700000000000166,32.60000000000085
36.11666666666667,1955.301227,465.85234665624495,402.5523466562439,30.700000000000166,32.60000000000085
36.13333333333333,1958.41912,467.7513069075571,404.45130690755605,30.700000000000166,32.60000000000085
36.15,1961.524953,468.9540894867879,397.20736948678666,39.14672000000038,32.60000000000085
36.166666666666664,1964.618713,475.0135977538255,402.1135977538245,40.300000000000175,32.60000000000085
36.18333333333333,1967.700359,474.60759544252596,401.70759544252496,40.300000000000175,32.60000000000085
36.2,1970.769163,463.64469579340675,390.74469579340575,40.300000000000175,32.60000000000085
36.21666666666667,1973.823439,459.33891075570045,386.43891075569945,40.300000000000175,32.60000000000085
36.233333333333334,1976.862415,437.40964551848276,364.50964551848176,40.300000000000175,32.60000000000085
36.25,1979.884797,438.7558815383651,365.8558815383641,40.300000000000175,32.60000000000085
36.266666666666666,1982.887614,431.0371531716611,358.1371531716601,40.300000000000175,32.60000000000085
36.28333333333333,1985.869569,431.01379778339583,358.1137977833948,40.300000000000175,32.60000000000085
36.3,1988.829883,447.9072377833962,366.56051778339497,40.300000000000175,41.046720000001045
36.31666666666667,1991.766889,450.21379778339576,367.71379778339474,40.300000000000175,42.20000000000084
36.333333333333336,1994.67985,450.21379778339576,367.71379778339474,40.300000000000175,42.20000000000084
36.35,1997.568653,460.2485061167295,377.7485061167285,40.300000000000175,42.20000000000084
36.36666666666667,2000.433153,459.1434609500335,379.2137977833945,37.72966316663816,42.20000000000084
36.38333333333333,2003.273259,450.2372564844512,379.2137977833945,28.8234587010559,42.20000000000084
36.4,2006.088945,450.21379778339536,379.2137977833945,28.800000000000015,42.20000000000084
36.416666666666664,2008.880225,450.21379778339536,379.2137977833945,28.800000000000015,42.20000000000084
36.43333333333333,2011.647073,450.21379778339536,379.2137977833945,28.800000000000015,42.20000000000084
36.45,2014.389443,450.21379778339536,379.2137977833945,28.800000000000015,42.20000000000084
36.46666666666667,2017.107288,442.71213208007975,371.7121320800789,28.800000000000015,42.20000000000084
36.483333333333334,2019.800562,438.7222067185573,367.72220671855644,28.800000000000015,42.20000000000084
36.5,2022.469224,438.7137977833953,367.71379778339445,28.800000000000015,42.20000000000084
36.516666666666666,2025.113242,437.8452141579769,367.71379778339445,27.931416374581577,42.20000000000084
36.53333333333333,2027.732573,427.22118896707843,365.7983391742918,19.222849792785762,42.20000000000084
36.55,2030.327178,420.6511306530622,359.25113065306135,19.200000000000003,42.20000000000084
36.56666666666667,2032.897021,420.92759556678396,359.52759556678313,19.200000000000003,42.20000000000084
36.583333333333336,2035.442061,420.92759556678396,359.52759556678313,19.200000000000003,42.20000000000084
36.6,2037.962233,420.92759556678396,359.52759556678313,19.200000000000003,42.20000000000084
36.61666666666667,2040.457451,420.92759556678396,359.52759556678313,19.200000000000003,42.20000000000084
36.63333333333333,2042.927647,420.92759556678396,359.52759556678313,19.200000000000003,42.20000000000084
36.65,2045.372812,409.4604268510045,348.0604268510037,19.200000000000003,42.20000000000084
36.666666666666664,2047.792967,409.42759556678317,348.02759556678234,19.200000000000003,42.20000000000084
36.68333333333333,2050.188117,409.42759556678317,348.02759556678234,19.200000000000003,42.20000000000084
36.7,2052.558719,402.17562065709427,340.77562065709344,19.200000000000003,42.20000000000084
36.71666666666667,2054.905925,408.27867011407,346.87867011406917,19.200000000000003,42.20000000000084
36.733333333333334,2057.230228,409.42759556678317,348.02759556678234,19.200000000000003,42.20000000000084
36.75,2059.532511,409.42759556678317,348.02759556678234,19.200000000000003,42.20000000000084
36.766666666666666,2061.814884,403.5542896542476,333.7075696542463,19.200000000000003,50.6467200000013
36.78333333333333,2064.078239,397.9440371473891,326.944037147388,19.200000000000003,51.800000000001134
36.8,2066.323084,397.9275955667827,326.9275955667816,19.200000000000003,51.800000000001134
36.81666666666667,2068.550602,393.2003151342803,326.9275955667816,19.200000000000003,47.0727195674987
36.833333333333336,2070.761275,390.8864365643776,336.96230390011425,13.607736898836496,40.316395765426904
36.85,2072.955093,388.3362088390468,338.42759556678175,9.608613272263934,40.30000000000109
36.86666666666667,2075.132016,388.32759556678286,338.42759556678175,9.599999999999994,40.30000000000109
36.88333333333333,2077.292016,388.32759556678286,338.42759556678175,9.599999999999994,40.30000000000109
36.9,2079.435125,388.32759556678286,338.42759556678175,9.599999999999994,40.30000000000109
36.916666666666664,2081.561447,376.86042685100335,326.9604268510023,9.599999999999994,40.30000000000109
36.93333333333333,2083.671047,385.27431556678226,326.92759556678095,9.599999999999994,48.7467200000013
36.95,2085.765029,386.42759556678203,326.92759556678095,9.599999999999994,49.9000000000011
36.96666666666667,2087.846046,386.42759556678203,326.92759556678095,9.599999999999994,49.9000000000011
36.983333333333334,2089.915278,386.0971297890097,326.92759556678095,9.599999999999994,49.569534222228796
37.0,2091.974765,384.726506734595,326.92759556678095,9.599999999999994,48.19891116781401
37.016666666666666,2094.029292,403.54500199858404,326.92759556678095,29.669416666664688,46.9479897651384
37.03333333333333,2096.080909,405.4220528285876,326.92759556678095,32.599999999999525,45.89445726180712
37.05,2098.130811,404.53554816633914,326.92759556678095,32.599999999999525,45.00795259955863
37.06666666666667,2100.181667,393.21299862814766,319.03738108426427,32.599999999999525,41.57561754388386
37.083333333333336,2102.234605,390.2327595077513,317.3304764436407,32.599999999999525,40.30228306411111
37.1,2104.289721,398.13090734914374,325.23090734914314,32.599999999999525,40.300000000001106
37.11666666666667,2106.347145,388.35836069517654,315.45836069517594,32.599999999999525,40.300000000001106
37.13333333333333,2108.406935,371.30194125568414,298.40194125568354,32.599999999999525,40.300000000001106
37.15,2110.469094,367.23477462819073,294.33477462819013,32.599999999999525,40.300000000001106
37.166666666666664,2112.533613,367.2275955667818,294.32759556678116,32.599999999999525,40.300000000001106
37.18333333333333,2114.600508,357.65344401447373,284.75344401447313,32.599999999999525,40.300000000001106
37.2,2116.670291,353.04081504799535,280.14081504799475,32.599999999999525,40.300000000001106
37.21666666666667,2118.744169,346.14442853014225,273.2444285301416,32.599999999999525,40.300000000001106
37.233333333333334,2120.822689,347.5916256042592,274.69162560425855,32.599999999999525,40.300000000001106
37.25,2122.906771,345.1809476328236,262.2462392994897,42.63470833333278,40.300000000001106
37.266666666666666,2124.998559,346.61379778339386,262.2137977833924,44.100000000000335,40.300000000001106
37.28333333333333,2127.098975,355.06051778339406,262.2137977833924,44.100000000000335,48.746720000001304
37.3,2129.208562,356.21379778339383,262.2137977833924,44.100000000000335,49.9000000000011
37.31666666666667,2131.328517,356.21379778339383,262.2137977833924,44.100000000000335,49.9000000000011
37.333333333333336,2133.459349,356.21379778339383,262.2137977833924,44.100000000000335,49.9000000000011
37.35,2135.601121,354.2842360286275,260.2842360286261,44.100000000000335,49.9000000000011
37.36666666666667,2137.753917,344.73949727622426,250.73949727622283,44.100000000000335,49.9000000000011
37.38333333333333,2139.917779,344.71379778339303,250.7137977833916,44.100000000000335,49.9000000000011
37.4,2142.092707,344.71379778339303,250.7137977833916,44.100000000000335,49.9000000000011
37.416666666666664,2144.278672,344.71379778339303,250.7137977833916,44.100000000000335,49.9000000000011
37.43333333333333,2146.47567,353.16051778339323,259.1605177833918,44.100000000000335,49.9000000000011
37.45,2148.683724,354.313797783393,260.3137977833916,44.100000000000335,49.9000000000011
37.46666666666667,2150.902858,362.7605177833932,268.7605177833918,44.100000000000335,49.9000000000011
37.483333333333334,2153.133094,372.3605177833932,278.3605177833918,44.100000000000335,49.9000000000011
37.5,2155.37445,373.51379778339304,279.5137977833916,44.100000000000335,49.9000000000011
37.516666666666666,2157.626956,373.51379778339304,279.5137977833916,44.100000000000335,49.9000000000011
37.53333333333333,2159.890632,373.51379778339304,279.5137977833916,44.100000000000335,49.9000000000011
37.55,2162.165496,364.411663250393,279.5137977833916,42.7201686813981,42.17769678560328
37.56666666666667,2164.451571,352.4427496705208,279.5137977833916,34.52113944274885,38.40781244438035
37.583333333333336,2166.748873,360.8605177833924,287.9605177833918,34.50000000000034,38.40000000000029
37.6,2169.057432,362.0137977833922,289.1137977833916,34.50000000000034,38.40000000000029
37.61666666666667,2171.37729,380.0400418905789,297.5605177833918,44.07952410718684,38.40000000000029
37.63333333333333,2173.708474,374.65647864354605,298.71379778339156,37.54268086015422,38.40000000000029
37.65,2176.050985,374.92759556678095,298.71379778339156,37.81379778338907,38.40000000000029
37.666666666666664,2178.404802,374.92759556678095,298.71379778339156,37.81379778338907,38.40000000000029
37.68333333333333,2180.769918,374.92759556678095,298.71379778339156,37.81379778338907,38.40000000000029
37.7,2183.146073,374.92759556678095,298.71379778339156,37.81379778338907,38.40000000000029
37.71666666666667,2185.532629,374.92759556678095,298.71379778339156,37.81379778338907,38.40000000000029
37.733333333333334,2187.92931,374.92759556678095,298.71379778339156,37.81379778338907,38.40000000000029
37.75,2190.335625,393.40902390011377,307.1605177833918,47.84850611672166,38.40000000000029
37.766666666666666,2192.750407,396.027595566781,308.3137977833916,49.31379778338911,38.40000000000029
37.78333333333333,2195.173164,396.027595566781,308.3137977833916,49.31379778338911,38.40000000000029
37.8,2197.603609,396.027595566781,308.3137977833916,49.31379778338911,38.40000000000029
37.81666666666667,2200.04109,396.027595566781,308.3137977833916,49.31379778338911,38.40000000000029
37.833333333333336,2202.485335,396.027595566781,308.3137977833916,49.31379778338911,38.40000000000029
37.85,2204.936351,396.027595566781,308.3137977833916,49.31379778338911,38.40000000000029
37.86666666666667,2207.394151,395.2722431143526,307.5584453309632,49.31379778338911,38.40000000000029
37.88333333333333,2209.858752,386.45082966933205,298.73703188594266,49.31379778338911,38.40000000000029
37.9,2212.330132,383.6353902028287,295.9215924194393,49.31379778338911,38.40000000000029
37.916666666666664,2214.808229,383.11465733254744,295.40085954915804,49.31379778338911,38.40000000000029
37.93333333333333,2217.293003,376.7041834566232,288.9903856732338,49.31379778338911,38.40000000000029
37.95,2219.783839,380.0719315990065,292.3581338156171,49.31379778338911,38.40000000000029
37.96666666666667,2222.279262,381.2137977833925,293.5000000000031,49.31379778338911,38.40000000000029
37.983333333333334,2224.778613,381.2137977833925,293.5000000000031,49.31379778338911,38.40000000000029
38.0,2227.280753,380.86050699986913,293.14670921647974,49.31379778338911,38.40000000000029
38.016666666666666,2229.783024,367.0631217463894,291.7695476509148,45.23125236059128,30.062321734883355
38.03333333333333,2232.284283,346.6512893460701,289.4559621752763,28.393412239955747,28.801914930838066
38.05,2234.783861,333.8740876721314,278.7568126182249,26.317275053906233,28.800000000000296
38.06666666666667,2237.280274,327.1060481394533,271.9922503560637,26.313797783389305,28.800000000000296
38.083333333333336,2239.772889,320.2225146712111,262.0971335526562,29.32538111855463,28.800000000000296
38.1,2242.261648,316.89027833126164,258.4626827644836,29.627595566777757,28.800000000000296
38.11666666666667,2244.746476,326.41281041779945,267.9852148510214,29.627595566777757,28.800000000000296
38.13333333333333,2247.227333,335.6877681290483,267.22546422893765,39.662303900110345,28.800000000000296
38.15,2249.704216,336.5286619936824,266.6010664269043,41.1275955667778,28.800000000000296
38.166666666666664,2252.177124,336.527595566781,266.60000000000286,41.1275955667778,28.800000000000296
38.18333333333333,2254.646044,328.698293112649,258.7706975458709,41.1275955667778,28.800000000000296
38.2,2257.110688,323.6430150283901,253.715419461612,41.1275955667778,28.800000000000296
38.21666666666667,2259.570384,301.05204345716237,231.12444789038426,41.1275955667778,28.800000000000296
38.233333333333334,2262.024827,296.23686725125333,226.30927168447522,41.1275955667778,28.800000000000296
38.25,2264.473503,296.22759556678096,226.30000000000285,41.1275955667778,28.800000000000296
38.266666666666666,2266.915223,296.22759556678096,226.30000000000285,41.1275955667778,28.800000000000296
38.28333333333333,2269.349475,286.55139918364404,218.4001433919247,41.1275955667778,27.023660224941537
38.3,2271.775951,275.1547740948738,214.80733742035338,41.1275955667778,19.219841107742646
38.31666666666667,2274.19399,285.1623039001138,224.83470833333567,41.1275955667778,19.200000000000284
38.333333333333336,2276.603304,286.6275955667812,226.30000000000314,41.1275955667778,19.200000000000284
38.35,2279.003856,286.6275955667812,226.30000000000314,41.1275955667778,19.200000000000284
38.36666666666667,2281.395595,299.67388723527915,226.30000000000314,54.173887235275714,19.200000000000284
38.38333333333333,2283.778495,289.974224634391,226.30000000000314,44.4742246343876,19.200000000000284
38.4,2286.15255,287.2609840765847,223.61959072641818,44.44139335016625,19.200000000000284
38.416666666666664,2288.517774,278.4644736247383,214.82308027457174,44.44139335016625,19.200000000000284
38.43333333333333,2290.874161,285.16935712537537,214.8000000000023,51.16935712537278,19.200000000000284
38.45,2293.221696,296.66230390011316,224.83470833333504,52.62759556677784,19.200000000000284
38.46666666666667,2295.560356,298.12759556678066,226.3000000000025,52.62759556677784,19.200000000000284
38.483333333333334,2297.890122,298.12759556678066,226.3000000000025,52.62759556677784,19.200000000000284
38.5,2300.210976,297.49966428437443,225.6720687175963,52.62759556677784,19.200000000000284
38.516666666666666,2302.522893,296.09412850838953,224.2665329416114,52.62759556677784,19.200000000000284
38.53333333333333,2304.825851,288.71246236141315,216.884866794635,52.62759556677784,19.200000000000284
38.55,2307.119836,265.58647304761905,193.7588774808409,52.62759556677784,19.200000000000284
38.56666666666667,2309.404824,268.5391789019449,196.71158333516678,52.62759556677784,19.200000000000284
38.583333333333336,2311.680799,268.84139335016806,197.01379778338992,52.62759556677784,19.200000000000284
38.6,2313.947755,268.84139335016806,197.01379778338992,52.62759556677784,19.200000000000284
38.61666666666667,2316.205691,268.84139335016806,197.01379778338992,52.62759556677784,19.200000000000284
38.63333333333333,2318.454599,268.84139335016806,197.01379778338992,52.62759556677784,19.200000000000284
38.65,2320.694459,268.84139335016806,197.01379778338992,52.62759556677784,19.200000000000284
38.666666666666664,2322.925239,262.791979125745,190.96438355896686,52.62759556677784,19.200000000000284
38.68333333333333,2325.146915,257.3538342147889,185.52623864801078,52.62759556677784,19.200000000000284
38.7,2327.359325,255.14455989838987,185.51379778338986,50.43076211499973,19.200000000000284
38.71666666666667,2329.562105,245.86615036700462,185.51379778338986,41.15235258361447,19.200000000000284
38.733333333333334,2331.755085,255.87610168350054,195.54850611672245,41.1275955667778,19.200000000000284
38.75,2333.937978,246.5479859126318,186.2203903458537,41.1275955667778,19.200000000000284
38.766666666666666,2336.110135,245.84198211524546,185.51438654846737,41.1275955667778,19.200000000000284
38.78333333333333,2338.271268,234.3742246343885,185.51379778338986,29.66042685099834,19.200000000000284
38.8,2340.421203,234.34139335016715,185.51379778338986,29.62759556677699,19.200000000000284
38.81666666666667,2342.559564,234.34139335016715,185.51379778338986,29.62759556677699,19.200000000000284
38.833333333333336,2344.686186,234.34139335016715,185.51379778338986,29.62759556677699,19.200000000000284
38.85,2346.801049,234.34139335016715,185.51379778338986,29.62759556677699,19.200000000000284
38.86666666666667,2348.904143,234.34139335016715,185.51379778338986,29.62759556677699,19.200000000000284
38.88333333333333,2350.995453,234.34139335016715,185.51379778338986,29.62759556677699,19.200000000000284
38.9,2353.074946,237.35297668533246,188.5253811185552,29.62759556677699,19.200000000000284
38.916666666666664,2355.142569,237.6551911335556,188.8275955667783,29.62759556677699,19.200000000000284
38.93333333333333,2357.198279,237.6551911335556,188.8275955667783,29.62759556677699,19.200000000000284
38.95,2359.241727,237.6551911335556,188.8275955667783,29.62759556677699,19.200000000000284
38.96666666666667,2361.272095,230.56213614591303,181.73454057913574,29.62759556677699,19.200000000000284
38.983333333333334,2363.289013,226.16471639188313,177.33712082510584,29.62759556677699,19.200000000000284
39.0,2365.291849,236.1898994668881,187.36230390011085,29.62759556677699,19.200000000000284
39.016666666666666,2367.279155,228.90180188610782,180.07420631933053,29.62759556677699,19.200000000000284
39.03333333333333,2369.250295,219.95513906690417,171.1275435001269,29.62759556677699,19.200000000000284
39.05,2371.204897,216.5621730175867,167.7345774508094,29.62759556677699,19.200000000000284
39.06666666666667,2373.142144,216.55519113355552,167.72759556677826,29.62759556677699,19.200000000000284
39.083333333333336,2375.061679,216.55519113355552,167.72759556677826,29.62759556677699,19.200000000000284
39.1,2376.963456,210.71866944590784,161.89107387913057,29.62759556677699,19.200000000000284
39.11666666666667,2378.847419,206.96314780026756,158.13555223349027,29.62759556677699,19.200000000000284
39.13333333333333,2380.713533,206.9551911335555,158.1275955667782,29.62759556677699,19.200000000000284
39.15,2382.561779,206.9551911335555,158.1275955667782,29.62759556677699,19.200000000000284
39.166666666666664,2384.392144,197.95057314015634,149.12297757337905,29.62759556677699,19.200000000000284
39.18333333333333,2386.204606,205.49441133386324,146.6321074337534,39.66230390010958,19.200000000000284
39.2,2387.998993,199.8804046549942,146.62759556677742,38.69187362050531,14.560935467711499
39.21666666666667,2389.774932,194.05414126815353,146.62759556677742,37.81533283126436,9.61121287011175
39.233333333333334,2391.532243,187.25640956348096,139.84261178009237,37.81379778338859,9.599999999999994
39.25,2393.270637,182.55176010963274,135.13796232624415,37.81379778338859,9.599999999999994
39.266666666666666,2394.989457,182.54139335016595,135.12759556677736,37.81379778338859,9.599999999999994
39.28333333333333,2396.688412,171.07422463438724,123.66042685099865,37.81379778338859,9.599999999999994
39.3,2398.367327,171.0413933501659,123.6275955667773,37.81379778338859,9.599999999999994
39.31666666666667,2400.02583,171.0413933501659,123.6275955667773,37.81379778338859,9.599999999999994
39.333333333333336,2401.663752,159.57422463438718,123.6275955667773,26.34662906760989,9.599999999999994
39.35,2403.281062,159.52012964383744,123.6063318604489,26.31379778338854,9.599999999999994
39.36666666666667,2404.877719,158.52355584013773,122.6097580567492,26.31379778338854,9.599999999999994
39.38333333333333,2406.453696,157.16934300254508,121.25554521915655,26.31379778338854,9.599999999999994
39.4,2408.00898,155.98575280850818,120.07195502511965,26.31379778338854,9.599999999999994
39.416666666666664,2409.543568,154.62154463614644,118.70774685275791,26.31379778338854,9.599999999999994
39.43333333333333,2411.057448,161.70045270383852,125.78665492044999,26.31379778338854,9.599999999999994
39.45,2412.550602,158.31411711935945,122.40031933597092,26.31379778338854,9.599999999999994
39.46666666666667,2414.02302,157.99248951342503,122.07869173003651,26.31379778338854,9.599999999999994
39.483333333333334,2415.474687,157.72610479640215,121.81230701301362,26.31379778338854,9.599999999999994
39.5,2416.905587,157.49891292925673,121.5851151458682,26.31379778338854,9.599999999999994
39.516666666666666,2418.315714,150.87419909545426,114.96040131206573,26.31379778338854,9.599999999999994
39.53333333333333,2419.705055,145.65171456107475,109.73791677768622,26.31379778338854,9.599999999999994
39.55,2421.073596,145.50008735153128,109.58628956814275,26.31379778338854,9.599999999999994
39.56666666666667,2422.421333,144.82730494422566,108.91350716083713,26.31379778338854,9.599999999999994
39.583333333333336,2423.748252,144.7277593395409,108.81396155615239,26.31379778338854,9.599999999999994
39.6,2425.05432,144.72759556677732,108.81379778338878,26.31379778338854,9.599999999999994
39.61666666666667,2426.339479,144.72759556677732,108.81379778338878,26.31379778338854,9.599999999999994
39.63333333333333,2427.603696,144.72759556677732,108.81379778338878,26.31379778338854,9.599999999999994
39.65,2428.846985,144.72759556677732,108.81379778338878,26.31379778338854,9.599999999999994
39.666666666666664,2430.069396,144.72759556677732,108.81379778338878,26.31379778338854,9.599999999999994
39.68333333333333,2431.270962,144.72759556677732,108.81379778338878,26.31379778338854,9.599999999999994
39.7,2432.452156,144.72759556677732,108.81379778338878,26.31379778338854,9.599999999999994
39.71666666666667,2433.614123,138.7604653503818,102.84666756699326,26.31379778338854,9.599999999999994
39.733333333333334,2434.757371,133.24027410106447,97.32647631767593,26.31379778338854,9.599999999999994
39.75,2435.882787,141.6743155667775,105.76051778338896,26.31379778338854,9.599999999999994
39.766666666666666,2436.992448,142.8275955667773,106.91379778338876,26.31379778338854,9.599999999999994
39.78333333333333,2438.087244,142.8275955667773,106.91379778338876,26.31379778338854,9.599999999999994
39.8,2439.167695,137.89244009843205,101.97864231504352,26.31379778338854,9.599999999999994
39.81666666666667,2440.234974,129.4694160546765,93.55561827128795,26.31379778338854,9.599999999999994
39.833333333333336,2441.289569,121.74703831416032,85.83324053077179,26.31379778338854,9.599999999999994
39.85,2442.331487,120.90185860525824,85.8137977833887,25.488060821869546,9.599999999999994
39.86666666666667,2443.360708,126.86554173139432,85.8137977833887,23.005023948005167,18.046720000000455
39.88333333333333,2444.377224,128.01379778338907,85.8137977833887,23.00000000000009,19.200000000000284
39.9,2445.381083,128.01379778338907,85.8137977833887,23.00000000000009,19.200000000000284
39.916666666666664,2446.372405,107.90317450755984,75.29868785328279,13.404486654276777,19.200000000000284
39.93333333333333,2447.351275,97.33667772175417,66.63356163152933,11.50311609022456,19.200000000000284
39.95,2448.318798,97.31379778338905,66.61379778338872,11.500000000000044,19.200000000000284
39.96666666666667,2449.277607,95.88133740094294,65.18133740094261,11.500000000000044,19.200000000000284
39.983333333333334,2450.228877,97.31379778338905,66.61379778338872,11.500000000000044,19.200000000000284
40.0,2451.174635,97.31379778338905,66.61379778338872,11.500000000000044,19.200000000000284
40.016666666666666,2452.119612,97.31379778338905,66.61379778338872,11.500000000000044,19.200000000000284
40.03333333333333,2453.065836,97.31379778338905,66.61379778338872,11.500000000000044,19.200000000000284
40.05,2454.01449,97.31379778338905,66.61379778338872,11.500000000000044,19.200000000000284
40.06666666666667,2454.968212,97.31379778338905,66.61379778338872,11.500000000000044,19.200000000000284
40.083333333333336,2455.928116,97.31379778338905,66.61379778338872,11.500000000000044,19.200000000000284
40.1,2456.894295,97.31379778338905,66.61379778338872,11.500000000000044,19.200000000000284
40.11666666666667,2457.86688,107.34850611672164,66.61379778338872,21.534708333332635,19.200000000000284
40.13333333333333,2458.845929,108.81379778338909,66.61379778338872,23.00000000000009,19.200000000000284
40.15,2459.831442,108.81379778338909,66.61379778338872,23.00000000000009,19.200000000000284
40.166666666666664,2460.823411,118.84850611672235,66.61379778338872,33.03470833333335,19.200000000000284
40.18333333333333,2461.821852,120.3137977833899,66.61379778338872,34.500000000000895,19.200000000000284
40.2,2462.827267,120.3137977833899,66.61379778338872,34.500000000000895,19.200000000000284
40.21666666666667,2463.840841,120.28898572527632,66.58898572527514,34.500000000000895,19.200000000000284
40.233333333333334,2464.863108,112.09920890781345,58.399208907812266,34.500000000000895,19.200000000000284
40.25,2465.894969,110.71597507695478,57.015975076953595,34.500000000000895,19.200000000000284
40.266666666666666,2466.938524,110.71379778338988,57.0137977833887,34.500000000000895,19.200000000000284
40.28333333333333,2467.994677,110.71379778338988,57.0137977833887,34.500000000000895,19.200000000000284
40.3,2469.063955,110.71379778338988,57.0137977833887,34.500000000000895,19.200000000000284
40.31666666666667,2470.147527,110.71379778338988,57.0137977833887,34.500000000000895,19.200000000000284
40.333333333333336,2471.245887,110.71379778338988,57.0137977833887,34.500000000000895,19.200000000000284
40.35,2472.359089,110.71379778338988,57.0137977833887,34.500000000000895,19.200000000000284
40.36666666666667,2473.487211,110.71379778338988,57.0137977833887,34.500000000000895,19.200000000000284
40.38333333333333,2474.630289,110.71379778338988,57.0137977833887,34.500000000000895,19.200000000000284
40.4,2475.788314,110.71379778338988,57.0137977833887,34.500000000000895,19.200000000000284
40.416666666666664,2476.961251,110.71379778338988,57.0137977833887,34.500000000000895,19.200000000000284
40.43333333333333,2478.149094,110.71379778338988,57.0137977833887,34.500000000000895,19.200000000000284
40.45,2479.351851,108.95965464468831,55.25965464468713,34.500000000000895,19.200000000000284
40.46666666666667,2480.569534,107.40292744880551,53.70292744880434,34.500000000000895,19.200000000000284
40.483333333333334,2481.802155,107.40000000000143,53.70000000000025,34.500000000000895,19.200000000000284
40.5,2483.049723,107.40000000000143,53.70000000000025,34.500000000000895,19.200000000000284
40.516666666666666,2484.312245,107.40000000000143,53.70000000000025,34.500000000000895,19.200000000000284
40.53333333333333,2485.589731,107.40000000000143,53.70000000000025,34.500000000000895,19.200000000000284
40.55,2486.882191,107.40000000000143,53.70000000000025,34.500000000000895,19.200000000000284
40.56666666666667,2488.18963,107.40000000000143,53.70000000000025,34.500000000000895,19.200000000000284
40.583333333333336,2489.512059,107.40000000000143,53.70000000000025,34.500000000000895,19.200000000000284
40.6,2490.849503,117.43470833333402,53.70000000000025,34.500000000000895,29.234708333332875
40.61666666666667,2492.202009,118.90000000000148,53.70000000000025,34.500000000000895,30.70000000000033
40.63333333333333,2493.569602,110.54339795165666,45.343397951655426,34.500000000000895,30.70000000000033
40.65,2494.952272,115.85285949760205,42.206139497600624,42.94672000000111,30.70000000000033
40.666666666666664,2496.349973,117.00000000000145,42.20000000000021,44.10000000000091,30.70000000000033
40.68333333333333,2497.76268,117.00000000000145,42.20000000000021,44.10000000000091,30.70000000000033
40.7,2499.19,117.00000000000145,42.20000000000021,44.10000000000091,30.70000000000033
40.71666666666667,2500.630983,117.00000000000145,42.20000000000021,44.10000000000091,30.70000000000033
40.733333333333334,2502.085207,117.00000000000145,42.20000000000021,44.10000000000091,30.70000000000033
40.75,2503.551943,117.00000000000145,42.20000000000021,44.10000000000091,30.70000000000033
40.766666666666666,2505.029466,117.00000000000145,42.20000000000021,44.10000000000091,30.70000000000033
40.78333333333333,2506.51704,117.00000000000145,42.20000000000021,44.10000000000091,30.70000000000033
40.8,2508.014238,117.00000000000145,42.20000000000021,44.10000000000091,30.70000000000033
40.81666666666667,2509.520088,117.00000000000145,42.20000000000021,44.10000000000091,30.70000000000033
40.833333333333336,2511.034185,117.00000000000145,42.20000000000021,44.10000000000091,30.70000000000033
40.85,2512.556526,117.00000000000145,42.20000000000021,44.10000000000091,30.70000000000033
40.86666666666667,2514.087129,125.44672000000165,42.20000000000021,52.54672000000111,30.70000000000033
40.88333333333333,2515.625999,126.60000000000144,42.20000000000021,53.700000000000905,30.70000000000033
40.9,2517.173101,126.60000000000144,42.20000000000021,53.700000000000905,30.70000000000033
40.916666666666664,2518.728337,126.60000000000144,42.20000000000021,53.700000000000905,30.70000000000033
40.93333333333333,2520.291637,126.60000000000144,42.20000000000021,53.700000000000905,30.70000000000033
40.95,2521.862093,126.60000000000144,42.20000000000021,53.700000000000905,30.70000000000033
40.96666666666667,2523.437529,126.60000000000144,42.20000000000021,53.700000000000905,30.70000000000033
40.983333333333334,2525.016975,126.60000000000144,42.20000000000021,53.700000000000905,30.70000000000033
41.0,2526.598757,115.13283128422276,42.20000000000021,42.23283128422221,30.70000000000033
41.016666666666666,2528.178972,115.10000000000139,42.20000000000021,42.200000000000855,30.70000000000033
41.03333333333333,2529.75594,118.11158333516673,45.211583335165535,42.200000000000855,30.70000000000033
41.05,2531.328683,118.41379778338984,45.51379778338866,42.200000000000855,30.70000000000033
41.06666666666667,2532.89502,118.41379778338984,45.51379778338866,42.200000000000855,30.70000000000033
41.083333333333336,2534.454028,118.41379778338984,45.51379778338866,42.200000000000855,30.70000000000033
41.1,2536.005625,118.41379778338984,45.51379778338866,42.200000000000855,30.70000000000033
41.11666666666667,2537.5497,118.41379778338984,45.51379778338866,42.200000000000855,30.70000000000033
41.13333333333333,2539.086201,118.41379778338984,45.51379778338866,42.200000000000855,30.70000000000033
41.15,2540.615122,118.41379778338984,45.51379778338866,42.200000000000855,30.70000000000033
41.166666666666664,2542.136469,118.41379778338984,45.51379778338866,42.200000000000855,30.70000000000033
41.18333333333333,2543.650222,118.41379778338984,45.51379778338866,42.200000000000855,30.70000000000033
41.2,2545.155972,118.41379778338984,45.51379778338866,42.200000000000855,30.70000000000033
41.21666666666667,2546.652753,118.41379778338984,45.51379778338866,42.200000000000855,30.70000000000033
41.233333333333334,2548.140124,126.86051778339004,45.51379778338866,42.200000000000855,39.14672000000053
41.25,2549.61735,138.04850611672254,45.51379778338866,52.23470833333355,40.300000000000324
41.266666666666666,2551.082722,139.51379778339,45.51379778338866,53.70000000000102,40.300000000000324
41.28333333333333,2552.535499,128.04662906761132,45.51379778338866,42.23283128422233,40.300000000000324
41.3,2553.975253,128.01379778338998,45.51379778338866,42.200000000000976,40.300000000000324
41.31666666666667,2555.40103,128.01379778338998,45.51379778338866,42.200000000000976,40.300000000000324
41.333333333333336,2556.812424,128.01379778338998,45.51379778338866,42.200000000000976,40.300000000000324
41.35,2558.209389,130.53066200313813,45.51379778338866,50.646720000001174,34.3701442197483
41.36666666666667,2559.591859,128.0215056914373,45.51379778338866,51.80000000000097,30.707707908047666
41.38333333333333,2560.959803,128.01379778338966,45.51379778338866,51.80000000000097,30.70000000000003
41.4,2562.313223,128.01379778338966,45.51379778338866,51.80000000000097,30.70000000000003
41.416666666666664,2563.652146,128.01379778338966,45.51379778338866,51.80000000000097,30.70000000000003
41.43333333333333,2564.976575,128.01379778338966,45.51379778338866,51.80000000000097,30.70000000000003
41.45,2566.286503,128.01379778338966,45.51379778338866,51.80000000000097,30.70000000000003
41.46666666666667,2567.581923,128.01379778338966,45.51379778338866,51.80000000000097,30.70000000000003
41.483333333333334,2568.862825,128.01379778338966,45.51379778338866,51.80000000000097,30.70000000000003
41.5,2570.129207,128.01379778338966,45.51379778338866,51.80000000000097,30.70000000000003
41.516666666666666,2571.38107,128.01379778338966,45.51379778338866,51.80000000000097,30.70000000000003
41.53333333333333,2572.618413,128.01379778338966,45.51379778338866,51.80000000000097,30.70000000000003
41.55,2573.841225,128.01379778338966,45.51379778338866,51.80000000000097,30.70000000000003
41.56666666666667,2575.049503,128.01379778338966,45.51379778338866,51.80000000000097,30.70000000000003
41.583333333333336,2576.243241,138.04850611672225,45.51379778338866,61.83470833333356,30.70000000000003
41.6,2577.422435,139.51379778338972,45.51379778338866,63.30000000000101,30.70000000000003
41.61666666666667,2578.5871,139.51379778338972,45.51379778338866,63.30000000000101,30.70000000000003
41.63333333333333,2579.737234,139.51379778338972,45.51379778338866,63.30000000000101,30.70000000000003
41.65,2580.872814,147.96051778338992,45.51379778338866,71.74672000000123,30.70000000000003
41.666666666666664,2581.993803,149.1137977833897,45.51379778338866,72.90000000000103,30.70000000000003
41.68333333333333,2583.100169,149.1137977833897,45.51379778338866,72.90000000000103,30.70000000000003
41.7,2584.19167,139.53964623108197,35.93964623108093,72.90000000000103,30.70000000000003
41.71666666666667,2585.267741,139.51379778338972,35.91379778338867,72.90000000000103,30.70000000000003
41.733333333333334,2586.328126,139.51379778338972,35.91379778338867,72.90000000000103,30.70000000000003
41.75,2587.372383,139.51379778338972,35.91379778338867,72.90000000000103,30.70000000000003
41.766666666666666,2588.399499,139.51379778338972,35.91379778338867,72.90000000000103,30.70000000000003
41.78333333333333,2589.409035,131.27030413648936,35.91379778338867,72.90000000000103,22.45650635309965
41.8,2590.400724,129.9159112227446,35.91379778338867,72.90000000000103,21.102113439354888
41.81666666666667,2591.373993,129.91379778338973,35.91379778338867,72.90000000000103,21.100000000000037
41.833333333333336,2592.32859,129.91379778338973,35.91379778338867,72.90000000000103,21.100000000000037
41.85,2593.264501,127.49089893576826,33.49089893576719,72.90000000000103,21.100000000000037
41.86666666666667,2594.181721,120.33157500775366,26.331575007752583,72.90000000000103,21.100000000000037
41.88333333333333,2595.080245,120.31379778338973,26.313797783388658,72.90000000000103,21.100000000000037
41.9,2595.960034,120.31379778338973,26.313797783388658,72.90000000000103,21.100000000000037
41.916666666666664,2596.821017,120.31379778338973,26.313797783388658,72.90000000000103,21.100000000000037
41.93333333333333,2597.663139,120.31379778338973,26.313797783388658,72.90000000000103,21.100000000000037
41.95,2598.485843,120.31379778338973,26.313797783388658,72.90000000000103,21.100000000000037
41.96666666666667,2599.28782,120.31379778338973,26.313797783388658,72.90000000000103,21.100000000000037
41.983333333333334,2600.06848,110.73964623108196,26.313797783388658,63.32584844769327,21.100000000000037
42.0,2600.82681,110.71379778338971,26.313797783388658,63.30000000000101,21.100000000000037
42.016666666666666,2601.560472,110.38749727121632,25.98749727121526,63.30000000000101,21.100000000000037
42.03333333333333,2602.268454,118.07972015029408,33.67972015029302,63.30000000000101,21.100000000000037
42.05,2602.950165,105.53726291138555,32.60443162716332,51.8328312842222,21.100000000000037
42.06666666666667,2603.604294,105.50000000000111,32.600000000000215,51.80000000000085,21.100000000000037
42.083333333333336,2604.230287,105.50000000000111,32.600000000000215,51.80000000000085,21.100000000000037
42.1,2604.828089,105.50000000000111,32.600000000000215,51.80000000000085,21.100000000000037
42.11666666666667,2605.397631,94.03283128422228,21.132831284221403,51.80000000000085,21.100000000000037
42.13333333333333,2605.938875,94.00000000000094,21.100000000000055,51.80000000000085,21.100000000000037
42.15,2606.451819,91.91799695236381,21.100000000000055,49.71799695236372,21.100000000000037
42.166666666666664,2606.93646,84.41885714378228,21.100000000000055,42.21885714378219,21.100000000000037
42.18333333333333,2607.392785,84.40000000000094,21.100000000000055,42.200000000000855,21.100000000000037
42.2,2607.820545,94.4347083333342,21.100000000000055,42.200000000000855,31.134708333333297
42.21666666666667,2608.219153,95.90000000000175,21.100000000000055,42.200000000000855,32.60000000000085
42.233333333333334,2608.588347,95.90000000000175,21.100000000000055,42.200000000000855,32.60000000000085
42.25,2608.927679,104.34672000000195,21.100000000000055,50.646720000001054,32.60000000000085
42.266666666666666,2609.236119,105.50000000000175,21.100000000000055,51.80000000000085,32.60000000000085
42.28333333333333,2609.513221,105.50000000000175,21.100000000000055,51.80000000000085,32.60000000000085
42.3,2609.758728,108.51158333516707,21.100000000000055,54.811583335166176,32.60000000000085
42.31666666666667,2609.972067,97.34662906761075,21.100000000000055,43.64662906760985,32.60000000000085
42.333333333333336,2610.152992,97.31379778338939,21.100000000000055,43.61379778338849,32.60000000000085
42.35,2610.301481,97.31379778338939,21.100000000000055,43.61379778338849,32.60000000000085
42.36666666666667,2610.417498,115.79522611672218,21.100000000000055,62.095226116721285,32.60000000000085
42.38333333333333,2610.501027,106.94662906761073,21.100000000000055,53.24662906760984,32.60000000000085
42.4,2610.552075,106.91379778338938,21.100000000000055,53.213797783388486,32.60000000000085
42.416666666666664,2610.570664,106.91379778338938,21.100000000000055,53.213797783388486,32.60000000000085
42.43333333333333,2610.556801,106.91379778338938,21.100000000000055,53.213797783388486,32.60000000000085
42.45,2610.510489,106.91379778338938,21.100000000000055,53.213797783388486,32.60000000000085
42.46666666666667,2610.431725,106.91379778338938,21.100000000000055,53.213797783388486,32.60000000000085
42.483333333333334,2610.320513,106.91379778338938,21.100000000000055,53.213797783388486,32.60000000000085
42.5,2610.176855,106.91379778338938,21.100000000000055,53.213797783388486,32.60000000000085
42.516666666666666,2610.000753,106.91379778338938,21.100000000000055,53.213797783388486,32.60000000000085
42.53333333333333,2609.792213,116.94850611672265,21.100000000000055,63.24850611672175,32.60000000000085
42.55,2609.55124,118.4137977833902,21.100000000000055,64.7137977833893,32.60000000000085
42.56666666666667,2609.277839,118.4137977833902,21.100000000000055,64.7137977833893,32.60000000000085
42.583333333333336,2608.972018,118.4137977833902,21.100000000000055,64.7137977833893,32.60000000000085
42.6,2608.633769,118.4137977833902,21.100000000000055,64.7137977833893,32.60000000000085
42.61666666666667,2608.263066,118.4137977833902,21.100000000000055,64.7137977833893,32.60000000000085
42.63333333333333,2607.859905,116.78932291652113,21.100000000000055,64.7137977833893,30.975525133131786
42.65,2607.424309,108.83413324151508,21.100000000000055,64.7137977833893,23.02033545812572
42.666666666666664,2606.956335,118.84850611672279,21.100000000000055,64.7137977833893,33.03470833333344
42.68333333333333,2606.45602,120.31379778339024,21.100000000000055,64.7137977833893,34.500000000000895
42.7,2605.923712,120.31379778339024,21.100000000000055,64.7137977833893,34.500000000000895
42.71666666666667,2605.360228,134.64353778339083,21.100000000000055,70.59681778338967,42.9467200000011
42.733333333333334,2604.76594,139.52538111855554,21.100000000000055,71.31379778338926,47.111583335166216
42.75,2604.14148,139.82759556677865,21.100000000000055,71.31379778338926,47.41379778338934
42.766666666666666,2603.488319,148.27431556677885,21.100000000000055,79.76051778338946,47.41379778338934
42.78333333333333,2602.80709,149.42759556677865,21.100000000000055,80.91379778338926,47.41379778338934
42.8,2602.098169,157.87431556677885,21.100000000000055,80.91379778338926,55.860517783389554
42.81666666666667,2601.362393,159.02759556677867,21.100000000000055,80.91379778338926,57.01379778338935
42.833333333333336,2600.600117,159.02759556677867,21.100000000000055,80.91379778338926,57.01379778338935
42.85,2599.811358,159.02759556677867,21.100000000000055,80.91379778338926,57.01379778338935
42.86666666666667,2598.996121,159.02759556677867,21.100000000000055,80.91379778338926,57.01379778338935
42.88333333333333,2598.154414,159.02759556677867,21.100000000000055,80.91379778338926,57.01379778338935
42.9,2597.286286,159.02759556677867,21.100000000000055,80.91379778338926,57.01379778338935
42.916666666666664,2596.391837,167.47431556677887,21.100000000000055,89.36051778338945,57.01379778338935
42.93333333333333,2595.471143,165.60714685100018,21.100000000000055,79.04662906761055,65.46051778338956
42.95,2594.524993,166.7275955667786,21.100000000000055,79.01379778338921,66.61379778338936
42.96666666666667,2593.555245,166.7275955667786,21.100000000000055,79.01379778338921,66.61379778338936
42.983333333333334,2592.562734,157.15344401447086,21.100000000000055,69.43964623108147,66.61379778338936
43.0,2591.548895,157.12759556677864,21.100000000000055,69.41379778338921,66.61379778338936
43.016666666666666,2590.517047,167.16230390011188,21.100000000000055,69.41379778338921,76.64850611672261
43.03333333333333,2589.468619,164.35934427063626,21.100000000000055,65.14554648724604,78.11379778339017
43.05,2588.404449,147.57268231568642,21.100000000000055,48.35888453229621,78.11379778339017
43.06666666666667,2587.326388,147.52759556677864,21.100000000000055,48.31379778338841,78.11379778339017
43.083333333333336,2586.235223,147.52759556677864,21.100000000000055,48.31379778338841,78.11379778339017
43.1,2585.131025,147.52759556677864,21.100000000000055,48.31379778338841,78.11379778339017
43.11666666666667,2584.013892,147.52759556677864,21.100000000000055,48.31379778338841,78.11379778339017
43.13333333333333,2582.883869,147.52759556677864,21.100000000000055,48.31379778338841,78.11379778339017
43.15,2581.740963,147.52759556677864,21.100000000000055,48.31379778338841,78.11379778339017
43.166666666666664,2580.585173,147.52759556677864,21.100000000000055,48.31379778338841,78.11379778339017
43.18333333333333,2579.416516,147.52759556677864,21.100000000000055,48.31379778338841,78.11379778339017
43.2,2578.235344,147.52759556677864,21.100000000000055,48.31379778338841,78.11379778339017
43.21666666666667,2577.042487,147.52759556677864,21.100000000000055,48.31379778338841,78.11379778339017
43.233333333333334,2575.838317,147.52759556677864,21.100000000000055,48.31379778338841,78.11379778339017
43.25,2574.623466,140.00160018258936,21.100000000000055,40.78780239919914,78.11379778339017
43.266666666666666,2573.399392,137.93130418523916,21.100000000000055,38.71750640184894,78.11379778339017
43.28333333333333,2572.166723,137.92759556677862,21.100000000000055,38.7137977833884,78.11379778339017
43.3,2570.925825,137.92759556677862,21.100000000000055,38.7137977833884,78.11379778339017
43.31666666666667,2569.677509,137.92759556677862,21.100000000000055,38.7137977833884,78.11379778339017
43.333333333333336,2568.422118,137.92759556677862,21.100000000000055,38.7137977833884,78.11379778339017
43.35,2567.159686,137.92759556677862,21.100000000000055,38.7137977833884,78.11379778339017
43.36666666666667,2565.890266,137.92759556677862,21.100000000000055,38.7137977833884,78.11379778339017
43.38333333333333,2564.61388,137.92759556677862,21.100000000000055,38.7137977833884,78.11379778339017
43.4,2563.330522,137.92759556677862,21.100000000000055,38.7137977833884,78.11379778339017
43.416666666666664,2562.040165,137.92759556677862,21.100000000000055,38.7137977833884,78.11379778339017
43.43333333333333,2560.742803,137.92759556677862,21.100000000000055,38.7137977833884,78.11379778339017
43.45,2559.438441,137.92759556677862,21.100000000000055,38.7137977833884,78.11379778339017
43.46666666666667,2558.127083,137.92759556677862,21.100000000000055,38.7137977833884,78.11379778339017
43.483333333333334,2556.808735,137.52171360839256,20.69411804161399,38.7137977833884,78.11379778339017
43.5,2555.483401,134.90866502702562,18.081069460247047,38.7137977833884,78.11379778339017
43.516666666666666,2554.151083,118.76939767156935,11.515953657098516,29.139646231080658,78.11379778339017
43.53333333333333,2552.811785,118.72759556677862,11.500000000000044,29.113797783388403,78.11379778339017
43.55,2551.465509,118.72759556677862,11.500000000000044,29.113797783388403,78.11379778339017
43.56666666666667,2550.11226,118.72759556677862,11.500000000000044,29.113797783388403,78.11379778339017
43.583333333333336,2548.752045,118.72759556677862,11.500000000000044,29.113797783388403,78.11379778339017
43.6,2547.384864,118.72759556677862,11.500000000000044,29.113797783388403,78.11379778339017
43.61666666666667,2546.010721,118.72759556677862,11.500000000000044,29.113797783388403,78.11379778339017
43.63333333333333,2544.62962,107.26042685099992,0.03283128422134927,29.113797783388403,78.11379778339017
43.65,2543.241568,102.70970798037209,0.0,24.59591019698192,78.11379778339017
43.666666666666664,2541.846574,100.63155052962495,0.0,22.51775274623477,78.11379778339017
43.68333333333333,2540.444646,100.62759556677861,0.0,22.51379778338844,78.11379778339017
43.7,2539.035826,110.6623039001112,0.0,32.54850611672103,78.11379778339017
43.71666666666667,2537.620204,112.12759556677865,0.0,34.01379778338848,78.11379778339017
43.733333333333334,2536.197822,112.12759556677865,0.0,34.01379778338848,78.11379778339017
43.75,2534.768753,112.12759556677865,0.0,34.01379778338848,78.11379778339017
43.766666666666666,2533.333157,112.12759556677865,0.0,34.01379778338848,78.11379778339017
43.78333333333333,2531.891105,112.12759556677865,0.0,34.01379778338848,78.11379778339017
43.8,2530.442641,120.57431556677885,0.0,34.01379778338848,86.56051778339037
43.81666666666667,2528.987859,121.72759556677865,0.0,34.01379778338848,87.71379778339016
43.833333333333336,2527.526801,121.72759556677865,0.0,34.01379778338848,87.71379778339016
43.85,2526.059472,121.72759556677865,0.0,34.01379778338848,87.71379778339016
43.86666666666667,2524.585878,121.72759556677865,0.0,34.01379778338848,87.71379778339016
43.88333333333333,2523.106024,121.72759556677865,0.0,34.01379778338848,87.71379778339016
43.9,2521.61992,121.72759556677865,0.0,34.01379778338848,87.71379778339016
43.916666666666664,2520.127579,121.72759556677865,0.0,34.01379778338848,87.71379778339016
43.93333333333333,2518.629018,121.19287869602145,0.0,34.01379778338848,87.17908091263297
43.95,2517.124326,119.78607750363922,0.0,34.01379778338848,85.77227972025074
43.96666666666667,2515.613716,124.46973208893371,0.0,34.01379778338848,90.45593430554523
43.983333333333334,2514.097284,123.63201079541209,0.0,34.01379778338848,89.6182130120236
44.0,2512.575195,123.6275955667787,0.0,34.01379778338848,89.61379778339021
44.016666666666666,2511.04782,123.6275955667787,0.0,34.01379778338848,89.61379778339021
44.03333333333333,2509.515325,123.6275955667787,0.0,34.01379778338848,89.61379778339021
44.05,2507.977806,123.6275955667787,0.0,34.01379778338848,89.61379778339021
44.06666666666667,2506.435471,121.62016289833768,0.0,32.00636511494747,89.61379778339021
44.083333333333336,2504.888412,114.0466913987658,0.0,24.432893615375598,89.61379778339021
44.1,2503.336638,114.0275955667787,0.0,24.41379778338849,89.61379778339021
44.11666666666667,2501.780163,114.0275955667787,0.0,24.41379778338849,89.61379778339021
44.13333333333333,2500.218991,114.0275955667787,0.0,24.41379778338849,89.61379778339021
44.15,2498.653129,114.0275955667787,0.0,24.41379778338849,89.61379778339021
44.166666666666664,2497.08258,114.0275955667787,0.0,24.41379778338849,89.61379778339021
44.18333333333333,2495.507346,114.0275955667787,0.0,24.41379778338849,89.61379778339021
44.2,2493.927475,114.0275955667787,0.0,24.41379778338849,89.61379778339021
44.21666666666667,2492.343075,114.0275955667787,0.0,24.41379778338849,89.61379778339021
44.233333333333334,2490.754193,114.0275955667787,0.0,24.41379778338849,89.61379778339021
44.25,2489.160912,114.0275955667787,0.0,24.41379778338849,89.61379778339021
44.266666666666666,2487.563421,113.48129160087515,0.0,24.41379778338849,89.06749381748666
44.28333333333333,2485.9618,119.16621304512776,0.0,32.8605177833887,86.30569526173906
44.3,2484.356098,120.31379778339026,0.0,34.0137977833885,86.30000000000176
44.31666666666667,2482.746421,120.31379778339026,0.0,34.0137977833885,86.30000000000176
44.333333333333336,2481.132817,120.31379778339026,0.0,34.0137977833885,86.30000000000176
44.35,2479.515292,128.76051778339047,0.0,34.0137977833885,94.74672000000197
44.36666666666667,2477.893857,126.6070532252642,0.0,30.707053225262435,95.90000000000177
44.38333333333333,2476.268515,126.60000000000181,0.0,30.700000000000045,95.90000000000177
44.4,2474.639272,126.60000000000181,0.0,30.700000000000045,95.90000000000177
44.416666666666664,2473.006123,126.60000000000181,0.0,30.700000000000045,95.90000000000177
44.43333333333333,2471.369074,119.25183752828573,0.0,30.700000000000045,88.55183752828569
44.45,2469.728127,115.10882751044578,0.0,30.700000000000045,84.40882751044573
44.46666666666667,2468.083293,115.100000000001,0.0,30.700000000000045,84.40000000000096
44.483333333333334,2466.434578,115.100000000001,0.0,30.700000000000045,84.40000000000096
44.5,2464.781989,115.100000000001,0.0,30.700000000000045,84.40000000000096
44.516666666666666,2463.125544,115.100000000001,0.0,30.700000000000045,84.40000000000096
44.53333333333333,2461.465251,115.100000000001,0.0,30.700000000000045,84.40000000000096
44.55,2459.801112,115.100000000001,0.0,30.700000000000045,84.40000000000096
44.56666666666667,2458.133135,115.100000000001,0.0,30.700000000000045,84.40000000000096
44.583333333333336,2456.461323,115.100000000001,0.0,30.700000000000045,84.40000000000096
44.6,2454.785699,115.100000000001,0.0,30.700000000000045,84.40000000000096
44.61666666666667,2453.106311,115.100000000001,0.0,30.700000000000045,84.40000000000096
44.63333333333333,2451.423181,115.100000000001,0.0,30.700000000000045,84.40000000000096
44.65,2449.736284,115.100000000001,0.0,30.700000000000045,84.40000000000096
44.666666666666664,2448.045553,111.51684521870132,0.0,30.700000000000045,80.81684521870127
44.68333333333333,2446.350951,103.62004920317146,0.0,30.700000000000045,72.92004920317142
44.7,2444.651981,103.6000000000002,0.0,30.700000000000045,72.90000000000015
44.71666666666667,2442.947471,103.6000000000002,0.0,30.700000000000045,72.90000000000015
44.733333333333334,2441.236899,103.6000000000002,0.0,30.700000000000045,72.90000000000015
44.75,2439.519358,103.6000000000002,0.0,30.700000000000045,72.90000000000015
44.766666666666666,2437.792726,103.6000000000002,0.0,30.700000000000045,72.90000000000015
44.78333333333333,2436.056099,103.6000000000002,0.0,30.700000000000045,72.90000000000015
44.8,2434.308949,103.6000000000002,0.0,30.700000000000045,72.90000000000015
44.81666666666667,2432.550087,113.63470833333278,0.0,30.700000000000045,82.93470833333274
44.833333333333336,2430.779015,115.10000000000024,0.0,30.700000000000045,84.40000000000019
44.85,2428.995732,115.10000000000024,0.0,30.700000000000045,84.40000000000019
44.86666666666667,2427.200265,115.10000000000024,0.0,30.700000000000045,84.40000000000019
44.88333333333333,2425.392627,115.10000000000024,0.0,30.700000000000045,84.40000000000019
44.9,2423.572773,115.10000000000024,0.0,30.700000000000045,84.40000000000019
44.916666666666664,2421.740585,115.10000000000024,0.0,30.700000000000045,84.40000000000019
44.93333333333333,2419.895983,115.10000000000024,0.0,30.700000000000045,84.40000000000019
44.95,2418.037841,115.10000000000024,0.0,30.700000000000045,84.40000000000019
44.96666666666667,2416.163465,105.52584844769251,0.0,21.125848447692313,84.40000000000019
44.983333333333334,2414.271664,105.50000000000024,0.0,21.100000000000055,84.40000000000019
45.0,2412.360371,102.03640109968754,0.0,21.100000000000055,80.93640109968749
45.016666666666666,2410.424754,95.91459539267679,0.0,21.100000000000055,74.81459539267674
45.03333333333333,2408.462759,95.90000000000023,0.0,21.100000000000055,74.80000000000018
45.05,2406.4732,95.90000000000023,0.0,21.100000000000055,74.80000000000018
45.06666666666667,2404.453402,105.93470833333282,0.0,31.134708333332647,74.80000000000018
45.083333333333336,2402.40226,95.93283128422158,0.0,21.132831284221403,74.80000000000018
45.1,2400.319716,95.90000000000023,0.0,21.100000000000055,74.80000000000018
45.11666666666667,2398.205677,95.90000000000023,0.0,21.100000000000055,74.80000000000018
45.13333333333333,2396.060125,95.90000000000023,0.0,21.100000000000055,74.80000000000018
45.15,2393.8831,105.93470833333282,0.0,21.100000000000055,84.83470833333277
45.166666666666664,2391.674652,105.76653391749228,0.0,19.466533917492058,86.30000000000022
45.18333333333333,2389.434809,97.33836444807555,0.0,11.520306088864748,85.81805835921081
45.2,2387.163097,104.36173684506282,0.0,11.500000000000044,92.86173684506278
45.21666666666667,2384.858345,104.29265887299664,0.0,11.500000000000044,92.7926588729966
45.233333333333334,2382.52005,103.26375363953318,0.0,11.500000000000044,91.76375363953314
45.25,2380.147336,101.45937614109697,0.0,11.500000000000044,89.95937614109693
45.266666666666666,2377.738095,97.80790909262049,0.0,11.500000000000044,86.30790909262045
45.28333333333333,2375.291454,106.24672000000048,0.0,11.500000000000044,94.74672000000044
45.3,2372.806932,107.40000000000028,0.0,11.500000000000044,95.90000000000023
45.31666666666667,2370.283389,107.40000000000028,0.0,11.500000000000044,95.90000000000023
45.333333333333336,2367.720378,107.40000000000028,0.0,11.500000000000044,95.90000000000023
45.35,2365.117912,107.40000000000028,0.0,11.500000000000044,95.90000000000023
45.36666666666667,2362.475982,107.40000000000028,0.0,11.500000000000044,95.90000000000023
45.38333333333333,2359.794618,106.51458932904958,0.0,11.500000000000044,95.01458932904954
45.4,2357.0739,105.14037653814557,0.0,11.500000000000044,93.64037653814553
45.416666666666664,2354.313935,103.97775264001444,0.0,11.500000000000044,92.4777526400144
45.43333333333333,2351.514803,102.9992607542289,0.0,11.500000000000044,91.49926075422886
45.45,2348.676565,102.17574862814925,0.0,11.500000000000044,90.67574862814921
45.46666666666667,2345.799276,101.50251970216375,0.0,11.500000000000044,90.00251970216371
45.483333333333334,2342.882997,100.94150232813178,0.0,11.500000000000044,89.44150232813173
45.5,2339.92779,98.49651145746182,0.0,11.500000000000044,86.99651145746178
45.516666666666666,2336.933713,97.80119179426985,0.0,11.500000000000044,86.30119179426981
45.53333333333333,2333.900829,97.80000000000027,0.0,11.500000000000044,86.30000000000022
45.55,2330.829204,97.80000000000027,0.0,11.500000000000044,86.30000000000022
45.56666666666667,2327.718907,97.80000000000027,0.0,11.500000000000044,86.30000000000022
45.583333333333336,2324.570007,97.80000000000027,0.0,11.500000000000044,86.30000000000022
45.6,2321.382558,97.80000000000027,0.0,11.500000000000044,86.30000000000022
45.61666666666667,2318.156597,97.80000000000027,0.0,11.500000000000044,86.30000000000022
45.63333333333333,2314.892179,97.80000000000027,0.0,11.500000000000044,86.30000000000022
45.65,2311.589406,97.80000000000027,0.0,11.500000000000044,86.30000000000022
45.666666666666664,2308.248411,97.80000000000027,0.0,11.500000000000044,86.30000000000022
45.68333333333333,2304.869304,97.80000000000027,0.0,11.500000000000044,86.30000000000022
45.7,2301.452583,97.80000000000027,0.0,11.500000000000044,86.30000000000022
45.71666666666667,2297.999311,97.80000000000027,0.0,11.500000000000044,86.30000000000022
45.733333333333334,2294.510011,97.80000000000027,0.0,11.500000000000044,86.30000000000022
45.75,2290.985524,97.80000000000027,0.0,11.500000000000044,86.30000000000022
45.766666666666666,2287.427707,97.80000000000027,0.0,11.500000000000044,86.30000000000022
45.78333333333333,2283.837403,97.80000000000027,0.0,11.500000000000044,86.30000000000022
45.8,2280.215131,97.80000000000027,0.0,11.500000000000044,86.30000000000022
45.81666666666667,2276.56197,97.80000000000027,0.0,11.500000000000044,86.30000000000022
45.833333333333336,2272.878413,97.80000000000027,0.0,11.500000000000044,86.30000000000022
45.85,2269.164538,97.80000000000027,0.0,11.500000000000044,86.30000000000022
45.86666666666667,2265.420402,97.80000000000027,0.0,11.500000000000044,86.30000000000022
45.88333333333333,2261.646072,97.80000000000027,0.0,11.500000000000044,86.30000000000022
45.9,2257.841663,106.24672000000047,0.0,11.500000000000044,94.74672000000042
45.916666666666664,2254.007352,107.40000000000026,0.0,11.500000000000044,95.90000000000022
45.93333333333333,2250.143287,107.40000000000026,0.0,11.500000000000044,95.90000000000022
45.95,2246.250493,107.40000000000026,0.0,11.500000000000044,95.90000000000022
45.96666666666667,2242.331305,107.40000000000026,0.0,11.500000000000044,95.90000000000022
45.983333333333334,2238.386802,107.40000000000026,0.0,11.500000000000044,95.90000000000022
46.0,2234.418792,107.40000000000026,0.0,11.500000000000044,95.90000000000022
46.016666666666666,2230.431402,107.40000000000026,0.0,11.500000000000044,95.90000000000022
46.03333333333333,2226.426424,107.40000000000026,0.0,11.500000000000044,95.90000000000022
46.05,2222.404921,107.40000000000026,0.0,11.500000000000044,95.90000000000022
46.06666666666667,2218.369205,107.40000000000026,0.0,11.500000000000044,95.90000000000022
46.083333333333336,2214.320271,107.40000000000026,0.0,11.500000000000044,95.90000000000022
46.1,2210.258229,107.40000000000026,0.0,11.500000000000044,95.90000000000022
46.11666666666667,2206.183227,107.40000000000026,0.0,11.500000000000044,95.90000000000022
46.13333333333333,2202.095346,107.40000000000026,0.0,11.500000000000044,95.90000000000022
46.15,2197.99462,107.40000000000026,0.0,11.500000000000044,95.90000000000022
46.166666666666664,2193.88107,107.40000000000026,0.0,11.500000000000044,95.90000000000022
46.18333333333333,2189.754744,107.40000000000026,0.0,11.500000000000044,95.90000000000022
46.2,2185.616097,107.40000000000026,0.0,11.500000000000044,95.90000000000022
46.21666666666667,2181.466163,107.40000000000026,0.0,11.500000000000044,95.90000000000022
46.233333333333334,2177.305422,107.40000000000026,0.0,11.500000000000044,95.90000000000022
46.25,2173.134663,107.40000000000026,0.0,11.500000000000044,95.90000000000022
46.266666666666666,2168.955687,107.40000000000026,0.0,11.500000000000044,95.90000000000022
46.28333333333333,2164.769277,107.40000000000026,0.0,11.500000000000044,95.90000000000022
46.3,2160.575893,107.40000000000026,0.0,11.500000000000044,95.90000000000022
46.31666666666667,2156.376539,107.40000000000026,0.0,11.500000000000044,95.90000000000022
46.333333333333336,2152.171643,107.40000000000026,0.0,11.500000000000044,95.90000000000022
46.35,2147.961258,107.40000000000026,0.0,11.500000000000044,95.90000000000022
46.36666666666667,2143.745458,107.40000000000026,0.0,11.500000000000044,95.90000000000022
46.38333333333333,2139.524279,107.40000000000026,0.0,11.500000000000044,95.90000000000022
46.4,2135.297724,107.40000000000026,0.0,11.500000000000044,95.90000000000022
46.416666666666664,2131.065771,107.40000000000026,0.0,11.500000000000044,95.90000000000022
46.43333333333333,2126.828418,107.40000000000026,0.0,11.500000000000044,95.90000000000022
46.45,2122.58568,107.40000000000026,0.0,11.500000000000044,95.90000000000022
46.46666666666667,2118.337563,107.40000000000026,0.0,11.500000000000044,95.90000000000022
46.483333333333334,2114.08408,107.40000000000026,0.0,11.500000000000044,95.90000000000022
46.5,2109.825237,107.40000000000026,0.0,11.500000000000044,95.90000000000022
46.516666666666666,2105.561028,107.40000000000026,0.0,11.500000000000044,95.90000000000022
46.53333333333333,2101.291459,107.40000000000026,0.0,11.500000000000044,95.90000000000022
46.55,2097.016542,107.40000000000026,0.0,11.500000000000044,95.90000000000022
46.56666666666667,2092.736285,107.40000000000026,0.0,11.500000000000044,95.90000000000022
46.583333333333336,2088.450699,107.40000000000026,0.0,11.500000000000044,95.90000000000022
46.6,2084.159785,107.40000000000026,0.0,11.500000000000044,95.90000000000022
46.61666666666667,2079.863529,117.43470833333285,0.0,11.500000000000044,105.93470833333281
46.63333333333333,2075.561929,118.9000000000003,0.0,11.500000000000044,107.40000000000026
46.65,2071.255026,118.9000000000003,0.0,11.500000000000044,107.40000000000026
46.666666666666664,2066.942883,118.9000000000003,0.0,11.500000000000044,107.40000000000026
46.68333333333333,2062.625548,118.9000000000003,0.0,11.500000000000044,107.40000000000026
46.7,2058.303403,118.9000000000003,0.0,11.500000000000044,107.40000000000026
46.71666666666667,2053.977334,114.35837862624638,0.0,11.500000000000044,102.85837862624633
46.733333333333334,2049.64774,109.31148464865215,0.0,11.500000000000044,97.81148464865211
46.75,2045.315308,109.3000000000003,0.0,11.500000000000044,97.80000000000025
46.766666666666666,2040.981617,109.3000000000003,0.0,11.500000000000044,97.80000000000025
46.78333333333333,2036.647348,109.3000000000003,0.0,11.500000000000044,97.80000000000025
46.8,2032.312899,109.3000000000003,0.0,11.500000000000044,97.80000000000025
46.81666666666667,2027.979161,109.3000000000003,0.0,11.500000000000044,97.80000000000025
46.833333333333336,2023.646506,109.3000000000003,0.0,11.500000000000044,97.80000000000025
46.85,2019.314939,109.3000000000003,0.0,11.500000000000044,97.80000000000025
46.86666666666667,2014.984449,109.3000000000003,0.0,11.500000000000044,97.80000000000025
46.88333333333333,2010.655029,109.3000000000003,0.0,11.500000000000044,97.80000000000025
46.9,2006.326717,109.3000000000003,0.0,11.500000000000044,97.80000000000025
46.916666666666664,2001.999612,109.3000000000003,0.0,11.500000000000044,97.80000000000025
46.93333333333333,1997.673779,109.3000000000003,0.0,11.500000000000044,97.80000000000025
46.95,1993.350078,109.3000000000003,0.0,11.500000000000044,97.80000000000025
46.96666666666667,1989.030553,109.3000000000003,0.0,11.500000000000044,97.80000000000025
46.983333333333334,1984.716109,109.3000000000003,0.0,11.500000000000044,97.80000000000025
47.0,1980.40831,109.3000000000003,0.0,11.500000000000044,97.80000000000025
47.016666666666666,1976.110816,108.96583000921308,0.0,11.500000000000044,97.46583000921304
47.03333333333333,1971.825173,107.33907838497808,0.0,11.500000000000044,95.83907838497804
47.05,1967.552263,96.26990284084292,0.0,11.500000000000044,84.76990284084287
47.06666666666667,1963.294104,90.11469732505377,0.0,11.500000000000044,78.61469732505373
47.083333333333336,1959.05151,90.10000000000032,0.0,11.500000000000044,78.60000000000028
47.1,1954.824505,90.10000000000032,0.0,11.500000000000044,78.60000000000028
47.11666666666667,1950.613143,90.10000000000032,0.0,11.500000000000044,78.60000000000028
47.13333333333333,1946.417412,90.10000000000032,0.0,11.500000000000044,78.60000000000028
47.15,1942.237265,90.10000000000032,0.0,11.500000000000044,78.60000000000028
47.166666666666664,1938.072642,90.10000000000032,0.0,11.500000000000044,78.60000000000028
47.18333333333333,1933.923503,90.10000000000032,0.0,11.500000000000044,78.60000000000028
47.2,1929.790179,90.10000000000032,0.0,11.500000000000044,78.60000000000028
47.21666666666667,1925.673526,90.10000000000032,0.0,11.500000000000044,78.60000000000028
47.233333333333334,1921.573895,90.10000000000032,0.0,11.500000000000044,78.60000000000028
47.25,1917.49192,90.10000000000032,0.0,11.500000000000044,78.60000000000028
47.266666666666666,1913.429146,90.10000000000032,0.0,11.500000000000044,78.60000000000028
47.28333333333333,1909.386202,100.13470833333291,0.0,21.534708333332635,78.60000000000028
47.3,1905.363421,110.04672000000056,0.0,23.00000000000009,87.04672000000048
47.31666666666667,1901.361629,111.20000000000034,0.0,23.00000000000009,88.20000000000026
47.333333333333336,1897.381133,111.20000000000034,0.0,23.00000000000009,88.20000000000026
47.35,1893.421901,111.20000000000034,0.0,23.00000000000009,88.20000000000026
47.36666666666667,1889.483919,111.20000000000034,0.0,23.00000000000009,88.20000000000026
47.38333333333333,1885.56714,102.42846017545554,0.0,23.00000000000009,79.42846017545546
47.4,1881.671487,101.60103442062868,0.0,23.00000000000009,78.6010344206286
47.416666666666664,1877.796858,101.60000000000034,0.0,23.00000000000009,78.60000000000025
47.43333333333333,1873.943176,101.60000000000034,0.0,23.00000000000009,78.60000000000025
47.45,1870.110371,101.60000000000034,0.0,23.00000000000009,78.60000000000025
47.46666666666667,1866.298373,101.60000000000034,0.0,23.00000000000009,78.60000000000025
47.483333333333334,1862.507111,101.60000000000034,0.0,23.00000000000009,78.60000000000025
47.5,1858.736515,101.60000000000034,0.0,23.00000000000009,78.60000000000025
47.516666666666666,1854.986501,101.60000000000034,0.0,23.00000000000009,78.60000000000025
47.53333333333333,1851.256996,101.60000000000034,0.0,23.00000000000009,78.60000000000025
47.55,1847.547934,101.60000000000034,0.0,23.00000000000009,78.60000000000025
47.56666666666667,1843.859242,101.60000000000034,0.0,23.00000000000009,78.60000000000025
47.583333333333336,1840.190853,101.60000000000034,0.0,23.00000000000009,78.60000000000025
47.6,1836.542705,101.60000000000034,0.0,23.00000000000009,78.60000000000025
47.61666666666667,1832.91474,101.60000000000034,0.0,23.00000000000009,78.60000000000025
47.63333333333333,1829.306899,101.60000000000034,0.0,23.00000000000009,78.60000000000025
47.65,1825.719118,110.04672000000053,0.0,23.00000000000009,87.04672000000045
47.666666666666664,1822.151335,111.20000000000033,0.0,23.00000000000009,88.20000000000024
47.68333333333333,1818.603487,111.20000000000033,0.0,23.00000000000009,88.20000000000024
47.7,1815.075492,111.20000000000033,0.0,23.00000000000009,88.20000000000024
47.71666666666667,1811.567234,111.20000000000033,0.0,23.00000000000009,88.20000000000024
47.733333333333334,1808.078631,111.20000000000033,0.0,23.00000000000009,88.20000000000024
47.75,1804.60958,111.20000000000033,0.0,23.00000000000009,88.20000000000024
47.766666666666666,1801.159926,111.20000000000033,0.0,23.00000000000009,88.20000000000024
47.78333333333333,1797.729569,111.20000000000033,0.0,23.00000000000009,88.20000000000024
47.8,1794.318427,111.20000000000033,0.0,23.00000000000009,88.20000000000024
47.81666666666667,1790.926389,111.20000000000033,0.0,23.00000000000009,88.20000000000024
47.833333333333336,1787.553376,111.20000000000033,0.0,23.00000000000009,88.20000000000024
47.85,1784.199331,111.20000000000033,0.0,23.00000000000009,88.20000000000024
47.86666666666667,1780.864201,111.20000000000033,0.0,23.00000000000009,88.20000000000024
47.88333333333333,1777.54793,111.20000000000033,0.0,23.00000000000009,88.20000000000024
47.9,1774.250463,111.20000000000033,0.0,23.00000000000009,88.20000000000024
47.916666666666664,1770.971743,111.20000000000033,0.0,23.00000000000009,88.20000000000024
47.93333333333333,1767.711714,111.20000000000033,0.0,23.00000000000009,88.20000000000024
47.95,1764.470284,111.20000000000033,0.0,23.00000000000009,88.20000000000024
47.96666666666667,1761.247313,111.20000000000033,0.0,23.00000000000009,88.20000000000024
47.983333333333334,1758.042707,99.73283128422163,0.0,11.532831284221393,88.20000000000024
48.0,1754.856347,90.7734246926591,0.0,11.500000000000044,79.27342469265906
48.016666666666666,1751.68802,88.2047028399008,0.0,11.500000000000044,76.70470283990076
48.03333333333333,1748.537608,88.20000000000024,0.0,11.500000000000044,76.7000000000002
48.05,1745.405019,88.20000000000024,0.0,11.500000000000044,76.7000000000002
48.06666666666667,1742.290115,88.20000000000024,0.0,11.500000000000044,76.7000000000002
48.083333333333336,1739.192808,88.20000000000024,0.0,11.500000000000044,76.7000000000002
48.1,1736.113046,76.73283128422155,0.0,0.03283128422134927,76.7000000000002
48.11666666666667,1733.050776,76.7000000000002,0.0,0.0,76.7000000000002
48.13333333333333,1730.005946,76.7000000000002,0.0,0.0,76.7000000000002
48.15,1726.978509,76.7000000000002,0.0,0.0,76.7000000000002
48.166666666666664,1723.968417,76.7000000000002,0.0,0.0,76.7000000000002
48.18333333333333,1720.97562,76.7000000000002,0.0,0.0,76.7000000000002
48.2,1718.000055,76.7000000000002,0.0,0.0,76.7000000000002
48.21666666666667,1715.041632,76.7000000000002,0.0,0.0,76.7000000000002
48.233333333333334,1712.100284,76.7000000000002,0.0,0.0,76.7000000000002
48.25,1709.175934,76.7000000000002,0.0,0.0,76.7000000000002
48.266666666666666,1706.26846,76.7000000000002,0.0,0.0,76.7000000000002
48.28333333333333,1703.377786,76.7000000000002,0.0,0.0,76.7000000000002
48.3,1700.503846,76.7000000000002,0.0,0.0,76.7000000000002
48.31666666666667,1697.646554,76.7000000000002,0.0,0.0,76.7000000000002
48.333333333333336,1694.805849,76.7000000000002,0.0,0.0,76.7000000000002
48.35,1691.981685,76.7000000000002,0.0,0.0,76.7000000000002
48.36666666666667,1689.174016,76.7000000000002,0.0,0.0,76.7000000000002
48.38333333333333,1686.382797,76.7000000000002,0.0,0.0,76.7000000000002
48.4,1683.607986,76.7000000000002,0.0,0.0,76.7000000000002
48.416666666666664,1680.849539,76.7000000000002,0.0,0.0,76.7000000000002
48.43333333333333,1678.107416,76.7000000000002,0.0,0.0,76.7000000000002
48.45,1675.381572,76.7000000000002,0.0,0.0,76.7000000000002
48.46666666666667,1672.671964,76.7000000000002,0.0,0.0,76.7000000000002
48.483333333333334,1669.978548,76.7000000000002,0.0,0.0,76.7000000000002
48.5,1667.301282,76.7000000000002,0.0,0.0,76.7000000000002
48.516666666666666,1664.640121,76.7000000000002,0.0,0.0,76.7000000000002
48.53333333333333,1661.995022,76.7000000000002,0.0,0.0,76.7000000000002
48.55,1659.365943,76.7000000000002,0.0,0.0,76.7000000000002
48.56666666666667,1656.752842,76.7000000000002,0.0,0.0,76.7000000000002
48.583333333333336,1654.155678,76.7000000000002,0.0,0.0,76.7000000000002
48.6,1651.57441,76.7000000000002,0.0,0.0,76.7000000000002
48.61666666666667,1649.009004,76.7000000000002,0.0,0.0,76.7000000000002
48.63333333333333,1646.459422,76.7000000000002,0.0,0.0,76.7000000000002
48.65,1643.925621,76.7000000000002,0.0,0.0,76.7000000000002
48.666666666666664,1641.407555,76.7000000000002,0.0,0.0,76.7000000000002
48.68333333333333,1638.905181,76.7000000000002,0.0,0.0,76.7000000000002
48.7,1636.418409,76.7000000000002,0.0,0.0,76.7000000000002
48.71666666666667,1633.94708,76.7000000000002,0.0,0.0,76.7000000000002
48.733333333333334,1631.491104,76.7000000000002,0.0,0.0,76.7000000000002
48.75,1629.050349,76.7000000000002,0.0,0.0,76.7000000000002
48.766666666666666,1626.624563,76.7000000000002,0.0,0.0,76.7000000000002
48.78333333333333,1624.213615,76.7000000000002,0.0,0.0,76.7000000000002
48.8,1621.817416,76.7000000000002,0.0,0.0,76.7000000000002
48.81666666666667,1619.435808,76.7000000000002,0.0,0.0,76.7000000000002
48.833333333333336,1617.068704,76.7000000000002,0.0,0.0,76.7000000000002
48.85,1614.716067,76.7000000000002,0.0,0.0,76.7000000000002
48.86666666666667,1612.377864,76.7000000000002,0.0,0.0,76.7000000000002
48.88333333333333,1610.054062,76.7000000000002,0.0,0.0,76.7000000000002
48.9,1607.74462,74.01437250304657,0.0,0.0,74.01437250304657
48.916666666666664,1605.449491,65.2230623819344,0.0,0.0,65.2230623819344
48.93333333333333,1603.168634,65.20000000000016,0.0,0.0,65.20000000000016
48.95,1600.901899,65.20000000000016,0.0,0.0,65.20000000000016
48.96666666666667,1598.648982,65.20000000000016,0.0,0.0,65.20000000000016
48.983333333333334,1596.409729,65.20000000000016,0.0,0.0,65.20000000000016
49.0,1594.1839,65.20000000000016,0.0,0.0,65.20000000000016
49.016666666666666,1591.970975,65.20000000000016,0.0,0.0,65.20000000000016
49.03333333333333,1589.770716,65.20000000000016,0.0,0.0,65.20000000000016
49.05,1587.582971,65.20000000000016,0.0,0.0,65.20000000000016
49.06666666666667,1585.40744,65.20000000000016,0.0,0.0,65.20000000000016
49.083333333333336,1583.243981,65.20000000000016,0.0,0.0,65.20000000000016
49.1,1581.092557,65.20000000000016,0.0,0.0,65.20000000000016
49.11666666666667,1578.953127,65.20000000000016,0.0,0.0,65.20000000000016
49.13333333333333,1576.825658,65.20000000000016,0.0,0.0,65.20000000000016
49.15,1574.710125,65.20000000000016,0.0,0.0,65.20000000000016
49.166666666666664,1572.6065,65.20000000000016,0.0,0.0,65.20000000000016
49.18333333333333,1570.514758,65.20000000000016,0.0,0.0,65.20000000000016
49.2,1568.434821,65.20000000000016,0.0,0.0,65.20000000000016
49.21666666666667,1566.366545,65.20000000000016,0.0,0.0,65.20000000000016
49.233333333333334,1564.309851,65.20000000000016,0.0,0.0,65.20000000000016
49.25,1562.264624,65.20000000000016,0.0,0.0,65.20000000000016
49.266666666666666,1560.230629,65.20000000000016,0.0,0.0,65.20000000000016
49.28333333333333,1558.20775,65.20000000000016,0.0,0.0,65.20000000000016
49.3,1556.195912,65.20000000000016,0.0,0.0,65.20000000000016
49.31666666666667,1554.194975,65.20000000000016,0.0,0.0,65.20000000000016
49.333333333333336,1552.204866,65.20000000000016,0.0,0.0,65.20000000000016
49.35,1550.225556,65.20000000000016,0.0,0.0,65.20000000000016
49.36666666666667,1548.257017,65.20000000000016,0.0,0.0,65.20000000000016
49.38333333333333,1546.299222,65.20000000000016,0.0,0.0,65.20000000000016
49.4,1544.35215,65.20000000000016,0.0,0.0,65.20000000000016
49.416666666666664,1542.415783,65.20000000000016,0.0,0.0,65.20000000000016
49.43333333333333,1540.4901,57.416975608425105,0.0,0.0,57.416975608425105
49.45,1538.57508,53.707649461587835,0.0,0.0,53.707649461587835
49.46666666666667,1536.670705,53.70000000000012,0.0,0.0,53.70000000000012
49.483333333333334,1534.776955,53.70000000000012,0.0,0.0,53.70000000000012
49.5,1532.893811,53.70000000000012,0.0,0.0,53.70000000000012
49.516666666666666,1531.021258,53.70000000000012,0.0,0.0,53.70000000000012
49.53333333333333,1529.159277,53.70000000000012,0.0,0.0,53.70000000000012
49.55,1527.30785,53.70000000000012,0.0,0.0,53.70000000000012
49.56666666666667,1525.466959,53.70000000000012,0.0,0.0,53.70000000000012
49.583333333333336,1523.636584,53.70000000000012,0.0,0.0,53.70000000000012
49.6,1521.816702,53.70000000000012,0.0,0.0,53.70000000000012
49.61666666666667,1520.007291,53.70000000000012,0.0,0.0,53.70000000000012
49.63333333333333,1518.208328,53.70000000000012,0.0,0.0,53.70000000000012
49.65,1516.419794,53.70000000000012,0.0,0.0,53.70000000000012
49.666666666666664,1514.641671,53.70000000000012,0.0,0.0,53.70000000000012
49.68333333333333,1512.87394,53.70000000000012,0.0,0.0,53.70000000000012
49.7,1511.116606,53.70000000000012,0.0,0.0,53.70000000000012
49.71666666666667,1509.369709,53.70000000000012,0.0,0.0,53.70000000000012
49.733333333333334,1507.633257,53.70000000000012,0.0,0.0,53.70000000000012
49.75,1505.907276,53.70000000000012,0.0,0.0,53.70000000000012
49.766666666666666,1504.191854,53.70000000000012,0.0,0.0,53.70000000000012
49.78333333333333,1502.487019,53.70000000000012,0.0,0.0,53.70000000000012
49.8,1500.792777,53.70000000000012,0.0,0.0,53.70000000000012
49.81666666666667,1499.10917,53.70000000000012,0.0,0.0,53.70000000000012
49.833333333333336,1497.436203,53.70000000000012,0.0,0.0,53.70000000000012
49.85,1495.773857,53.70000000000012,0.0,0.0,53.70000000000012
49.86666666666667,1494.12211,53.70000000000012,0.0,0.0,53.70000000000012
49.88333333333333,1492.480944,53.70000000000012,0.0,0.0,53.70000000000012
49.9,1490.850338,53.70000000000012,0.0,0.0,53.70000000000012
49.916666666666664,1489.230281,53.70000000000012,0.0,0.0,53.70000000000012
49.93333333333333,1487.620756,53.70000000000012,0.0,0.0,53.70000000000012
49.95,1486.021798,53.70000000000012,0.0,0.0,53.70000000000012
49.96666666666667,1484.433516,53.70000000000012,0.0,0.0,53.70000000000012
49.983333333333334,1482.855948,53.70000000000012,0.0,0.0,53.70000000000012
50.0,1481.289171,53.70000000000012,0.0,0.0,53.70000000000012
50.016666666666666,1479.733399,53.70000000000012,0.0,0.0,53.70000000000012
50.03333333333333,1478.188708,53.70000000000012,0.0,0.0,53.70000000000012
50.05,1476.655138,53.70000000000012,0.0,0.0,53.70000000000012
50.06666666666667,1475.132796,53.70000000000012,0.0,0.0,53.70000000000012
50.083333333333336,1473.621716,53.70000000000012,0.0,0.0,53.70000000000012
50.1,1472.121883,53.70000000000012,0.0,0.0,53.70000000000012
50.11666666666667,1470.633283,53.70000000000012,0.0,0.0,53.70000000000012
50.13333333333333,1469.155899,53.45815208603592,0.0,0.0,53.45815208603592
50.15,1467.68971,42.231906193157045,0.0,0.0,42.231906193157045
50.166666666666664,1466.234698,42.200000000000074,0.0,0.0,42.200000000000074
50.18333333333333,1464.790842,42.200000000000074,0.0,0.0,42.200000000000074
50.2,1463.358147,42.200000000000074,0.0,0.0,42.200000000000074
50.21666666666667,1461.936652,42.200000000000074,0.0,0.0,42.200000000000074
50.233333333333334,1460.526364,42.200000000000074,0.0,0.0,42.200000000000074
50.25,1459.127305,42.200000000000074,0.0,0.0,42.200000000000074
50.266666666666666,1457.73956,42.200000000000074,0.0,0.0,42.200000000000074
50.28333333333333,1456.363152,42.200000000000074,0.0,0.0,42.200000000000074
50.3,1454.998087,42.200000000000074,0.0,0.0,42.200000000000074
50.31666666666667,1453.644403,42.200000000000074,0.0,0.0,42.200000000000074
50.333333333333336,1452.302106,42.200000000000074,0.0,0.0,42.200000000000074
50.35,1450.971178,42.200000000000074,0.0,0.0,42.200000000000074
50.36666666666667,1449.651604,42.200000000000074,0.0,0.0,42.200000000000074
50.38333333333333,1448.343369,42.200000000000074,0.0,0.0,42.200000000000074
50.4,1447.046451,42.200000000000074,0.0,0.0,42.200000000000074
50.416666666666664,1445.760832,42.200000000000074,0.0,0.0,42.200000000000074
50.43333333333333,1444.486493,42.200000000000074,0.0,0.0,42.200000000000074
50.45,1443.223414,42.200000000000074,0.0,0.0,42.200000000000074
50.46666666666667,1441.971575,42.200000000000074,0.0,0.0,42.200000000000074
50.483333333333334,1440.730956,40.48376426625469,0.0,0.0,40.48376426625469
50.5,1439.501539,32.62003632418459,0.0,0.0,32.62003632418459
50.516666666666666,1438.2833,32.60000000000008,0.0,0.0,32.60000000000008
50.53333333333333,1437.076219,32.60000000000008,0.0,0.0,32.60000000000008
50.55,1435.88028,32.60000000000008,0.0,0.0,32.60000000000008
50.56666666666667,1434.69546,32.60000000000008,0.0,0.0,32.60000000000008
50.583333333333336,1433.521741,32.60000000000008,0.0,0.0,32.60000000000008
50.6,1432.359111,32.60000000000008,0.0,0.0,32.60000000000008
50.61666666666667,1431.207558,32.60000000000008,0.0,0.0,32.60000000000008
50.63333333333333,1430.067067,32.60000000000008,0.0,0.0,32.60000000000008
50.65,1428.937619,32.60000000000008,0.0,0.0,32.60000000000008
50.666666666666664,1427.819192,32.60000000000008,0.0,0.0,32.60000000000008
50.68333333333333,1426.711765,32.60000000000008,0.0,0.0,32.60000000000008
50.7,1425.615267,32.60000000000008,0.0,0.0,32.60000000000008
50.71666666666667,1424.529551,32.60000000000008,0.0,0.0,32.60000000000008
50.733333333333334,1423.454543,32.60000000000008,0.0,0.0,32.60000000000008
50.75,1422.390126,32.60000000000008,0.0,0.0,32.60000000000008
50.766666666666666,1421.336047,32.60000000000008,0.0,0.0,32.60000000000008
50.78333333333333,1420.292192,32.60000000000008,0.0,0.0,32.60000000000008
50.8,1419.258484,32.60000000000008,0.0,0.0,32.60000000000008
50.81666666666667,1418.234778,32.60000000000008,0.0,0.0,32.60000000000008
50.833333333333336,1417.221003,32.60000000000008,0.0,0.0,32.60000000000008
50.85,1416.217144,32.60000000000008,0.0,0.0,32.60000000000008
50.86666666666667,1415.22319,32.60000000000008,0.0,0.0,32.60000000000008
50.88333333333333,1414.239129,32.60000000000008,0.0,0.0,32.60000000000008
50.9,1413.264942,32.60000000000008,0.0,0.0,32.60000000000008
50.916666666666664,1412.300603,32.60000000000008,0.0,0.0,32.60000000000008
50.93333333333333,1411.34609,32.60000000000008,0.0,0.0,32.60000000000008
50.95,1410.401267,32.60000000000008,0.0,0.0,32.60000000000008
50.96666666666667,1409.46583,32.60000000000008,0.0,0.0,32.60000000000008
50.983333333333334,1408.539639,32.60000000000008,0.0,0.0,32.60000000000008
51.0,1407.622454,32.60000000000008,0.0,0.0,32.60000000000008
51.016666666666666,1406.713743,32.60000000000008,0.0,0.0,32.60000000000008
51.03333333333333,1405.81327,32.60000000000008,0.0,0.0,32.60000000000008
51.05,1404.920893,32.60000000000008,0.0,0.0,32.60000000000008
51.06666666666667,1404.036313,32.60000000000008,0.0,0.0,32.60000000000008
51.083333333333336,1403.159395,32.60000000000008,0.0,0.0,32.60000000000008
51.1,1402.290123,32.60000000000008,0.0,0.0,32.60000000000008
51.11666666666667,1401.428472,32.60000000000008,0.0,0.0,32.60000000000008
51.13333333333333,1400.574429,32.60000000000008,0.0,0.0,32.60000000000008
51.15,1399.727985,32.60000000000008,0.0,0.0,32.60000000000008
51.166666666666664,1398.889134,32.60000000000008,0.0,0.0,32.60000000000008
51.18333333333333,1398.057865,32.60000000000008,0.0,0.0,32.60000000000008
51.2,1397.234115,32.60000000000008,0.0,0.0,32.60000000000008
51.21666666666667,1396.417747,32.60000000000008,0.0,0.0,32.60000000000008
51.233333333333334,1395.608694,32.60000000000008,0.0,0.0,32.60000000000008
51.25,1394.806849,32.60000000000008,0.0,0.0,32.60000000000008
51.266666666666666,1394.011973,32.60000000000008,0.0,0.0,32.60000000000008
51.28333333333333,1393.223959,32.60000000000008,0.0,0.0,32.60000000000008
51.3,1392.442744,32.60000000000008,0.0,0.0,32.60000000000008
51.31666666666667,1391.668192,25.596606935095785,0.0,0.0,25.596606935095785
51.333333333333336,1390.900241,21.109768506871987,0.0,0.0,21.109768506871987
51.35,1390.138881,21.100000000000037,0.0,0.0,21.100000000000037
51.36666666666667,1389.384097,21.100000000000037,0.0,0.0,21.100000000000037
51.38333333333333,1388.635879,21.100000000000037,0.0,0.0,21.100000000000037
51.4,1387.894224,21.100000000000037,0.0,0.0,21.100000000000037
51.416666666666664,1387.159129,21.100000000000037,0.0,0.0,21.100000000000037
51.43333333333333,1386.430591,21.100000000000037,0.0,0.0,21.100000000000037
51.45,1385.708606,21.100000000000037,0.0,0.0,21.100000000000037
51.46666666666667,1384.993172,21.100000000000037,0.0,0.0,21.100000000000037
51.483333333333334,1384.284285,21.100000000000037,0.0,0.0,21.100000000000037
51.5,1383.581943,21.100000000000037,0.0,0.0,21.100000000000037
51.516666666666666,1382.886148,21.100000000000037,0.0,0.0,21.100000000000037
51.53333333333333,1382.196899,13.83823758501046,0.0,0.0,13.83823758501046
51.55,1381.514192,11.50433114736841,0.0,0.0,11.50433114736841
51.56666666666667,1380.838027,11.500000000000044,0.0,0.0,11.500000000000044
51.583333333333336,1380.168402,11.500000000000044,0.0,0.0,11.500000000000044
51.6,1379.505304,11.500000000000044,0.0,0.0,11.500000000000044
51.61666666666667,1378.84872,11.500000000000044,0.0,0.0,11.500000000000044
51.63333333333333,1378.198638,11.500000000000044,0.0,0.0,11.500000000000044
51.65,1377.555061,11.500000000000044,0.0,0.0,11.500000000000044
51.666666666666664,1376.917998,11.500000000000044,0.0,0.0,11.500000000000044
51.68333333333333,1376.287454,11.500000000000044,0.0,0.0,11.500000000000044
51.7,1375.663543,11.500000000000044,0.0,0.0,11.500000000000044
51.71666666666667,1375.046539,11.500000000000044,0.0,0.0,11.500000000000044
51.733333333333334,1374.436564,11.500000000000044,0.0,0.0,11.500000000000044
51.75,1373.83383,11.500000000000044,0.0,0.0,11.500000000000044
51.766666666666666,1373.238838,11.500000000000044,0.0,0.0,11.500000000000044
51.78333333333333,1372.6518,11.500000000000044,0.0,0.0,11.500000000000044
51.8,1372.072837,11.500000000000044,0.0,0.0,11.500000000000044
51.81666666666667,1371.50223,11.500000000000044,0.0,0.0,11.500000000000044
51.833333333333336,1370.940093,11.500000000000044,0.0,0.0,11.500000000000044
51.85,1370.386424,11.500000000000044,0.0,0.0,11.500000000000044
51.86666666666667,1369.841214,11.500000000000044,0.0,0.0,11.500000000000044
51.88333333333333,1369.304455,11.500000000000044,0.0,0.0,11.500000000000044
51.9,1368.776155,11.500000000000044,0.0,0.0,11.500000000000044
51.916666666666664,1368.256339,11.500000000000044,0.0,0.0,11.500000000000044
51.93333333333333,1367.745021,11.500000000000044,0.0,0.0,11.500000000000044
51.95,1367.242459,11.500000000000044,0.0,0.0,11.500000000000044
51.96666666666667,1366.749274,11.500000000000044,0.0,0.0,11.500000000000044
51.983333333333334,1366.265738,11.500000000000044,0.0,0.0,11.500000000000044
52.0,1365.792328,11.500000000000044,0.0,0.0,11.500000000000044
52.016666666666666,1365.33016,11.500000000000044,0.0,0.0,11.500000000000044
52.03333333333333,1364.879708,11.500000000000044,0.0,0.0,11.500000000000044
52.05,1364.441245,11.500000000000044,0.0,0.0,11.500000000000044
52.06666666666667,1364.01539,11.500000000000044,0.0,0.0,11.500000000000044
52.083333333333336,1363.602399,11.500000000000044,0.0,0.0,11.500000000000044
52.1,1363.202287,11.500000000000044,0.0,0.0,11.500000000000044
52.11666666666667,1362.815076,11.500000000000044,0.0,0.0,11.500000000000044
52.13333333333333,1362.440771,11.500000000000044,0.0,0.0,11.500000000000044
52.15,1362.079366,11.500000000000044,0.0,0.0,11.500000000000044
52.166666666666664,1361.730852,11.500000000000044,0.0,0.0,11.500000000000044
52.18333333333333,1361.395225,11.500000000000044,0.0,0.0,11.500000000000044
52.2,1361.072599,11.500000000000044,0.0,0.0,11.500000000000044
52.21666666666667,1360.763253,11.500000000000044,0.0,0.0,11.500000000000044
52.233333333333334,1360.467306,11.500000000000044,0.0,0.0,11.500000000000044
52.25,1360.18497,11.500000000000044,0.0,0.0,11.500000000000044
52.266666666666666,1359.916743,11.500000000000044,0.0,0.0,11.500000000000044
52.28333333333333,1359.662835,11.500000000000044,0.0,0.0,11.500000000000044
52.3,1359.423366,11.500000000000044,0.0,0.0,11.500000000000044
52.31666666666667,1359.198612,11.500000000000044,0.0,0.0,11.500000000000044
52.333333333333336,1358.988685,11.500000000000044,0.0,0.0,11.500000000000044
52.35,1358.793591,11.500000000000044,0.0,0.0,11.500000000000044
52.36666666666667,1358.613344,11.500000000000044,0.0,0.0,11.500000000000044
52.38333333333333,1358.447946,11.500000000000044,0.0,0.0,11.500000000000044
52.4,1358.297389,11.500000000000044,0.0,0.0,11.500000000000044
52.416666666666664,1358.161659,11.500000000000044,0.0,0.0,11.500000000000044
52.43333333333333,1358.04075,11.500000000000044,0.0,0.0,11.500000000000044
52.45,1357.934656,11.500000000000044,0.0,0.0,11.500000000000044
52.46666666666667,1357.843372,11.500000000000044,0.0,0.0,11.500000000000044
52.483333333333334,1357.766895,11.500000000000044,0.0,0.0,11.500000000000044
52.5,1357.705219,11.500000000000044,0.0,0.0,11.500000000000044
52.516666666666666,1357.658337,11.500000000000044,0.0,0.0,11.500000000000044
52.53333333333333,1357.626244,11.500000000000044,0.0,0.0,11.500000000000044
52.55,1357.608937,11.500000000000044,0.0,0.0,11.500000000000044
52.56666666666667,1357.606409,11.500000000000044,0.0,0.0,11.500000000000044
52.583333333333336,1357.618657,11.500000000000044,0.0,0.0,11.500000000000044
52.6,1357.645692,11.500000000000044,0.0,0.0,11.500000000000044
52.61666666666667,1357.68754,11.500000000000044,0.0,0.0,11.500000000000044
52.63333333333333,1357.744213,11.500000000000044,0.0,0.0,11.500000000000044
52.65,1357.815694,11.500000000000044,0.0,0.0,11.500000000000044
52.666666666666664,1357.901947,11.500000000000044,0.0,0.0,11.500000000000044
52.68333333333333,1358.002947,11.500000000000044,0.0,0.0,11.500000000000044
52.7,1358.118407,11.500000000000044,0.0,0.0,11.500000000000044
52.71666666666667,1358.247646,11.500000000000044,0.0,0.0,11.500000000000044
52.733333333333334,1358.39036,11.500000000000044,0.0,0.0,11.500000000000044
52.75,1358.546022,11.500000000000044,0.0,0.0,11.500000000000044
52.766666666666666,1358.713399,11.500000000000044,0.0,0.0,11.500000000000044
52.78333333333333,1358.891965,11.500000000000044,0.0,0.0,11.500000000000044
52.8,1359.08141,11.500000000000044,0.0,0.0,11.500000000000044
52.81666666666667,1359.281041,11.500000000000044,0.0,0.0,11.500000000000044
52.833333333333336,1359.490565,11.500000000000044,0.0,0.0,11.500000000000044
52.85,1359.709979,11.500000000000044,0.0,0.0,11.500000000000044
52.86666666666667,1359.939291,3.105368664781548,0.0,0.0,3.105368664781548
52.88333333333333,1360.178505,0.006041496910358315,0.0,0.0,0.006041496910358315
52.9,1360.427592,0.0,0.0,0.0,0.0
52.916666666666664,1360.686481,0.0,0.0,0.0,0.0
52.93333333333333,1360.955122,0.0,0.0,0.0,0.0
52.95,1361.23287,0.0,0.0,0.0,0.0
52.96666666666667,1361.518183,0.0,0.0,0.0,0.0
52.983333333333334,1361.810377,0.0,0.0,0.0,0.0
53.0,1362.108265,0.0,0.0,0.0,0.0
53.016666666666666,1362.409086,0.0,0.0,0.0,0.0
53.03333333333333,1362.711652,0.0,0.0,0.0,0.0
53.05,1363.015275,0.0,0.0,0.0,0.0
53.06666666666667,1363.318414,0.0,0.0,0.0,0.0
53.083333333333336,1363.620419,0.0,0.0,0.0,0.0
53.1,1363.921237,0.0,0.0,0.0,0.0
53.11666666666667,1364.220794,0.0,0.0,0.0,0.0
53.13333333333333,1364.519058,0.0,0.0,0.0,0.0
53.15,1364.816029,0.0,0.0,0.0,0.0
53.166666666666664,1365.111714,0.0,0.0,0.0,0.0
53.18333333333333,1365.406107,0.0,0.0,0.0,0.0
53.2,1365.698913,0.0,0.0,0.0,0.0
53.21666666666667,1365.989442,0.0,0.0,0.0,0.0
53.233333333333334,1366.277381,0.0,0.0,0.0,0.0
53.25,1366.562205,0.0,0.0,0.0,0.0
53.266666666666666,1366.842684,8.4467200000002,8.4467200000002,0.0,0.0
53.28333333333333,1367.118292,9.599999999999994,9.599999999999994,0.0,0.0
53.3,1367.388722,9.599999999999994,9.599999999999994,0.0,0.0
53.31666666666667,1367.653293,9.599999999999994,9.599999999999994,0.0,0.0
53.333333333333336,1367.911714,9.599999999999994,9.599999999999994,0.0,0.0
53.35,1368.16396,9.599999999999994,9.599999999999994,0.0,0.0
53.36666666666667,1368.409987,9.599999999999994,9.599999999999994,0.0,0.0
53.38333333333333,1368.649777,9.599999999999994,9.599999999999994,0.0,0.0
53.4,1368.883338,9.599999999999994,9.599999999999994,0.0,0.0
53.416666666666664,1369.110696,9.599999999999994,9.599999999999994,0.0,0.0
53.43333333333333,1369.331858,9.599999999999994,9.599999999999994,0.0,0.0
53.45,1369.546824,9.599999999999994,9.599999999999994,0.0,0.0
53.46666666666667,1369.755594,9.599999999999994,9.599999999999994,0.0,0.0
53.483333333333334,1369.958168,9.599999999999994,9.599999999999994,0.0,0.0
53.5,1370.154546,9.599999999999994,9.599999999999994,0.0,0.0
53.516666666666666,1370.344733,9.599999999999994,9.599999999999994,0.0,0.0
53.53333333333333,1370.52873,9.599999999999994,9.599999999999994,0.0,0.0
53.55,1370.70654,9.599999999999994,9.599999999999994,0.0,0.0
53.56666666666667,1370.878165,9.599999999999994,9.599999999999994,0.0,0.0
53.583333333333336,1371.043608,9.599999999999994,9.599999999999994,0.0,0.0
53.6,1371.202854,9.599999999999994,9.599999999999994,0.0,0.0
53.61666666666667,1371.355863,9.599999999999994,9.599999999999994,0.0,0.0
53.63333333333333,1371.502622,9.599999999999994,9.599999999999994,0.0,0.0
53.65,1371.643151,9.599999999999994,9.599999999999994,0.0,0.0
53.666666666666664,1371.777504,9.599999999999994,9.599999999999994,0.0,0.0
53.68333333333333,1371.905717,9.599999999999994,9.599999999999994,0.0,0.0
53.7,1372.028188,9.599999999999994,9.599999999999994,0.0,0.0
53.71666666666667,1372.145866,9.599999999999994,9.599999999999994,0.0,0.0
53.733333333333334,1372.259176,9.599999999999994,9.599999999999994,0.0,0.0
53.75,1372.368853,18.046720000000192,9.599999999999994,0.0,8.4467200000002
53.766666666666666,1372.47661,19.19999999999999,9.599999999999994,0.0,9.599999999999994
53.78333333333333,1372.583182,27.6467200000002,9.599999999999994,8.44672000000021,9.599999999999994
53.8,1372.689002,28.799999999999997,9.599999999999994,9.60000000000001,9.599999999999994
53.81666666666667,1372.795037,28.799999999999997,9.599999999999994,9.60000000000001,9.599999999999994
53.833333333333336,1372.901695,28.799999999999997,9.599999999999994,9.60000000000001,9.599999999999994
53.85,1373.008987,28.799999999999997,9.599999999999994,9.60000000000001,9.599999999999994
53.86666666666667,1373.116903,28.799999999999997,9.599999999999994,9.60000000000001,9.599999999999994
53.88333333333333,1373.225443,28.799999999999997,9.599999999999994,9.60000000000001,9.599999999999994
53.9,1373.334649,28.799999999999997,9.599999999999994,9.60000000000001,9.599999999999994
53.916666666666664,1373.444628,28.799999999999997,9.599999999999994,9.60000000000001,9.599999999999994
53.93333333333333,1373.555452,28.799999999999997,9.599999999999994,9.60000000000001,9.599999999999994
53.95,1373.668026,28.799999999999997,9.599999999999994,9.60000000000001,9.599999999999994
53.96666666666667,1373.784503,28.799999999999997,9.599999999999994,9.60000000000001,9.599999999999994
53.983333333333334,1373.905845,28.799999999999997,9.599999999999994,9.60000000000001,9.599999999999994
54.0,1374.033706,28.799999999999997,9.599999999999994,9.60000000000001,9.599999999999994
54.016666666666666,1374.171946,28.799999999999997,9.599999999999994,9.60000000000001,9.599999999999994
54.03333333333333,1374.322219,28.799999999999997,9.599999999999994,9.60000000000001,9.599999999999994
54.05,1374.485493,28.799999999999997,9.599999999999994,9.60000000000001,9.599999999999994
54.06666666666667,1374.663918,28.799999999999997,9.599999999999994,9.60000000000001,9.599999999999994
54.083333333333336,1374.858405,28.799999999999997,9.599999999999994,9.60000000000001,9.599999999999994
54.1,1375.069031,28.799999999999997,9.599999999999994,9.60000000000001,9.599999999999994
54.11666666666667,1375.295905,28.799999999999997,9.599999999999994,9.60000000000001,9.599999999999994
54.13333333333333,1375.539076,28.799999999999997,9.599999999999994,9.60000000000001,9.599999999999994
54.15,1375.798546,28.799999999999997,9.599999999999994,9.60000000000001,9.599999999999994
54.166666666666664,1376.074314,28.799999999999997,9.599999999999994,9.60000000000001,9.599999999999994
54.18333333333333,1376.366394,28.799999999999997,9.599999999999994,9.60000000000001,9.599999999999994
54.2,1376.675203,28.799999999999997,9.599999999999994,9.60000000000001,9.599999999999994
54.21666666666667,1377.001719,28.799999999999997,9.599999999999994,9.60000000000001,9.599999999999994
54.233333333333334,1377.346381,28.799999999999997,9.599999999999994,9.60000000000001,9.599999999999994
54.25,1377.709938,28.799999999999997,9.599999999999994,9.60000000000001,9.599999999999994
54.266666666666666,1378.094117,28.799999999999997,9.599999999999994,9.60000000000001,9.599999999999994
54.28333333333333,1378.499666,38.83470833333326,9.599999999999994,9.60000000000001,19.634708333333254
54.3,1378.927024,40.30000000000081,9.599999999999994,9.60000000000001,21.100000000000804
54.31666666666667,1379.377156,40.30000000000081,9.599999999999994,9.60000000000001,21.100000000000804
54.333333333333336,1379.850477,40.30000000000081,9.599999999999994,9.60000000000001,21.100000000000804
54.35,1380.347039,40.30000000000081,9.599999999999994,9.60000000000001,21.100000000000804
54.36666666666667,1380.866911,40.30000000000081,9.599999999999994,9.60000000000001,21.100000000000804
54.38333333333333,1381.410135,40.30000000000081,9.599999999999994,9.60000000000001,21.100000000000804
54.4,1381.97671,40.30000000000081,9.599999999999994,9.60000000000001,21.100000000000804
54.416666666666664,1382.566618,43.311583335166134,9.599999999999994,12.611583335165337,21.100000000000804
54.43333333333333,1383.179865,43.61379778338926,9.599999999999994,12.913797783388462,21.100000000000804
54.45,1383.816468,43.61379778338926,9.599999999999994,12.913797783388462,21.100000000000804
54.46666666666667,1384.476451,52.06051778338947,9.599999999999994,12.913797783388462,29.546720000001017
54.483333333333334,1385.159835,53.21379778338927,9.599999999999994,12.913797783388462,30.700000000000813
54.5,1385.866642,53.21379778338927,9.599999999999994,12.913797783388462,30.700000000000813
54.516666666666666,1386.596893,53.21379778338927,9.599999999999994,12.913797783388462,30.700000000000813
54.53333333333333,1387.350612,53.21379778338927,9.599999999999994,12.913797783388462,30.700000000000813
54.55,1388.12782,53.21379778338927,9.599999999999994,12.913797783388462,30.700000000000813
54.56666666666667,1388.928538,53.21379778338927,9.599999999999994,12.913797783388462,30.700000000000813
54.583333333333336,1389.752792,53.21379778338927,9.599999999999994,12.913797783388462,30.700000000000813
54.6,1390.60062,53.21379778338927,9.599999999999994,12.913797783388462,30.700000000000813
54.61666666666667,1391.472089,53.21379778338927,9.599999999999994,12.913797783388462,30.700000000000813
54.63333333333333,1392.36724,53.21379778338927,9.599999999999994,12.913797783388462,30.700000000000813
54.65,1393.286077,53.21379778338927,9.599999999999994,12.913797783388462,30.700000000000813
54.666666666666664,1394.228571,53.21379778338927,9.599999999999994,12.913797783388462,30.700000000000813
54.68333333333333,1395.194713,53.21379778338927,9.599999999999994,12.913797783388462,30.700000000000813
54.7,1396.184114,53.21379778338927,9.599999999999994,12.913797783388462,30.700000000000813
54.71666666666667,1397.195808,53.21379778338927,9.599999999999994,12.913797783388462,30.700000000000813
54.733333333333334,1398.229378,53.21379778338927,9.599999999999994,12.913797783388462,30.700000000000813
54.75,1399.284084,43.639646231081514,9.599999999999994,3.339646231080708,30.700000000000813
54.766666666666666,1400.358159,43.61379778338926,9.599999999999994,3.3137977833884515,30.700000000000813
54.78333333333333,1401.450857,43.61379778338926,9.599999999999994,3.3137977833884515,30.700000000000813
54.8,1402.561753,43.61379778338926,9.599999999999994,3.3137977833884515,30.700000000000813
54.81666666666667,1403.68986,43.61379778338926,9.599999999999994,3.3137977833884515,30.700000000000813
54.833333333333336,1404.834775,43.61379778338926,9.599999999999994,3.3137977833884515,30.700000000000813
54.85,1405.996512,43.61379778338926,9.599999999999994,3.3137977833884515,30.700000000000813
54.86666666666667,1407.175105,43.61379778338926,9.599999999999994,3.3137977833884515,30.700000000000813
54.88333333333333,1408.370582,43.61379778338926,9.599999999999994,3.3137977833884515,30.700000000000813
54.9,1409.582923,43.61379778338926,9.599999999999994,3.3137977833884515,30.700000000000813
54.916666666666664,1410.812044,43.61379778338926,9.599999999999994,3.3137977833884515,30.700000000000813
54.93333333333333,1412.057894,43.61379778338926,9.599999999999994,3.3137977833884515,30.700000000000813
54.95,1413.319552,40.307053225263196,9.599999999999994,0.007053225262389258,30.700000000000813
54.96666666666667,1414.594795,31.83168918380415,1.1316891838033383,0.0,30.700000000000813
54.983333333333334,1415.882637,30.701643922683914,0.0016439226831024877,0.0,30.700000000000813
55.0,1417.181367,30.700000000000813,0.0,0.0,30.700000000000813
55.016666666666666,1418.486971,30.700000000000813,0.0,0.0,30.700000000000813
55.03333333333333,1419.797731,30.700000000000813,0.0,0.0,30.700000000000813
55.05,1421.112648,30.700000000000813,0.0,0.0,30.700000000000813
55.06666666666667,1422.429483,30.700000000000813,0.0,0.0,30.700000000000813
55.083333333333336,1423.747291,30.700000000000813,0.0,0.0,30.700000000000813
55.1,1425.065998,30.700000000000813,0.0,0.0,30.700000000000813
55.11666666666667,1426.385497,30.700000000000813,0.0,0.0,30.700000000000813
55.13333333333333,1427.705743,30.700000000000813,0.0,0.0,30.700000000000813
55.15,1429.02674,30.700000000000813,0.0,0.0,30.700000000000813
55.166666666666664,1430.348498,30.700000000000813,0.0,0.0,30.700000000000813
55.18333333333333,1431.671008,30.700000000000813,0.0,0.0,30.700000000000813
55.2,1432.993849,30.700000000000813,0.0,0.0,30.700000000000813
55.21666666666667,1434.316017,40.73470833333407,0.0,10.03470833333326,30.700000000000813
55.233333333333334,1435.637062,42.20000000000162,0.0,11.50000000000081,30.700000000000813
55.25,1436.956219,42.20000000000162,0.0,11.50000000000081,30.700000000000813
55.266666666666666,1438.271708,42.20000000000162,0.0,11.50000000000081,30.700000000000813
55.28333333333333,1439.58276,42.20000000000162,0.0,11.50000000000081,30.700000000000813
55.3,1440.888928,42.20000000000162,0.0,11.50000000000081,30.700000000000813
55.31666666666667,1442.189218,42.20000000000162,0.0,11.50000000000081,30.700000000000813
55.333333333333336,1443.483208,42.20000000000162,0.0,11.50000000000081,30.700000000000813
55.35,1444.770849,42.20000000000162,0.0,11.50000000000081,30.700000000000813
55.36666666666667,1446.052074,42.20000000000162,0.0,11.50000000000081,30.700000000000813
55.38333333333333,1447.32685,42.20000000000162,0.0,11.50000000000081,30.700000000000813
55.4,1448.595182,42.20000000000162,0.0,11.50000000000081,30.700000000000813
55.416666666666664,1449.857097,42.20000000000162,0.0,11.50000000000081,30.700000000000813
55.43333333333333,1451.112599,42.20000000000162,0.0,11.50000000000081,30.700000000000813
55.45,1452.361678,42.20000000000162,0.0,11.50000000000081,30.700000000000813
55.46666666666667,1453.60432,52.23470833333432,0.0,11.50000000000081,40.73470833333351
55.483333333333334,1454.840514,53.700000000001786,0.0,11.50000000000081,42.200000000000976
55.5,1456.070248,53.700000000001786,0.0,11.50000000000081,42.200000000000976
55.516666666666666,1457.293513,53.700000000001786,0.0,11.50000000000081,42.200000000000976
55.53333333333333,1458.510298,53.700000000001786,0.0,11.50000000000081,42.200000000000976
55.55,1459.720593,53.700000000001786,0.0,11.50000000000081,42.200000000000976
55.56666666666667,1460.924389,53.700000000001786,0.0,11.50000000000081,42.200000000000976
55.583333333333336,1462.121676,53.700000000001786,0.0,11.50000000000081,42.200000000000976
55.6,1463.312437,53.700000000001786,0.0,11.50000000000081,42.200000000000976
55.61666666666667,1464.49665,53.700000000001786,0.0,11.50000000000081,42.200000000000976
55.63333333333333,1465.674297,53.700000000001786,0.0,11.50000000000081,42.200000000000976
55.65,1466.84538,53.700000000001786,0.0,11.50000000000081,42.200000000000976
55.666666666666664,1468.009911,53.700000000001786,0.0,11.50000000000081,42.200000000000976
55.68333333333333,1469.167896,53.700000000001786,0.0,11.50000000000081,42.200000000000976
55.7,1470.319489,53.700000000001786,0.0,11.50000000000081,42.200000000000976
55.71666666666667,1471.465064,53.700000000001786,0.0,11.50000000000081,42.200000000000976
55.733333333333334,1472.604786,53.700000000001786,0.0,11.50000000000081,42.200000000000976
55.75,1473.738943,53.700000000001786,0.0,11.50000000000081,42.200000000000976
55.766666666666666,1474.868222,56.71158333516711,3.0115833351653265,11.50000000000081,42.200000000000976
55.78333333333333,1475.992911,57.01379778339024,3.3137977833884515,11.50000000000081,42.200000000000976
55.8,1477.113181,57.01379778339024,3.3137977833884515,11.50000000000081,42.200000000000976
55.81666666666667,1478.229414,57.01379778339024,3.3137977833884515,11.50000000000081,42.200000000000976
55.833333333333336,1479.341771,57.01379778339024,3.3137977833884515,11.50000000000081,42.200000000000976
55.85,1480.450251,57.01379778339024,3.3137977833884515,11.50000000000081,42.200000000000976
55.86666666666667,1481.554843,57.01379778339024,3.3137977833884515,11.50000000000081,42.200000000000976
55.88333333333333,1482.655542,57.01379778339024,3.3137977833884515,11.50000000000081,42.200000000000976
55.9,1483.752361,57.01379778339024,3.3137977833884515,11.50000000000081,42.200000000000976
55.916666666666664,1484.845336,57.01379778339024,3.3137977833884515,11.50000000000081,42.200000000000976
55.93333333333333,1485.934492,57.01379778339024,3.3137977833884515,11.50000000000081,42.200000000000976
55.95,1487.020185,57.01379778339024,3.3137977833884515,11.50000000000081,42.200000000000976
55.96666666666667,1488.103275,57.01379778339024,3.3137977833884515,11.50000000000081,42.200000000000976
55.983333333333334,1489.184143,57.01379778339024,3.3137977833884515,11.50000000000081,42.200000000000976
56.0,1490.263452,57.01379778339024,3.3137977833884515,11.50000000000081,42.200000000000976
56.016666666666666,1491.342744,57.01379778339024,3.3137977833884515,11.50000000000081,42.200000000000976
56.03333333333333,1492.422683,57.01379778339024,3.3137977833884515,11.50000000000081,42.200000000000976
56.05,1493.503656,57.01379778339024,3.3137977833884515,11.50000000000081,42.200000000000976
56.06666666666667,1494.586526,57.01379778339024,3.3137977833884515,11.50000000000081,42.200000000000976
56.083333333333336,1495.671659,65.46051778339043,3.3137977833884515,11.50000000000081,50.646720000001174
56.1,1496.759087,66.61379778339023,3.3137977833884515,11.50000000000081,51.80000000000097
56.11666666666667,1497.848855,66.61379778339023,3.3137977833884515,11.50000000000081,51.80000000000097
56.13333333333333,1498.940984,66.61379778339023,3.3137977833884515,11.50000000000081,51.80000000000097
56.15,1500.035476,66.61379778339023,3.3137977833884515,11.50000000000081,51.80000000000097
56.166666666666664,1501.132332,75.06051778339042,3.3137977833884515,11.50000000000081,60.24672000000117
56.18333333333333,1502.231558,76.21379778339022,3.3137977833884515,11.50000000000081,61.400000000000965
56.2,1503.333324,76.21379778339022,3.3137977833884515,11.50000000000081,61.400000000000965
56.21666666666667,1504.438024,67.36747307869958,3.3137977833884515,11.50000000000081,52.55367529531031
56.233333333333334,1505.545837,66.61468612252673,3.3137977833884515,11.50000000000081,51.80088833913747
56.25,1506.657067,76.64850611672281,3.3137977833884515,11.50000000000081,61.83470833333356
56.266666666666666,1507.77241,78.11379778339028,3.3137977833884515,11.50000000000081,63.30000000000101
56.28333333333333,1508.892172,78.11379778339028,3.3137977833884515,11.50000000000081,63.30000000000101
56.3,1510.016528,86.56051778339048,11.760517783388652,11.50000000000081,63.30000000000101
56.31666666666667,1511.14587,87.71379778339028,12.913797783388446,11.50000000000081,63.30000000000101
56.333333333333336,1512.280366,87.14749430450031,12.913797783388446,11.50000000000081,62.73369652111106
56.35,1513.420038,76.96454424886282,12.913797783388446,2.7237248297264256,61.32702163574795
56.36666666666667,1514.564912,83.07275115370001,22.948506116721035,0.005074693782072636,60.1191703431969
56.38333333333333,1515.715006,83.51623943701968,24.41379778338849,0.0,59.10244165363119
56.4,1516.87032,90.55321896008574,34.44850611672108,0.0,56.104712843364666
56.416666666666664,1518.030849,116.54671487415852,54.39522611672133,0.0,62.15148875743719
56.43333333333333,1519.196592,120.31379778338959,57.01379778338858,0.0,63.300000000001
56.45,1520.367561,120.31379778338959,57.01379778338858,0.0,63.300000000001
56.46666666666667,1521.543775,128.7605177833898,65.4605177833888,0.0,63.300000000001
56.483333333333334,1522.725245,138.3605177833898,75.0605177833888,0.0,63.300000000001
56.5,1523.911986,139.5137977833896,76.21379778338861,0.0,63.300000000001
56.516666666666666,1525.104021,139.5137977833896,76.21379778338861,0.0,63.300000000001
56.53333333333333,1526.301365,139.5137977833896,76.21379778338861,0.0,63.300000000001
56.55,1527.50403,139.5137977833896,76.21379778338861,0.0,63.300000000001
56.56666666666667,1528.712032,139.5137977833896,76.21379778338861,0.0,63.300000000001
56.583333333333336,1529.925385,147.96051778338983,76.21379778338861,8.4467200000002,63.300000000001
56.6,1531.144093,149.1137977833896,76.21379778338861,9.599999999999994,63.300000000001
56.61666666666667,1532.368162,149.1137977833896,76.21379778338861,9.599999999999994,63.300000000001
56.63333333333333,1533.597599,149.1137977833896,76.21379778338861,9.599999999999994,63.300000000001
56.65,1534.832412,149.1137977833896,76.21379778338861,9.599999999999994,63.300000000001
56.666666666666664,1536.072613,159.14850611672196,86.24850611672096,9.599999999999994,63.300000000001
56.68333333333333,1537.318213,169.06051778338957,96.16051778338857,9.599999999999994,63.300000000001
56.7,1538.569258,188.69522611672284,115.79522611672184,9.599999999999994,63.300000000001
56.71666666666667,1539.825844,191.31379778339019,118.41379778338919,9.599999999999994,63.300000000001
56.733333333333334,1541.08802,201.34850611672277,128.44850611672177,9.599999999999994,63.300000000001
56.75,1542.355863,202.81379778339024,129.91379778338924,9.599999999999994,63.300000000001
56.766666666666666,1543.629542,202.81379778339024,129.91379778338924,9.599999999999994,63.300000000001
56.78333333333333,1544.909137,211.2605177833907,129.91379778338924,18.046720000000455,63.300000000001
56.8,1546.194696,212.41379778339052,129.91379778338924,19.200000000000284,63.300000000001
56.81666666666667,1547.486319,225.46008945188842,142.96008945188714,19.200000000000284,63.300000000001
56.833333333333336,1548.784054,227.22759556677903,144.72759556677775,19.200000000000284,63.300000000001
56.85,1550.08791,237.26230390011136,154.76230390011008,19.200000000000284,63.300000000001
56.86666666666667,1551.397897,238.7275955667788,156.22759556677752,19.200000000000284,63.300000000001
56.88333333333333,1552.714024,238.7275955667788,156.22759556677752,19.200000000000284,63.300000000001
56.9,1554.036303,233.92806846060364,151.42806846060236,19.200000000000284,63.300000000001
56.916666666666664,1555.364752,227.24376777652208,144.7437677765208,19.200000000000284,63.300000000001
56.93333333333333,1556.699388,227.22759556677875,144.72759556677747,19.200000000000284,63.300000000001
56.95,1558.040301,230.2391789019441,147.7391789019428,19.200000000000284,63.300000000001
56.96666666666667,1559.387694,230.5413933501672,148.04139335016592,19.200000000000284,63.300000000001
56.983333333333334,1560.741661,238.98811335016742,148.04139335016592,19.200000000000284,71.74672000000122
57.0,1562.102361,248.58811335016745,156.48811335016615,19.200000000000284,72.90000000000101
57.016666666666666,1563.47015,259.77610168349986,167.67610168349853,19.200000000000284,72.90000000000101
57.03333333333333,1564.845186,261.2413933501673,169.141393350166,19.200000000000284,72.90000000000101
57.05,1566.227566,261.2413933501673,169.141393350166,19.200000000000284,72.90000000000101
57.06666666666667,1567.617493,261.2413933501673,169.141393350166,19.200000000000284,72.90000000000101
57.083333333333336,1569.01506,261.2413933501673,169.141393350166,19.200000000000284,72.90000000000101
57.1,1570.420285,269.68811335016755,177.58811335016622,19.200000000000284,72.90000000000101
57.11666666666667,1571.833186,270.8413933501673,178.74139335016602,19.200000000000284,72.90000000000101
57.13333333333333,1573.253781,280.8761016834999,188.7761016834986,19.200000000000284,72.90000000000101
57.15,1574.68208,282.3413933501674,190.24139335016608,19.200000000000284,72.90000000000101
57.166666666666664,1576.118093,292.3761016835007,200.27610168349935,19.200000000000284,72.90000000000101
57.18333333333333,1577.561832,303.8761016835008,211.7761016834995,19.200000000000284,72.90000000000101
57.2,1579.013343,305.34139335016823,213.24139335016696,19.200000000000284,72.90000000000101
57.21666666666667,1580.472719,315.37610168350085,213.24139335016696,19.200000000000284,82.9347083333336
57.233333333333334,1581.940008,326.8761016835009,223.27610168349955,19.200000000000284,84.40000000000106
57.25,1583.415285,341.3876850186669,227.75297668533233,19.200000000000284,94.4347083333343
57.266666666666666,1584.898704,351.6019111335578,228.05519113355547,19.200000000000284,104.34672000000207
57.28333333333333,1586.39034,352.7551911335576,228.05519113355547,19.200000000000284,105.50000000000186
57.3,1587.890243,361.20191113355804,236.5019111335559,19.200000000000284,105.50000000000186
57.31666666666667,1589.398504,362.3551911335579,237.65519113355577,19.200000000000284,105.50000000000186
57.333333333333336,1590.915171,362.3551911335579,237.65519113355577,19.200000000000284,105.50000000000186
57.35,1592.44026,382.42460780022384,247.68989946688845,19.200000000000284,115.5347083333351
57.36666666666667,1593.97379,406.8482028020572,270.64820280205424,19.200000000000284,117.00000000000266
57.38333333333333,1595.515777,409.76898891694765,273.5689889169447,19.200000000000284,117.00000000000266
57.4,1597.066231,409.76898891694765,273.5689889169447,19.200000000000284,117.00000000000266
57.416666666666664,1598.625165,388.7276686488612,262.1018202011663,9.62584844769225,117.00000000000266
57.43333333333333,1600.192587,405.56242891694797,278.9624289169453,9.599999999999994,117.00000000000266
57.45,1601.768509,407.8689889169476,281.268988916945,9.599999999999994,117.00000000000266
57.46666666666667,1603.35293,407.8689889169476,281.268988916945,9.599999999999994,117.00000000000266
57.483333333333334,1604.94586,407.8689889169476,281.268988916945,9.599999999999994,117.00000000000266
57.5,1606.547304,417.90369725028086,291.3036972502782,9.599999999999994,117.00000000000266
57.516666666666666,1608.157254,425.25200891694874,298.6520089169461,9.599999999999994,117.00000000000266
57.53333333333333,1609.775714,419.0581722969786,299.36898891694574,9.599999999999994,110.08918338003288
57.55,1611.402693,419.3857569104613,302.38057225211105,9.599999999999994,107.40518465835025
57.56666666666667,1613.038191,419.68278670033686,302.6827867003342,9.599999999999994,107.40000000000266
57.583333333333336,1614.682217,429.71749503367016,312.7174950336675,9.599999999999994,107.40000000000266
57.6,1616.334792,431.18278670033766,314.182786700335,9.599999999999994,107.40000000000266
57.61666666666667,1617.995949,430.8337260358133,313.8337260358106,9.599999999999994,107.40000000000266
57.63333333333333,1619.66571,427.87516792062746,310.8751679206248,9.599999999999994,107.40000000000266
57.65,1621.344078,427.8689889169492,310.86898891694653,9.599999999999994,107.40000000000266
57.666666666666664,1623.031037,430.8805722521145,313.88057225211185,9.599999999999994,107.40000000000266
57.68333333333333,1624.726582,427.8903220092327,314.182786700335,6.307535308895057,107.40000000000266
57.7,1626.430511,430.9018947147613,324.1193859922816,0.015106635873939244,106.76740208660574
57.71666666666667,1628.14232,432.2529185871404,334.42926560776215,0.0,97.82365297937827
57.733333333333334,1629.861791,440.8279759907198,343.0279759907171,0.0,97.80000000000268
57.75,1631.588536,440.87277986427944,343.07277986427675,0.0,97.80000000000268
57.766666666666666,1633.321634,446.6678287806913,348.8678287806886,0.0,97.80000000000268
57.78333333333333,1635.060696,447.34518108773165,349.54518108772896,0.0,97.80000000000268
57.8,1636.805496,446.706308470152,348.9063084701493,0.0,97.80000000000268
57.81666666666667,1638.555517,446.1716938323814,348.3716938323787,0.0,97.80000000000268
57.833333333333336,1640.310546,463.4191812663154,355.58447293298036,10.034708333332347,97.80000000000268
57.85,1642.070586,466.1692475972247,356.8692475972222,11.499999999999766,97.80000000000268
57.86666666666667,1643.835649,466.16898891695064,356.8689889169482,11.499999999999766,97.80000000000268
57.88333333333333,1645.605745,466.16898891695064,356.8689889169482,11.499999999999766,97.80000000000268
57.9,1647.380857,474.61570891695084,365.3157089169484,11.499999999999766,97.80000000000268
57.916666666666664,1649.16094,475.7689889169506,366.46898891694815,11.499999999999766,97.80000000000268
57.93333333333333,1650.945961,475.7689889169506,366.46898891694815,11.499999999999766,97.80000000000268
57.95,1652.735442,492.66242891695106,383.3624289169486,11.499999999999766,97.80000000000268
57.96666666666667,1654.528237,494.96898891695065,385.6689889169482,11.499999999999766,97.80000000000268
57.983333333333334,1656.323836,494.96898891695065,385.6689889169482,11.499999999999766,97.80000000000268
58.0,1658.121354,494.96898891695065,385.6689889169482,11.499999999999766,97.80000000000268
58.016666666666666,1659.918727,494.96898891695065,385.6689889169482,11.499999999999766,97.80000000000268
58.03333333333333,1661.715067,505.00369725028327,395.7036972502808,11.499999999999766,97.80000000000268
58.05,1663.509856,506.4689889169507,397.16898891694825,11.499999999999766,97.80000000000268
58.06666666666667,1665.301939,509.480572252116,397.16898891694825,14.511583335165092,97.80000000000268
58.083333333333336,1667.090826,519.8174950336718,397.16898891694825,24.848506116720806,97.80000000000268
58.1,1668.876472,514.5771399181563,390.4633421347653,26.31379778338826,97.80000000000268
58.11666666666667,1670.658817,511.6884834425591,387.57468565916815,26.31379778338826,97.80000000000268
58.13333333333333,1672.437831,521.7174950336718,397.60369725028085,26.31379778338826,97.80000000000268
58.15,1674.213511,515.9206385935371,391.8068408101461,26.31379778338826,97.80000000000268
58.166666666666664,1675.985857,511.6918498987061,387.57805211531513,26.31379778338826,97.80000000000268
58.18333333333333,1677.754858,531.7522033670051,387.56898891694823,36.348506116720955,107.83470833333594
58.2,1679.520291,534.6827867003401,387.56898891694823,37.813797783388424,109.3000000000035
58.21666666666667,1681.281637,534.6827867003401,387.56898891694823,37.813797783388424,109.3000000000035
58.233333333333334,1683.038659,534.6827867003401,387.56898891694823,37.813797783388424,109.3000000000035
58.25,1684.790959,534.6827867003401,387.56898891694823,37.813797783388424,109.3000000000035
58.266666666666666,1686.537618,534.6827867003401,387.56898891694823,37.813797783388424,109.3000000000035
58.28333333333333,1688.278235,534.6827867003401,387.56898891694823,37.813797783388424,109.3000000000035
58.3,1690.012575,534.6827867003401,387.56898891694823,37.813797783388424,109.3000000000035
58.31666666666667,1691.740122,563.1989233670063,416.08512558361434,37.813797783388424,109.3000000000035
58.333333333333336,1693.460652,567.282786700341,420.1689889169491,37.813797783388424,109.3000000000035
58.35,1695.174135,570.9194330791314,423.8056352957395,37.813797783388424,109.3000000000035
58.36666666666667,1696.88053,567.7609042204863,420.64710643709435,37.813797783388424,109.3000000000035
58.38333333333333,1698.579812,567.2835400361878,420.1697422527958,37.813797783388424,109.3000000000035
58.4,1700.271978,575.7295067003413,428.6157089169493,37.813797783388424,109.3000000000035
58.416666666666664,1701.957038,567.2077208774173,420.09392309402534,37.813797783388424,109.3000000000035
58.43333333333333,1703.634987,565.0893606349416,417.9755628515496,37.813797783388424,109.3000000000035
58.45,1705.305819,564.6345891138715,417.52079133047954,37.813797783388424,109.3000000000035
58.46666666666667,1706.96953,564.710487659412,417.5966898760201,37.813797783388424,109.3000000000035
58.483333333333334,1708.626113,575.8570216284529,428.74322384506104,37.813797783388424,109.3000000000035
58.5,1710.275562,575.999166459328,428.88536867593604,37.813797783388424,109.3000000000035
58.516666666666666,1711.917884,575.4699005400806,428.3561027566887,37.813797783388424,109.3000000000035
58.53333333333333,1713.553074,575.4689889169533,428.35519113356145,37.813797783388424,109.3000000000035
58.55,1715.181125,575.4689889169533,428.35519113356145,37.813797783388424,109.3000000000035
58.56666666666667,1716.802041,575.4689889169533,428.35519113356145,37.813797783388424,109.3000000000035
58.583333333333336,1718.415813,570.5793279830539,428.35519113356145,37.813797783388424,104.41033906610396
58.6,1720.022419,574.0195917539988,428.35519113356145,37.813797783388424,107.85060283704901
58.61666666666667,1721.621814,565.3709434015592,421.3746095348826,37.813797783388424,106.18253608328816
58.63333333333333,1723.213972,554.3554610830564,416.8260289735709,37.813797783388424,99.71563432609709
58.65,1724.798907,553.9290000157812,416.4152022323901,37.813797783388424,99.70000000000273
58.666666666666664,1726.376659,553.4984894102324,415.9846916268413,37.813797783388424,99.70000000000273
58.68333333333333,1727.947254,536.2768101145657,404.15107202888703,37.813797783388424,94.31194030229032
58.7,1729.511063,541.7636428759224,403.8059690756901,47.84850611672169,90.10916768351066
58.71666666666667,1731.068987,539.2804132492965,399.8666154659046,49.313797783389234,90.10000000000274
58.733333333333334,1732.621425,552.1845414563127,402.73603533958817,59.34850611672182,90.10000000000274
58.75,1734.169074,553.5543659102384,402.64056812684646,60.813797783389276,90.10000000000274
58.766666666666666,1735.713567,562.2803702762533,411.3665724928613,60.813797783389276,90.10000000000274
58.78333333333333,1737.255606,559.6548810686937,411.087525576541,58.46735549215,90.10000000000274
58.8,1738.7956,553.7806537080597,406.1789437526892,57.50170995536778,90.10000000000274
58.81666666666667,1740.334474,561.5769064321616,413.97690643215816,57.500000000000824,90.10000000000274
58.833333333333336,1741.872616,562.2801712701254,414.68017127012183,57.500000000000824,90.10000000000274
58.85,1743.410035,563.7730550095982,421.4534274830325,57.500000000000824,84.81962752656489
58.86666666666667,1744.946724,577.6697647498339,439.6603029638454,57.500000000000824,80.50946178598765
58.88333333333333,1746.482677,579.8630017654709,441.8630017654674,57.500000000000824,80.50000000000273
58.9,1748.017938,579.2448450636084,441.2448450636048,57.500000000000824,80.50000000000273
58.916666666666664,1749.552605,577.5171118039002,439.5171118038967,57.500000000000824,80.50000000000273
58.93333333333333,1751.086749,577.5137977833997,439.5137977833961,57.500000000000824,80.50000000000273
58.95,1752.621232,574.1457663542755,436.1457663542719,57.500000000000824,80.50000000000273
58.96666666666667,1754.158108,567.9286780880439,429.9286780880403,57.500000000000824,80.50000000000273
58.983333333333334,1755.698298,567.9137977833997,429.91379778339615,57.500000000000824,80.50000000000273
59.0,1757.243387,576.3605177833999,429.91379778339615,65.94672000000104,80.50000000000273
59.016666666666666,1758.797058,577.5137977833997,429.91379778339615,67.10000000000083,80.50000000000273
59.03333333333333,1760.360904,577.5137977833997,429.91379778339615,67.10000000000083,80.50000000000273
59.05,1761.935854,565.8616732771527,418.26167327714916,67.10000000000083,80.50000000000273
59.06666666666667,1763.523975,553.5334181639321,407.3658785463747,55.63283128422214,90.53470833333532
59.083333333333336,1765.12615,553.6549850211026,406.054985021099,55.60000000000079,92.00000000000277
59.1,1766.742468,552.5714181035612,404.9714181035577,55.60000000000079,92.00000000000277
59.11666666666667,1768.373046,550.1638393281214,402.5638393281178,55.60000000000079,92.00000000000277
59.13333333333333,1770.017948,546.8208953169626,399.22089531695906,55.60000000000079,92.00000000000277
59.15,1771.677192,565.2952261167326,407.6605177833963,65.63470833333349,92.00000000000277
59.166666666666664,1773.35079,567.9137977833998,408.8137977833961,67.10000000000096,92.00000000000277
59.18333333333333,1775.038773,567.9137977833998,408.8137977833961,67.10000000000096,92.00000000000277
59.2,1776.741549,567.9137977833998,408.8137977833961,67.10000000000096,92.00000000000277
59.21666666666667,1778.46006,563.8937645690137,404.79376456901,67.10000000000096,92.00000000000277
59.233333333333334,1780.194741,546.6144108740758,387.5144108740721,67.10000000000096,92.00000000000277
59.25,1781.946315,546.1092615639261,387.00926156392245,67.10000000000096,92.00000000000277
59.266666666666666,1783.716437,545.7180839449786,386.61808394497496,67.10000000000096,92.00000000000277
59.28333333333333,1785.505834,562.2784237152343,403.1784237152307,67.10000000000096,92.00000000000277
59.3,1787.31494,564.3009440109821,405.2009440109784,67.10000000000096,92.00000000000277
59.31666666666667,1789.14469,564.0586702232592,404.9586702232556,67.10000000000096,92.00000000000277
59.333333333333336,1790.995495,563.8521061252488,404.75210612524506,67.10000000000096,92.00000000000277
59.35,1792.867424,547.2116034643864,398.71996887658855,56.49163458779509,92.00000000000277
59.36666666666667,1794.760563,539.7164459677249,392.1154947896755,55.600951178046635,92.00000000000277
59.38333333333333,1796.67497,539.700000000011,392.1000000000074,55.60000000000079,92.00000000000277
59.4,1798.610665,539.700000000011,392.1000000000074,55.60000000000079,92.00000000000277
59.416666666666664,1800.567648,528.9035082930365,381.3035082930329,55.60000000000079,92.00000000000277
59.43333333333333,1802.545942,516.7961675530569,377.36221563390643,55.60000000000079,83.8339519191497
59.45,1804.54558,507.1219039709708,371.01526923132093,55.60000000000079,80.50663473964906
59.46666666666667,1806.566596,507.10000000000935,371.0000000000066,55.60000000000079,80.50000000000196
59.483333333333334,1808.609027,517.1347083333419,381.0347083333392,55.60000000000079,80.50000000000196
59.5,1810.672905,518.6000000000095,382.50000000000665,55.60000000000079,80.50000000000196
59.516666666666666,1812.758257,505.36352413940597,380.7306928551819,44.1328312842221,80.50000000000196
59.53333333333333,1814.865118,499.95713319685325,375.35713319685055,44.10000000000075,80.50000000000196
59.55,1816.993523,509.1001424509994,374.4654341176641,54.134708333333336,80.50000000000196
59.56666666666667,1819.143502,512.0000000000094,375.9000000000067,55.60000000000079,80.50000000000196
59.583333333333336,1821.315091,522.034708333342,385.9347083333393,55.60000000000079,80.50000000000196
59.6,1823.508345,509.85436403302674,387.40000000000674,55.60000000000079,66.85436403301922
59.61666666666667,1825.723338,510.55530431846216,397.43470833334004,55.60000000000079,57.5205959851213
59.63333333333333,1827.960128,502.4258484477016,398.90000000000754,46.02584844769304,57.50000000000098
59.65,1830.218731,502.4000000000093,398.90000000000754,46.00000000000078,57.50000000000098
59.666666666666664,1832.499133,501.8591196955573,398.57810535562385,46.00000000000078,57.281014339932696
59.68333333333333,1834.801338,494.21368951140266,392.1469879137676,46.00000000000078,56.06670159763429
59.7,1837.124981,490.2338355062458,389.6331840868652,46.00000000000078,54.60065141937984
59.71666666666667,1839.469137,469.8560563348369,377.833723074962,46.00000000000078,46.02233325987415
59.733333333333334,1841.83341,469.80000000000774,377.8000000000068,46.00000000000078,46.00000000000018
59.75,1844.217096,478.2467200000082,386.24672000000726,46.00000000000078,46.00000000000018
59.766666666666666,1846.618487,467.9328312842286,375.93283128422763,46.00000000000078,46.00000000000018
59.78333333333333,1849.03687,459.4408996819613,375.8086319282871,37.63226775367398,46.00000000000018
59.8,1851.47184,449.01147326162345,368.50536247591634,34.506110785706916,46.00000000000018
59.81666666666667,1853.922445,432.5982446539817,352.09824465398077,34.50000000000074,46.00000000000018
59.833333333333336,1856.388304,417.07047897528184,336.57047897528093,34.50000000000074,46.00000000000018
59.85,1858.869435,410.6795893420111,330.1795893420102,34.50000000000074,46.00000000000018
59.86666666666667,1861.365879,402.7202367382242,322.22023673822326,34.50000000000074,46.00000000000018
59.88333333333333,1863.877667,402.70000000000556,322.20000000000465,34.50000000000074,46.00000000000018
59.9,1866.404788,402.70000000000556,322.20000000000465,34.50000000000074,46.00000000000018
59.916666666666664,1868.947164,405.71158333517087,322.20000000000465,34.50000000000074,49.011583335165504
59.93333333333333,1871.504755,406.013797783394,322.20000000000465,34.50000000000074,49.31379778338863
59.95,1874.076672,406.013797783394,322.20000000000465,34.50000000000074,49.31379778338863
59.96666666666667,1876.660765,406.013797783394,322.20000000000465,34.50000000000074,49.31379778338863
59.983333333333334,1879.256085,390.4137441636773,306.5999463802879,34.50000000000074,49.31379778338863
