simulation_time_hrs,base_load_kW,total_demand_kW,HOME,WORK,DESTINATION
12.0,1810.067511,0.0,0.0,0.0,0.0
12.016666666666667,1812.497206,0.0,0.0,0.0,0.0
12.033333333333333,1814.926926,0.0,0.0,0.0,0.0
12.05,1817.356626,0.0,0.0,0.0,0.0
12.066666666666666,1819.786207,0.0,0.0,0.0,0.0
12.083333333333334,1822.215628,0.0,0.0,0.0,0.0
12.1,1824.644884,0.0,0.0,0.0,0.0
12.116666666666667,1827.073971,0.0,0.0,0.0,0.0
12.133333333333333,1829.502886,0.0,0.0,0.0,0.0
12.15,1831.931628,0.0,0.0,0.0,0.0
12.166666666666666,1834.3602,0.0,0.0,0.0,0.0
12.183333333333334,1836.788599,0.0,0.0,0.0,0.0
12.2,1839.216811,0.0,0.0,0.0,0.0
12.216666666666667,1841.644799,0.0,0.0,0.0,0.0
12.233333333333333,1844.072543,0.0,0.0,0.0,0.0
12.25,1846.500016,0.0,0.0,0.0,0.0
12.266666666666667,1848.92715,0.0,0.0,0.0,0.0
12.283333333333333,1851.353919,0.0,0.0,0.0,0.0
12.3,1853.780302,0.0,0.0,0.0,0.0
12.316666666666666,1856.206264,0.0,0.0,0.0,0.0
12.333333333333334,1858.631789,0.0,0.0,0.0,0.0
12.35,1861.056874,0.0,0.0,0.0,0.0
12.366666666666667,1863.481515,0.0,0.0,0.0,0.0
12.383333333333333,1865.90571,0.0,0.0,0.0,0.0
12.4,1868.329462,0.0,0.0,0.0,0.0
12.416666666666666,1870.752768,0.0,0.0,0.0,0.0
12.433333333333334,1873.175631,0.0,0.0,0.0,0.0
12.45,1875.598051,0.0,0.0,0.0,0.0
12.466666666666667,1878.020038,0.0,0.0,0.0,0.0
12.483333333333333,1880.441593,0.0,0.0,0.0,0.0
12.5,1882.862724,0.0,0.0,0.0,0.0
12.516666666666667,1885.283442,0.0,0.0,0.0,0.0
12.533333333333333,1887.703756,0.0,0.0,0.0,0.0
12.55,1890.123667,0.0,0.0,0.0,0.0
12.566666666666666,1892.543184,0.0,0.0,0.0,0.0
12.583333333333334,1894.96231,0.0,0.0,0.0,0.0
12.6,1897.381042,0.0,0.0,0.0,0.0
12.616666666666667,1899.799377,0.0,0.0,0.0,0.0
12.633333333333333,1902.217315,0.0,0.0,0.0,0.0
12.65,1904.634856,0.0,0.0,0.0,0.0
12.666666666666666,1907.052004,0.0,0.0,0.0,0.0
12.683333333333334,1909.468759,0.0,0.0,0.0,0.0
12.7,1911.885154,0.0,0.0,0.0,0.0
12.716666666666667,1914.30126,0.0,0.0,0.0,0.0
12.733333333333333,1916.717112,0.0,0.0,0.0,0.0
12.75,1919.132764,0.0,0.0,0.0,0.0
12.766666666666667,1921.548349,0.0,0.0,0.0,0.0
12.783333333333333,1923.963925,0.0,0.0,0.0,0.0
12.8,1926.379527,0.0,0.0,0.0,0.0
12.816666666666666,1928.795227,0.0,0.0,0.0,0.0
12.833333333333334,1931.211058,0.0,0.0,0.0,0.0
12.85,1933.627023,0.0,0.0,0.0,0.0
12.866666666666667,1936.043118,0.0,0.0,0.0,0.0
12.883333333333333,1938.459348,0.0,0.0,0.0,0.0
12.9,1940.875714,0.0,0.0,0.0,0.0
12.916666666666666,1943.292225,0.0,0.0,0.0,0.0
12.933333333333334,1945.708883,0.0,0.0,0.0,0.0
12.95,1948.125754,0.0,0.0,0.0,0.0
12.966666666666667,1950.542988,0.0,0.0,0.0,0.0
12.983333333333333,1952.960652,0.0,0.0,0.0,0.0
13.0,1955.378862,0.0,0.0,0.0,0.0
13.016666666666667,1957.797887,0.0,0.0,0.0,0.0
13.033333333333333,1960.217843,0.0,0.0,0.0,0.0
13.05,1962.638799,0.0,0.0,0.0,0.0
13.066666666666666,1965.060904,0.0,0.0,0.0,0.0
13.083333333333334,1967.484226,0.0,0.0,0.0,0.0
13.1,1969.908771,0.0,0.0,0.0,0.0
13.116666666666667,1972.334548,0.0,0.0,0.0,0.0
13.133333333333333,1974.761561,0.0,0.0,0.0,0.0
13.15,1977.189814,0.0,0.0,0.0,0.0
13.166666666666666,1979.619306,0.0,0.0,0.0,0.0
13.183333333333334,1982.050042,0.0,0.0,0.0,0.0
13.2,1984.482051,0.0,0.0,0.0,0.0
13.216666666666667,1986.9154,0.0,0.0,0.0,0.0
13.233333333333333,1989.350122,0.0,0.0,0.0,0.0
13.25,1991.786268,0.0,0.0,0.0,0.0
13.266666666666667,1994.223958,0.0,0.0,0.0,0.0
13.283333333333333,1996.663243,0.0,0.0,0.0,0.0
13.3,1999.104157,0.0,0.0,0.0,0.0
13.316666666666666,2001.546767,0.0,0.0,0.0,0.0
13.333333333333334,2003.991103,0.0,0.0,0.0,0.0
13.35,2006.43717,0.0,0.0,0.0,0.0
13.366666666666667,2008.884976,0.0,0.0,0.0,0.0
13.383333333333333,2011.334526,0.0,0.0,0.0,0.0
13.4,2013.785821,0.0,0.0,0.0,0.0
13.416666666666666,2016.238861,0.0,0.0,0.0,0.0
13.433333333333334,2018.69365,0.0,0.0,0.0,0.0
13.45,2021.150185,0.0,0.0,0.0,0.0
13.466666666666667,2023.608466,0.0,0.0,0.0,0.0
13.483333333333333,2026.06849,0.0,0.0,0.0,0.0
13.5,2028.530257,0.0,0.0,0.0,0.0
13.516666666666667,2030.993759,0.0,0.0,0.0,0.0
13.533333333333333,2033.458993,0.0,0.0,0.0,0.0
13.55,2035.925959,0.0,0.0,0.0,0.0
13.566666666666666,2038.394653,0.0,0.0,0.0,0.0
13.583333333333334,2040.865073,0.0,0.0,0.0,0.0
13.6,2043.33723,0.0,0.0,0.0,0.0
13.616666666666667,2045.811138,0.0,0.0,0.0,0.0
13.633333333333333,2048.286807,0.0,0.0,0.0,0.0
13.65,2050.764231,0.0,0.0,0.0,0.0
13.666666666666666,2053.24339,0.0,0.0,0.0,0.0
13.683333333333334,2055.724276,0.0,0.0,0.0,0.0
13.7,2058.206735,0.0,0.0,0.0,0.0
13.716666666666667,2060.690403,0.0,0.0,0.0,0.0
13.733333333333333,2063.175112,0.0,0.0,0.0,0.0
13.75,2065.660583,0.0,0.0,0.0,0.0
13.766666666666667,2068.146149,0.0,0.0,0.0,0.0
13.783333333333333,2070.631524,0.0,0.0,0.0,0.0
13.8,2073.116543,0.0,0.0,0.0,0.0
13.816666666666666,2075.600825,0.0,0.0,0.0,0.0
13.833333333333334,2078.084214,0.0,0.0,0.0,0.0
13.85,2080.566702,0.0,0.0,0.0,0.0
13.866666666666667,2083.048291,0.0,0.0,0.0,0.0
13.883333333333333,2085.528981,0.0,0.0,0.0,0.0
13.9,2088.008752,0.0,0.0,0.0,0.0
13.916666666666666,2090.487561,0.0,0.0,0.0,0.0
13.933333333333334,2092.965379,0.0,0.0,0.0,0.0
13.95,2095.441857,0.0,0.0,0.0,0.0
13.966666666666667,2097.916165,0.0,0.0,0.0,0.0
13.983333333333333,2100.387933,0.0,0.0,0.0,0.0
14.0,2102.856516,0.0,0.0,0.0,0.0
14.016666666666667,2105.320434,0.0,0.0,0.0,0.0
14.033333333333333,2107.779041,0.0,0.0,0.0,0.0
14.05,2110.231961,0.0,0.0,0.0,0.0
14.066666666666666,2112.678358,0.0,0.0,0.0,0.0
14.083333333333334,2115.117876,0.0,0.0,0.0,0.0
14.1,2117.550475,0.0,0.0,0.0,0.0
14.116666666666667,2119.976105,0.0,0.0,0.0,0.0
14.133333333333333,2122.394737,0.0,0.0,0.0,0.0
14.15,2124.806362,0.0,0.0,0.0,0.0
14.166666666666666,2127.210972,0.0,0.0,0.0,0.0
14.183333333333334,2129.608552,0.0,0.0,0.0,0.0
14.2,2131.998934,0.0,0.0,0.0,0.0
14.216666666666667,2134.381732,0.0,0.0,0.0,0.0
14.233333333333333,2136.756767,0.0,0.0,0.0,0.0
14.25,2139.123744,0.0,0.0,0.0,0.0
14.266666666666667,2141.481989,0.0,0.0,0.0,0.0
14.283333333333333,2143.831203,0.0,0.0,0.0,0.0
14.3,2146.171206,0.0,0.0,0.0,0.0
14.316666666666666,2148.501621,0.0,0.0,0.0,0.0
14.333333333333334,2150.822275,0.0,0.0,0.0,0.0
14.35,2153.133142,0.0,0.0,0.0,0.0
14.366666666666667,2155.434183,0.0,0.0,0.0,0.0
14.383333333333333,2157.725374,0.0,0.0,0.0,0.0
14.4,2160.006707,0.0,0.0,0.0,0.0
14.416666666666666,2162.278182,0.0,0.0,0.0,0.0
14.433333333333334,2164.53979,0.0,0.0,0.0,0.0
14.45,2166.791514,0.0,0.0,0.0,0.0
14.466666666666667,2169.033341,0.0,0.0,0.0,0.0
14.483333333333333,2171.265256,0.0,0.0,0.0,0.0
14.5,2173.487243,0.0,0.0,0.0,0.0
14.516666666666667,2175.699287,0.0,0.0,0.0,0.0
14.533333333333333,2177.901375,0.0,0.0,0.0,0.0
14.55,2180.093491,0.0,0.0,0.0,0.0
14.566666666666666,2182.275628,0.0,0.0,0.0,0.0
14.583333333333334,2184.447768,0.0,0.0,0.0,0.0
14.6,2186.609887,0.0,0.0,0.0,0.0
14.616666666666667,2188.76194,0.0,0.0,0.0,0.0
14.633333333333333,2190.903901,0.0,0.0,0.0,0.0
14.65,2193.035775,0.0,0.0,0.0,0.0
14.666666666666666,2195.157595,0.0,0.0,0.0,0.0
14.683333333333334,2197.269379,0.0,0.0,0.0,0.0
14.7,2199.371455,0.0,0.0,0.0,0.0
14.716666666666667,2201.464618,0.0,0.0,0.0,0.0
14.733333333333333,2203.549219,0.0,0.0,0.0,0.0
14.75,2205.625875,0.0,0.0,0.0,0.0
14.766666666666667,2207.696034,0.0,0.0,0.0,0.0
14.783333333333333,2209.760316,0.0,0.0,0.0,0.0
14.8,2211.819082,0.0,0.0,0.0,0.0
14.816666666666666,2213.873148,0.0,0.0,0.0,0.0
14.833333333333334,2215.922857,0.0,0.0,0.0,0.0
14.85,2217.968212,0.0,0.0,0.0,0.0
14.866666666666667,2220.009199,0.0,0.0,0.0,0.0
14.883333333333333,2222.045812,0.0,0.0,0.0,0.0
14.9,2224.078083,0.0,0.0,0.0,0.0
14.916666666666666,2226.106096,0.0,0.0,0.0,0.0
14.933333333333334,2228.12991,0.0,0.0,0.0,0.0
14.95,2230.150296,0.0,0.0,0.0,0.0
14.966666666666667,2232.169095,0.0,0.0,0.0,0.0
14.983333333333333,2234.18713,0.0,0.0,0.0,0.0
15.0,2236.205818,0.0,0.0,0.0,0.0
15.016666666666667,2238.228466,0.0,0.0,0.0,0.0
15.033333333333333,2240.256498,0.0,0.0,0.0,0.0
15.05,2242.290745,0.0,0.0,0.0,0.0
15.066666666666666,2244.333059,0.0,0.0,0.0,0.0
15.083333333333334,2246.384225,0.0,0.0,0.0,0.0
15.1,2248.444318,0.0,0.0,0.0,0.0
15.116666666666667,2250.513436,0.0,0.0,0.0,0.0
15.133333333333333,2252.591629,-0.4022314762255502,-0.4022314762255502,0.0,0.0
15.15,2254.678908,-0.4571504882090548,-0.4571504882090548,0.0,0.0
15.166666666666666,2256.775276,-0.4571504882090548,-0.4571504882090548,0.0,0.0
15.183333333333334,2258.880753,-0.4571504882090548,-0.4571504882090548,0.0,0.0
15.2,2260.995701,-0.4571504882090548,-0.4571504882090548,0.0,0.0
15.216666666666667,2263.120963,-0.4571504882090548,-0.4571504882090548,0.0,0.0
15.233333333333333,2265.256924,-0.4571504882090548,-0.4571504882090548,0.0,0.0
15.25,2267.404229,-0.9350017187943449,-0.9350017187943449,0.0,0.0
15.266666666666667,2269.564362,-1.0047786772094873,-1.0047786772094873,0.0,0.0
15.283333333333333,2271.737974,-1.0047786772094873,-1.0047786772094873,0.0,0.0
15.3,2273.925445,-1.0047786772094873,-1.0047786772094873,0.0,0.0
15.316666666666666,2276.127611,-1.0047786772094873,-1.0047786772094873,0.0,0.0
15.333333333333334,2278.344834,-1.4826299077947773,-1.4826299077947773,0.0,0.0
15.35,2280.577165,-1.5524068662099197,-1.5524068662099197,0.0,0.0
15.366666666666667,2282.824672,-1.5524068662099197,-1.5524068662099197,0.0,0.0
15.383333333333333,2285.087394,-1.9546383424354707,-1.9546383424354707,0.0,0.0
15.4,2287.365342,-2.0095573544189755,-2.0095573544189755,0.0,0.0
15.416666666666666,2289.658505,-2.4117888306445256,-2.4117888306445256,0.0,0.0
15.433333333333334,2291.966891,-2.46670784262803,-2.46670784262803,0.0,0.0
15.45,2294.290524,-2.46670784262803,-2.46670784262803,0.0,0.0
15.466666666666667,2296.629437,-2.46670784262803,-2.46670784262803,0.0,0.0
15.483333333333333,2298.983651,-2.46670784262803,-2.46670784262803,0.0,0.0
15.5,2301.353195,-2.46670784262803,-2.46670784262803,0.0,0.0
15.516666666666667,2303.7381,-2.46670784262803,-2.46670784262803,0.0,0.0
15.533333333333333,2306.138393,-2.46670784262803,-2.46670784262803,0.0,0.0
15.55,2308.554099,-2.46670784262803,-2.46670784262803,0.0,0.0
15.566666666666666,2310.985241,-2.46670784262803,-2.46670784262803,0.0,0.0
15.583333333333334,2313.431847,-2.46670784262803,-2.46670784262803,0.0,0.0
15.6,2315.893948,-2.46670784262803,-2.46670784262803,0.0,0.0
15.616666666666667,2318.371595,-2.46670784262803,-2.46670784262803,0.0,0.0
15.633333333333333,2320.864824,-2.46670784262803,-2.46670784262803,0.0,0.0
15.65,2323.37364,-2.46670784262803,-2.46670784262803,0.0,0.0
15.666666666666666,2325.898023,-2.46670784262803,-2.46670784262803,0.0,0.0
15.683333333333334,2328.437969,-2.46670784262803,-2.46670784262803,0.0,0.0
15.7,2330.993199,-2.46670784262803,-2.46670784262803,0.0,0.0
15.716666666666667,2333.563017,-2.46670784262803,-2.46670784262803,0.0,0.0
15.733333333333333,2336.147122,-2.46670784262803,-2.46670784262803,0.0,0.0
15.75,2338.744979,-2.46670784262803,-2.46670784262803,0.0,0.0
15.766666666666667,2341.355314,-2.46670784262803,-2.46670784262803,0.0,0.0
15.783333333333333,2343.977587,-2.46670784262803,-2.46670784262803,0.0,0.0
15.8,2346.611491,-2.46670784262803,-2.46670784262803,0.0,0.0
15.816666666666666,2349.256311,-2.46670784262803,-2.46670784262803,0.0,0.0
15.833333333333334,2351.911756,-2.46670784262803,-2.46670784262803,0.0,0.0
15.85,2354.577834,-2.46670784262803,-2.46670784262803,0.0,0.0
15.866666666666667,2357.25457,-2.46670784262803,-2.46670784262803,0.0,0.0
15.883333333333333,2359.941983,-2.46670784262803,-2.46670784262803,0.0,0.0
15.9,2362.640053,-2.46670784262803,-2.46670784262803,0.0,0.0
15.916666666666666,2365.348721,-2.46670784262803,-2.46670784262803,0.0,0.0
15.933333333333334,2368.067944,-2.46670784262803,-2.46670784262803,0.0,0.0
15.95,2370.797044,-2.46670784262803,-2.46670784262803,0.0,0.0
15.966666666666667,2373.534391,-2.46670784262803,-2.46670784262803,0.0,0.0
15.983333333333333,2376.279261,-2.46670784262803,-2.46670784262803,0.0,0.0
16.0,2379.030395,-2.46670784262803,-2.46670784262803,0.0,0.0
16.016666666666666,2381.784852,-2.46670784262803,-2.46670784262803,0.0,0.0
16.033333333333335,2384.541369,-2.46670784262803,-2.46670784262803,0.0,0.0
16.05,2387.29921,-2.46670784262803,-2.46670784262803,0.0,0.0
16.066666666666666,2390.056733,-2.46670784262803,-2.46670784262803,0.0,0.0
16.083333333333332,2392.813243,-2.46670784262803,-2.46670784262803,0.0,0.0
16.1,2395.568682,-2.46670784262803,-2.46670784262803,0.0,0.0
16.116666666666667,2398.322967,-2.46670784262803,-2.46670784262803,0.0,0.0
16.133333333333333,2401.076061,-2.46670784262803,-2.46670784262803,0.0,0.0
16.15,2403.827964,-2.46670784262803,-2.46670784262803,0.0,0.0
16.166666666666668,2406.578681,-2.46670784262803,-2.46670784262803,0.0,0.0
16.183333333333334,2409.328204,-2.46670784262803,-2.46670784262803,0.0,0.0
16.2,2412.076224,-2.46670784262803,-2.46670784262803,0.0,0.0
16.216666666666665,2414.822019,-2.46670784262803,-2.46670784262803,0.0,0.0
16.233333333333334,2417.565262,-2.46670784262803,-2.46670784262803,0.0,0.0
16.25,2420.305402,-2.46670784262803,-2.46670784262803,0.0,0.0
16.266666666666666,2423.041157,-2.46670784262803,-2.46670784262803,0.0,0.0
16.283333333333335,2425.771975,-2.46670784262803,-2.46670784262803,0.0,0.0
16.3,2428.497532,-2.46670784262803,-2.46670784262803,0.0,0.0
16.316666666666666,2431.217112,-2.46670784262803,-2.46670784262803,0.0,0.0
16.333333333333332,2433.930411,-2.46670784262803,-2.46670784262803,0.0,0.0
16.35,2436.637392,-2.46670784262803,-2.46670784262803,0.0,0.0
16.366666666666667,2439.338005,-2.46670784262803,-2.46670784262803,0.0,0.0
16.383333333333333,2442.032225,-2.46670784262803,-2.46670784262803,0.0,0.0
16.4,2444.720053,-2.46670784262803,-2.46670784262803,0.0,0.0
16.416666666666668,2447.401505,-2.865870381055938,-2.865870381055938,0.0,0.0
16.433333333333334,2450.076581,-2.8670138189836436,-2.8670138189836436,0.0,0.0
16.45,2452.745274,-2.803749918144256,-2.803749918144256,0.0,0.0
16.466666666666665,2455.407574,-2.775873752246635,-2.775873752246635,0.0,0.0
16.483333333333334,2458.063469,-2.4689739731914107,-2.4689739731914107,0.0,0.0
16.5,2460.712954,-2.46670784262803,-2.46670784262803,0.0,0.0
16.516666666666666,2463.356025,-2.46670784262803,-2.46670784262803,0.0,0.0
16.533333333333335,2465.992673,-2.46670784262803,-2.46670784262803,0.0,0.0
16.55,2468.622891,-2.46670784262803,-2.46670784262803,0.0,0.0
16.566666666666666,2471.246667,-2.46670784262803,-2.46670784262803,0.0,0.0
16.583333333333332,2473.863989,-2.46670784262803,-2.46670784262803,0.0,0.0
16.6,2476.474866,-2.46670784262803,-2.46670784262803,0.0,0.0
16.616666666666667,2479.079322,-2.46670784262803,-2.46670784262803,0.0,0.0
16.633333333333333,2481.677362,-2.46670784262803,-2.46670784262803,0.0,0.0
16.65,2484.268955,-2.46670784262803,-2.46670784262803,0.0,0.0
16.666666666666668,2486.854036,-2.46670784262803,-2.46670784262803,0.0,0.0
16.683333333333334,2489.432561,-2.46670784262803,-2.46670784262803,0.0,0.0
16.7,2492.00412,-2.46670784262803,-2.46670784262803,0.0,0.0
16.716666666666665,2494.567755,-2.46670784262803,-2.46670784262803,0.0,0.0
16.733333333333334,2497.123026,-2.46670784262803,-2.46670784262803,0.0,0.0
16.75,2499.669187,-2.46670784262803,-2.46670784262803,0.0,0.0
16.766666666666666,2502.204513,-2.46670784262803,-2.46670784262803,0.0,0.0
16.783333333333335,2504.728248,-2.46670784262803,-2.46670784262803,0.0,0.0
16.8,2507.239947,-2.8290458127744014,-2.8290458127744014,0.0,0.0
16.816666666666666,2509.738621,-2.800519492593668,-2.800519492593668,0.0,0.0
16.833333333333332,2512.223848,-2.4679273336788943,-2.4679273336788943,0.0,0.0
16.85,2514.695597,-2.46670784262803,-2.46670784262803,0.0,0.0
16.866666666666667,2517.153858,-2.46670784262803,-2.46670784262803,0.0,0.0
16.883333333333333,2519.598617,-2.46670784262803,-2.46670784262803,0.0,0.0
16.9,2522.029811,-2.46670784262803,-2.46670784262803,0.0,0.0
16.916666666666668,2524.447312,-2.46670784262803,-2.46670784262803,0.0,0.0
16.933333333333334,2526.851029,-2.46670784262803,-2.46670784262803,0.0,0.0
16.95,2529.240023,-2.46670784262803,-2.46670784262803,0.0,0.0
16.966666666666665,2531.612093,-2.46670784262803,-2.46670784262803,0.0,0.0
16.983333333333334,2533.966237,-2.46670784262803,-2.46670784262803,0.0,0.0
17.0,2536.300757,-2.46670784262803,-2.46670784262803,0.0,0.0
17.016666666666666,2538.611713,-2.46670784262803,-2.46670784262803,0.0,0.0
17.033333333333335,2540.897395,-2.46670784262803,-2.46670784262803,0.0,0.0
17.05,2543.1568,-2.46670784262803,-2.46670784262803,0.0,0.0
17.066666666666666,2545.387714,-2.46670784262803,-2.46670784262803,0.0,0.0
17.083333333333332,2547.589185,-2.46670784262803,-2.46670784262803,0.0,0.0
17.1,2549.761105,-2.46670784262803,-2.46670784262803,0.0,0.0
17.116666666666667,2551.903337,-2.46670784262803,-2.46670784262803,0.0,0.0
17.133333333333333,2554.015804,-2.46670784262803,-2.46670784262803,0.0,0.0
17.15,2556.098473,-2.46670784262803,-2.46670784262803,0.0,0.0
17.166666666666668,2558.151325,-2.170386740101096,-2.170386740101096,0.0,0.0
17.183333333333334,2560.174319,-1.9195022114801668,-1.9195022114801668,0.0,0.0
17.2,2562.167015,-1.7617898948039912,-1.7617898948039912,0.0,0.0
17.216666666666665,2564.128417,-1.4627004452282253,-1.4627004452282253,0.0,0.0
17.233333333333334,2566.058063,-1.1915142161290815,-1.1915142161290815,0.0,0.0
17.25,2567.955184,-0.9178391320877237,-0.9178391320877237,0.0,0.0
17.266666666666666,2569.81804,-0.9143009764181103,-0.9143009764181103,0.0,0.0
17.283333333333335,2571.645863,-0.9143009764181103,-0.9143009764181103,0.0,0.0
17.3,2573.438196,-0.9143009764181103,-0.9143009764181103,0.0,0.0
17.316666666666666,2575.194058,-0.9143009764181103,-0.9143009764181103,0.0,0.0
17.333333333333332,2576.913017,-1.3165324526436608,-1.3165324526436608,0.0,0.0
17.35,2578.595004,-1.3714514646271656,-1.3714514646271656,0.0,0.0
17.366666666666667,2580.239931,-1.3714514646271656,-1.3714514646271656,0.0,0.0
17.383333333333333,2581.847743,-1.3714514646271656,-1.3714514646271656,0.0,0.0
17.4,2583.418426,-1.3714514646271656,-1.3714514646271656,0.0,0.0
17.416666666666668,2584.951985,-1.3714514646271656,-1.3714514646271656,0.0,0.0
17.433333333333334,2586.448408,-1.3714514646271656,-1.3714514646271656,0.0,0.0
17.45,2587.90767,-1.8493026952124558,-1.8493026952124558,0.0,0.0
17.466666666666665,2589.329755,-1.9190796536275982,-1.9190796536275982,0.0,0.0
17.483333333333334,2590.714641,-1.9190796536275982,-1.9190796536275982,0.0,0.0
17.5,2592.062311,-1.9190796536275982,-1.9190796536275982,0.0,0.0
17.516666666666666,2593.372764,-1.9190796536275982,-1.9190796536275982,0.0,0.0
17.533333333333335,2594.645985,-1.9190796536275982,-1.9190796536275982,0.0,0.0
17.55,2595.881957,-1.9190796536275982,-1.9190796536275982,0.0,0.0
17.566666666666666,2597.080674,-1.9190796536275982,-1.9190796536275982,0.0,0.0
17.583333333333332,2598.242119,-1.9190796536275982,-1.9190796536275982,0.0,0.0
17.6,2599.366254,-1.9190796536275982,-1.9190796536275982,0.0,0.0
17.616666666666667,2600.45302,-1.9190796536275982,-1.9190796536275982,0.0,0.0
17.633333333333333,2601.502377,-1.9190796536275982,-1.9190796536275982,0.0,0.0
17.65,2602.514333,-1.9190796536275982,-1.9190796536275982,0.0,0.0
17.666666666666668,2603.488931,-1.9190796536275982,-1.9190796536275982,0.0,0.0
17.683333333333334,2604.42619,-1.9190796536275982,-1.9190796536275982,0.0,0.0
17.7,2605.32654,-1.9190796536275982,-1.9190796536275982,0.0,0.0
17.716666666666665,2606.191025,-1.9190796536275982,-1.9190796536275982,0.0,0.0
17.733333333333334,2607.020103,-1.9190796536275982,-1.9190796536275982,0.0,0.0
17.75,2607.814578,-1.9190796536275982,-1.9190796536275982,0.0,0.0
17.766666666666666,2608.57635,-2.3969308842128885,-2.3969308842128885,0.0,0.0
17.783333333333335,2609.306227,-2.868939318853581,-2.868939318853581,0.0,0.0
17.8,2610.004679,-2.8146188355587056,-2.8146188355587056,0.0,0.0
17.816666666666666,2610.672772,-2.4728864098943757,-2.4728864098943757,0.0,0.0
17.833333333333332,2611.310953,-2.4667078426280304,-2.4667078426280304,0.0,0.0
17.85,2611.919223,-2.4667078426280304,-2.4667078426280304,0.0,0.0
17.866666666666667,2612.497563,-2.4667078426280304,-2.4667078426280304,0.0,0.0
17.883333333333333,2613.045961,-2.4667078426280304,-2.4667078426280304,0.0,0.0
17.9,2613.56446,-2.4667078426280304,-2.4667078426280304,0.0,0.0
17.916666666666668,2614.053165,-2.4667078426280304,-2.4667078426280304,0.0,0.0
17.933333333333334,2614.512151,-2.4667078426280304,-2.4667078426280304,0.0,0.0
17.95,2614.942416,-2.4667078426280304,-2.4667078426280304,0.0,0.0
17.966666666666665,2615.346334,-2.4667078426280304,-2.4667078426280304,0.0,0.0
17.983333333333334,2615.724967,-2.4667078426280304,-2.4667078426280304,0.0,0.0
18.0,2616.080146,-2.8689393188535806,-2.8689393188535806,0.0,0.0
18.016666666666666,2616.416136,-2.923858330837085,-2.923858330837085,0.0,0.0
18.033333333333335,2616.73477,-2.923858330837085,-2.923858330837085,0.0,0.0
18.05,2617.037111,-3.241914731453126,-3.241914731453126,0.0,0.0
18.066666666666666,2617.325538,-3.629382493797044,-3.629382493797044,0.0,0.0
18.083333333333332,2617.601055,-3.6843015057805486,-3.6843015057805486,0.0,0.0
18.1,2617.863739,-3.6843015057805486,-3.6843015057805486,0.0,0.0
18.116666666666667,2618.113705,-3.6843015057805486,-3.6843015057805486,0.0,0.0
18.133333333333333,2618.351002,-3.5095347864337,-3.5095347864337,0.0,0.0
18.15,2618.575625,-3.2278049478149047,-3.2278049478149047,0.0,0.0
18.166666666666668,2618.787561,-3.2271510175714937,-3.2271510175714937,0.0,0.0
18.183333333333334,2618.986822,-3.2271510175714937,-3.2271510175714937,0.0,0.0
18.2,2619.173853,-3.2271510175714937,-3.2271510175714937,0.0,0.0
18.216666666666665,2619.349717,-3.2271510175714937,-3.2271510175714937,0.0,0.0
18.233333333333334,2619.51489,-3.2271510175714937,-3.2271510175714937,0.0,0.0
18.25,2619.670179,-3.2271510175714937,-3.2271510175714937,0.0,0.0
18.266666666666666,2619.817465,-3.2271510175714937,-3.2271510175714937,0.0,0.0
18.283333333333335,2619.957557,-3.2271510175714937,-3.2271510175714937,0.0,0.0
18.3,2620.090923,-3.2271510175714937,-3.2271510175714937,0.0,0.0
18.316666666666666,2620.218604,-3.2271510175714937,-3.2271510175714937,0.0,0.0
18.333333333333332,2620.341042,-3.2271510175714937,-3.2271510175714937,0.0,0.0
18.35,2620.458274,-3.5452074181875264,-3.5452074181875264,0.0,0.0
18.366666666666667,2620.570362,-3.530443704305902,-3.530443704305902,0.0,0.0
18.383333333333333,2620.677331,-3.530443704305902,-3.530443704305902,0.0,0.0
18.4,2620.779165,-3.530443704305902,-3.530443704305902,0.0,0.0
18.416666666666668,2620.875822,-3.530443704305902,-3.530443704305902,0.0,0.0
18.433333333333334,2620.967286,-3.530443704305902,-3.530443704305902,0.0,0.0
18.45,2621.053555,-3.530443704305902,-3.530443704305902,0.0,0.0
18.466666666666665,2621.134624,-3.530443704305902,-3.530443704305902,0.0,0.0
18.483333333333334,2621.210487,-3.530443704305902,-3.530443704305902,0.0,0.0
18.5,2621.28114,-3.530443704305902,-3.530443704305902,0.0,0.0
18.516666666666666,2621.346567,-3.530443704305902,-3.530443704305902,0.0,0.0
18.533333333333335,2621.40676,-3.530443704305902,-3.530443704305902,0.0,0.0
18.55,2621.461714,-3.530443704305902,-3.530443704305902,0.0,0.0
18.566666666666666,2621.51142,-3.530443704305902,-3.530443704305902,0.0,0.0
18.583333333333332,2621.555872,-3.530443704305902,-3.530443704305902,0.0,0.0
18.6,2621.595082,-3.530443704305902,-3.530443704305902,0.0,0.0
18.616666666666667,2621.629075,-3.530443704305902,-3.530443704305902,0.0,0.0
18.633333333333333,2621.657865,-3.530443704305902,-3.530443704305902,0.0,0.0
18.65,2621.681431,-3.530443704305902,-3.530443704305902,0.0,0.0
18.666666666666668,2621.699734,-3.530443704305902,-3.530443704305902,0.0,0.0
18.683333333333334,2621.712744,-3.530443704305902,-3.530443704305902,0.0,0.0
18.7,2621.720165,-3.530443704305902,-3.530443704305902,0.0,0.0
18.716666666666665,2621.721283,-3.530443704305902,-3.530443704305902,0.0,0.0
18.733333333333334,2621.715779,-3.530443704305902,-3.530443704305902,0.0,0.0
18.75,2621.703103,-3.9326751805314526,-3.9326751805314526,0.0,0.0
18.766666666666666,2621.681971,-3.987594192514957,-3.987594192514957,0.0,0.0
18.783333333333335,2621.651833,-3.987594192514957,-3.987594192514957,0.0,0.0
18.8,2621.612364,-3.987594192514957,-3.987594192514957,0.0,0.0
18.816666666666666,2621.562843,-3.987594192514957,-3.987594192514957,0.0,0.0
18.833333333333332,2621.50296,-3.9331718566684732,-3.9331718566684732,0.0,0.0
18.85,2621.432712,-3.5378858126391504,-3.5378858126391504,0.0,0.0
18.866666666666667,2621.352105,-3.530443704305902,-3.530443704305902,0.0,0.0
18.883333333333333,2621.26114,-3.530443704305902,-3.530443704305902,0.0,0.0
18.9,2621.159784,-3.530443704305902,-3.530443704305902,0.0,0.0
18.916666666666668,2621.047963,-3.530443704305902,-3.530443704305902,0.0,0.0
18.933333333333334,2620.925625,-3.530443704305902,-3.530443704305902,0.0,0.0
18.95,2620.792098,-3.530443704305902,-3.530443704305902,0.0,0.0
18.966666666666665,2620.645799,-3.530443704305902,-3.530443704305902,0.0,0.0
18.983333333333334,2620.486018,-3.530443704305902,-3.530443704305902,0.0,0.0
19.0,2620.311533,-3.9326751805314526,-3.9326751805314526,0.0,0.0
19.016666666666666,2620.119498,-4.465445423100269,-4.465445423100269,0.0,0.0
19.033333333333335,2619.908697,-4.535222381515377,-4.535222381515377,0.0,0.0
19.05,2619.678417,-4.535222381515377,-4.535222381515377,0.0,0.0
19.066666666666666,2619.427074,-4.535222381515377,-4.535222381515377,0.0,0.0
19.083333333333332,2619.154005,-4.535222381515377,-4.535222381515377,0.0,0.0
19.1,2618.859154,-4.535222381515377,-4.535222381515377,0.0,0.0
19.116666666666667,2618.54245,-4.535222381515377,-4.535222381515377,0.0,0.0
19.133333333333333,2618.203863,-4.535222381515377,-4.535222381515377,0.0,0.0
19.15,2617.843398,-4.937453857740928,-4.937453857740928,0.0,0.0
19.166666666666668,2617.461067,-4.9923728697244325,-4.9923728697244325,0.0,0.0
19.183333333333334,2617.056865,-4.9923728697244325,-4.9923728697244325,0.0,0.0
19.2,2616.630496,-4.9923728697244325,-4.9923728697244325,0.0,0.0
19.216666666666665,2616.181248,-4.9923728697244325,-4.9923728697244325,0.0,0.0
19.233333333333334,2615.708808,-4.9923728697244325,-4.9923728697244325,0.0,0.0
19.25,2615.212636,-4.9923728697244325,-4.9923728697244325,0.0,0.0
19.266666666666666,2614.691471,-4.9923728697244325,-4.9923728697244325,0.0,0.0
19.283333333333335,2614.144777,-4.9923728697244325,-4.9923728697244325,0.0,0.0
19.3,2613.572245,-4.9923728697244325,-4.9923728697244325,0.0,0.0
19.316666666666666,2612.97318,-4.9923728697244325,-4.9923728697244325,0.0,0.0
19.333333333333332,2612.347295,-4.9923728697244325,-4.9923728697244325,0.0,0.0
19.35,2611.694571,-5.4702241003097605,-5.4702241003097605,0.0,0.0
19.366666666666667,2611.014975,-5.9422325349504215,-5.9422325349504215,0.0,0.0
19.383333333333333,2610.308501,-5.997151546933926,-5.997151546933926,0.0,0.0
19.4,2609.575168,-5.997151546933926,-5.997151546933926,0.0,0.0
19.416666666666668,2608.815015,-5.997151546933926,-5.997151546933926,0.0,0.0
19.433333333333334,2608.028059,-5.997151546933926,-5.997151546933926,0.0,0.0
19.45,2607.214315,-5.997151546933926,-5.997151546933926,0.0,0.0
19.466666666666665,2606.373789,-5.997151546933926,-5.997151546933926,0.0,0.0
19.483333333333334,2605.506492,-5.997151546933926,-5.997151546933926,0.0,0.0
19.5,2604.612438,-5.997151546933926,-5.997151546933926,0.0,0.0
19.516666666666666,2603.691637,-5.997151546933926,-5.997151546933926,0.0,0.0
19.533333333333335,2602.744104,-5.857413599634512,-5.857413599634512,0.0,0.0
19.55,2601.769851,-5.523985415870014,-5.523985415870014,0.0,0.0
19.566666666666666,2600.768895,-5.456003432944082,-5.456003432944082,0.0,0.0
19.583333333333332,2599.741248,-5.396935081147735,-5.396935081147735,0.0,0.0
19.6,2598.686916,-5.414464812416122,-5.414464812416122,0.0,0.0
19.616666666666667,2597.605888,-5.084668274978311,-5.084668274978311,0.0,0.0
19.633333333333333,2596.498169,-5.887313522966917,-5.887313522966917,0.0,0.0
19.65,2595.363791,-5.997151546933926,-5.997151546933926,0.0,0.0
19.666666666666668,2594.202804,-5.997151546933926,-5.997151546933926,0.0,0.0
19.683333333333334,2593.015249,-5.997151546933926,-5.997151546933926,0.0,0.0
19.7,2591.801412,-6.399383023159476,-6.399383023159476,0.0,0.0
19.716666666666665,2590.561944,-6.454302035142981,-6.454302035142981,0.0,0.0
19.733333333333334,2589.297149,-6.454302035142981,-6.454302035142981,0.0,0.0
19.75,2588.007534,-6.454302035142981,-6.454302035142981,0.0,0.0
19.766666666666666,2586.694267,-6.454302035142981,-6.454302035142981,0.0,0.0
19.783333333333335,2585.357857,-6.454302035142981,-6.454302035142981,0.0,0.0
19.8,2583.99861,-6.454302035142981,-6.454302035142981,0.0,0.0
19.816666666666666,2582.617191,-6.454302035142981,-6.454302035142981,0.0,0.0
19.833333333333332,2581.213887,-6.932153265728337,-6.932153265728337,0.0,0.0
19.85,2579.788721,-7.00193022414345,-7.00193022414345,0.0,0.0
19.866666666666667,2578.341706,-7.00193022414345,-7.00193022414345,0.0,0.0
19.883333333333333,2576.872854,-7.00193022414345,-7.00193022414345,0.0,0.0
19.9,2575.382213,-7.00193022414345,-7.00193022414345,0.0,0.0
19.916666666666668,2573.869866,-7.404161700369,-7.404161700369,0.0,0.0
19.933333333333334,2572.335882,-7.459080712352506,-7.459080712352506,0.0,0.0
19.95,2570.78088,-7.459080712352506,-7.459080712352506,0.0,0.0
19.966666666666665,2569.206313,-7.459080712352506,-7.459080712352506,0.0,0.0
19.983333333333334,2567.612841,-7.459080712352506,-7.459080712352506,0.0,0.0
20.0,2566.00158,-7.459080712352506,-7.459080712352506,0.0,0.0
20.016666666666666,2564.375122,-7.459080712352506,-7.459080712352506,0.0,0.0
20.033333333333335,2562.734584,-7.459080712352506,-7.459080712352506,0.0,0.0
20.05,2561.080619,-7.459080712352506,-7.459080712352506,0.0,0.0
20.066666666666666,2559.414676,-7.459080712352506,-7.459080712352506,0.0,0.0
20.083333333333332,2557.737369,-7.459080712352506,-7.459080712352506,0.0,0.0
20.1,2556.048757,-7.420960417564659,-7.420960417564659,0.0,0.0
20.116666666666667,2554.34892,-7.3549123150431255,-7.3549123150431255,0.0,0.0
20.133333333333333,2552.637897,-7.299004432782034,-7.299004432782034,0.0,0.0
20.15,2550.915694,-7.2730792798622055,-7.2730792798622055,0.0,0.0
20.166666666666668,2549.182318,-7.005141993476082,-7.005141993476082,0.0,0.0
20.183333333333334,2547.437787,-7.00193022414345,-7.00193022414345,0.0,0.0
20.2,2545.682386,-7.00193022414345,-7.00193022414345,0.0,0.0
20.216666666666665,2543.916786,-6.986193495847092,-6.986193495847092,0.0,0.0
20.233333333333334,2542.141293,-6.9209246418391315,-6.9209246418391315,0.0,0.0
20.25,2540.356415,-6.8613559616366,-6.8613559616366,0.0,0.0
20.266666666666666,2538.563331,-6.84768311439746,-6.84768311439746,0.0,0.0
20.283333333333335,2536.762549,-6.821573595754672,-6.821573595754672,0.0,0.0
20.3,2534.954369,-6.82873509813255,-6.82873509813255,0.0,0.0
20.316666666666666,2533.139445,-6.5455592922083214,-6.5455592922083214,0.0,0.0
20.333333333333332,2531.318056,-6.544779735934394,-6.544779735934394,0.0,0.0
20.35,2529.490235,-6.544779735934394,-6.544779735934394,0.0,0.0
20.366666666666667,2527.656024,-6.544779735934394,-6.544779735934394,0.0,0.0
20.383333333333333,2525.815446,-6.544779735934394,-6.544779735934394,0.0,0.0
20.4,2523.968497,-7.02263096651975,-7.02263096651975,0.0,0.0
20.416666666666668,2522.115159,-7.0924079249348635,-7.0924079249348635,0.0,0.0
20.433333333333334,2520.255427,-7.0924079249348635,-7.0924079249348635,0.0,0.0
20.45,2518.389313,-7.0924079249348635,-7.0924079249348635,0.0,0.0
20.466666666666665,2516.516838,-6.912426460780933,-6.912426460780933,0.0,0.0
20.483333333333334,2514.638011,-6.638107497696311,-6.638107497696311,0.0,0.0
20.5,2512.752849,-6.635257436725809,-6.635257436725809,0.0,0.0
20.516666666666666,2510.861375,-6.635257436725809,-6.635257436725809,0.0,0.0
20.533333333333335,2508.963605,-6.635257436725809,-6.635257436725809,0.0,0.0
20.55,2507.059551,-6.635257436725809,-6.635257436725809,0.0,0.0
20.566666666666666,2505.149223,-6.635257436725809,-6.635257436725809,0.0,0.0
20.583333333333332,2503.232633,-6.635257436725809,-6.635257436725809,0.0,0.0
20.6,2501.309806,-6.635257436725809,-6.635257436725809,0.0,0.0
20.616666666666667,2499.380788,-6.635257436725809,-6.635257436725809,0.0,0.0
20.633333333333333,2497.445605,-6.635257436725809,-6.635257436725809,0.0,0.0
20.65,2495.504236,-6.635257436725809,-6.635257436725809,0.0,0.0
20.666666666666668,2493.556623,-6.635257436725809,-6.635257436725809,0.0,0.0
20.683333333333334,2491.602729,-6.635257436725809,-6.635257436725809,0.0,0.0
20.7,2489.642091,-6.635257436725809,-6.635257436725809,0.0,0.0
20.716666666666665,2487.673601,-6.635257436725809,-6.635257436725809,0.0,0.0
20.733333333333334,2485.69677,-6.635257436725809,-6.635257436725809,0.0,0.0
20.75,2483.710743,-6.635257436725809,-6.635257436725809,0.0,0.0
20.766666666666666,2481.713518,-6.63555045246586,-6.63555045246586,0.0,0.0
20.783333333333335,2479.704241,-6.3328951773545485,-6.3328951773545485,0.0,0.0
20.8,2477.682421,-6.3319647499914,-6.3319647499914,0.0,0.0
20.816666666666666,2475.646933,-6.3319647499914,-6.3319647499914,0.0,0.0
20.833333333333332,2473.597314,-6.3319647499914,-6.3319647499914,0.0,0.0
20.85,2471.533567,-6.3319647499914,-6.3319647499914,0.0,0.0
20.866666666666667,2469.455721,-6.180245491040408,-6.180245491040408,0.0,0.0
20.883333333333333,2467.363793,-5.666234329342286,-5.666234329342286,0.0,0.0
20.9,2465.257746,-5.227140738361804,-5.227140738361804,0.0,0.0
20.916666666666668,2463.137473,-4.876395905437934,-4.876395905437934,0.0,0.0
20.933333333333334,2461.002906,-4.683969813495761,-4.683969813495761,0.0,0.0
20.95,2458.852985,-4.416162187845444,-4.416162187845444,0.0,0.0
20.966666666666665,2456.685183,-4.890736326949125,-4.890736326949125,0.0,0.0
20.983333333333334,2454.498378,-4.960513285364235,-4.960513285364235,0.0,0.0
21.0,2452.290633,-4.960513285364235,-4.960513285364235,0.0,0.0
21.016666666666666,2450.057403,-4.960513285364235,-4.960513285364235,0.0,0.0
21.033333333333335,2447.796755,-4.960513285364235,-4.960513285364235,0.0,0.0
21.05,2445.507586,-4.960513285364235,-4.960513285364235,0.0,0.0
21.066666666666666,2443.18738,-4.960513285364235,-4.960513285364235,0.0,0.0
21.083333333333332,2440.835103,-4.960513285364235,-4.960513285364235,0.0,0.0
21.1,2438.45071,-4.960513285364235,-4.960513285364235,0.0,0.0
21.116666666666667,2436.034119,-4.960513285364235,-4.960513285364235,0.0,0.0
21.133333333333333,2433.585322,-5.438364515949591,-5.438364515949591,0.0,0.0
21.15,2431.104365,-5.508141474364704,-5.508141474364704,0.0,0.0
21.166666666666668,2428.591301,-5.508141474364704,-5.508141474364704,0.0,0.0
21.183333333333334,2426.046163,-5.508141474364704,-5.508141474364704,0.0,0.0
21.2,2423.468508,-5.910372950590254,-5.910372950590254,0.0,0.0
21.216666666666665,2420.857223,-5.965291962573759,-5.965291962573759,0.0,0.0
21.233333333333334,2418.211839,-5.965291962573759,-5.965291962573759,0.0,0.0
21.25,2415.531522,-5.965291962573759,-5.965291962573759,0.0,0.0
21.266666666666666,2412.814272,-5.965291962573759,-5.965291962573759,0.0,0.0
21.283333333333335,2410.059261,-5.965291962573759,-5.965291962573759,0.0,0.0
21.3,2407.266037,-5.965291962573759,-5.965291962573759,0.0,0.0
21.316666666666666,2404.433523,-5.965291962573759,-5.965291962573759,0.0,0.0
21.333333333333332,2401.561296,-5.965291962573759,-5.965291962573759,0.0,0.0
21.35,2398.649382,-5.965291962573759,-5.965291962573759,0.0,0.0
21.366666666666667,2395.697777,-5.965291962573759,-5.965291962573759,0.0,0.0
21.383333333333333,2392.706521,-5.965291962573759,-5.965291962573759,0.0,0.0
21.4,2389.675701,-5.965291962573759,-5.965291962573759,0.0,0.0
21.416666666666668,2386.605423,-5.965291962573759,-5.965291962573759,0.0,0.0
21.433333333333334,2383.495775,-5.965291962573759,-5.965291962573759,0.0,0.0
21.45,2380.346819,-5.965291962573759,-5.965291962573759,0.0,0.0
21.466666666666665,2377.158605,-5.965291962573759,-5.965291962573759,0.0,0.0
21.483333333333334,2373.931193,-5.965291962573759,-5.965291962573759,0.0,0.0
21.5,2370.664644,-5.965291962573759,-5.965291962573759,0.0,0.0
21.516666666666666,2367.358999,-5.965291962573759,-5.965291962573759,0.0,0.0
21.533333333333335,2364.014317,-5.965291962573759,-5.965291962573759,0.0,0.0
21.55,2360.630669,-5.965291962573759,-5.965291962573759,0.0,0.0
21.566666666666666,2357.208117,-5.965291962573759,-5.965291962573759,0.0,0.0
21.583333333333332,2353.74673,-5.779221260621036,-5.779221260621036,0.0,0.0
21.6,2350.246565,-5.511417676584725,-5.511417676584725,0.0,0.0
21.616666666666667,2346.70765,-5.508141474364704,-5.508141474364704,0.0,0.0
21.633333333333333,2343.130042,-5.508141474364704,-5.508141474364704,0.0,0.0
21.65,2339.513855,-5.508141474364704,-5.508141474364704,0.0,0.0
21.666666666666668,2335.85925,-5.508141474364704,-5.508141474364704,0.0,0.0
21.683333333333334,2332.166359,-5.508141474364704,-5.508141474364704,0.0,0.0
21.7,2328.435837,-5.508141474364704,-5.508141474364704,0.0,0.0
21.716666666666665,2324.66911,-5.508141474364704,-5.508141474364704,0.0,0.0
21.733333333333334,2320.866867,-5.508141474364704,-5.508141474364704,0.0,0.0
21.75,2317.030228,-5.508141474364704,-5.508141474364704,0.0,0.0
21.766666666666666,2313.161709,-5.508141474364704,-5.508141474364704,0.0,0.0
21.783333333333335,2309.262425,-5.508141474364704,-5.508141474364704,0.0,0.0
21.8,2305.333065,-5.508141474364704,-5.508141474364704,0.0,0.0
21.816666666666666,2301.375071,-5.508141474364704,-5.508141474364704,0.0,0.0
21.833333333333332,2297.389091,-5.508141474364704,-5.508141474364704,0.0,0.0
21.85,2293.375206,-5.508141474364704,-5.508141474364704,0.0,0.0
21.866666666666667,2289.333468,-5.508141474364704,-5.508141474364704,0.0,0.0
21.883333333333333,2285.263939,-5.508141474364704,-5.508141474364704,0.0,0.0
21.9,2281.166753,-5.34724040696212,-5.34724040696212,0.0,0.0
21.916666666666668,2277.042125,-5.056041349412416,-5.056041349412416,0.0,0.0
21.933333333333334,2272.890229,-5.050990986155649,-5.050990986155649,0.0,0.0
21.95,2268.712443,-5.050990986155649,-5.050990986155649,0.0,0.0
21.966666666666665,2264.511937,-5.050990986155649,-5.050990986155649,0.0,0.0
21.983333333333334,2260.290159,-5.050990986155649,-5.050990986155649,0.0,0.0
22.0,2256.049557,-5.050990986155649,-5.050990986155649,0.0,0.0
22.016666666666666,2251.795755,-5.528842216740973,-5.528842216740973,0.0,0.0
22.033333333333335,2247.531178,-5.598619175156082,-5.598619175156082,0.0,0.0
22.05,2243.257251,-5.598619175156082,-5.598619175156082,0.0,0.0
22.066666666666666,2238.977107,-5.598619175156082,-5.598619175156082,0.0,0.0
22.083333333333332,2234.692078,-5.598619175156082,-5.598619175156082,0.0,0.0
22.1,2230.402279,-5.598619175156082,-5.598619175156082,0.0,0.0
22.116666666666667,2226.107883,-5.469785350179372,-5.469785350179372,0.0,0.0
22.133333333333333,2221.808963,-5.143298510723196,-5.143298510723196,0.0,0.0
22.15,2217.50553,-5.141468686947027,-5.141468686947027,0.0,0.0
22.166666666666668,2213.197585,-5.141468686947027,-5.141468686947027,0.0,0.0
22.183333333333334,2208.885156,-5.141468686947027,-5.141468686947027,0.0,0.0
22.2,2204.568841,-5.141468686947027,-5.141468686947027,0.0,0.0
22.216666666666665,2200.250043,-5.141468686947027,-5.141468686947027,0.0,0.0
22.233333333333334,2195.929391,-5.141468686947027,-5.141468686947027,0.0,0.0
22.25,2191.607949,-5.141468686947027,-5.141468686947027,0.0,0.0
22.266666666666666,2187.288184,-5.141468686947027,-5.141468686947027,0.0,0.0
22.283333333333335,2182.971149,-5.141468686947027,-5.141468686947027,0.0,0.0
22.3,2178.65745,-5.141468686947027,-5.141468686947027,0.0,0.0
22.316666666666666,2174.348443,-5.141468686947027,-5.141468686947027,0.0,0.0
22.333333333333332,2170.044691,-5.141468686947027,-5.141468686947027,0.0,0.0
22.35,2165.746231,-5.141468686947027,-5.141468686947027,0.0,0.0
22.366666666666667,2161.453128,-5.141468686947027,-5.141468686947027,0.0,0.0
22.383333333333333,2157.1654,-5.141468686947027,-5.141468686947027,0.0,0.0
22.4,2152.88301,-5.141468686947027,-5.141468686947027,0.0,0.0
22.416666666666668,2148.605895,-5.141468686947027,-5.141468686947027,0.0,0.0
22.433333333333334,2144.334016,-5.141468686947027,-5.141468686947027,0.0,0.0
22.45,2140.067364,-5.141468686947027,-5.141468686947027,0.0,0.0
22.466666666666665,2135.805929,-5.141468686947027,-5.141468686947027,0.0,0.0
22.483333333333334,2131.549698,-5.141468686947027,-5.141468686947027,0.0,0.0
22.5,2127.29866,-5.141468686947027,-5.141468686947027,0.0,0.0
22.516666666666666,2123.052801,-5.141468686947027,-5.141468686947027,0.0,0.0
22.533333333333335,2118.812105,-5.141468686947027,-5.141468686947027,0.0,0.0
22.55,2114.57656,-5.406952774600622,-5.406952774600622,0.0,0.0
22.566666666666666,2110.346153,-4.876875616338529,-4.876875616338529,0.0,0.0
22.583333333333332,2106.120871,-4.596503555510113,-4.596503555510113,0.0,0.0
22.6,2101.900697,-5.07169172853193,-5.07169172853193,0.0,0.0
22.616666666666667,2097.685613,-5.141468686947039,-5.141468686947039,0.0,0.0
22.633333333333333,2093.475599,-5.141468686947039,-5.141468686947039,0.0,0.0
22.65,2089.270647,-5.141468686947039,-5.141468686947039,0.0,0.0
22.666666666666668,2085.070747,-5.141468686947039,-5.141468686947039,0.0,0.0
22.683333333333334,2080.875893,-5.141468686947039,-5.141468686947039,0.0,0.0
22.7,2076.686129,-5.54370016317259,-5.54370016317259,0.0,0.0
22.716666666666665,2072.501589,-5.598619175156095,-5.598619175156095,0.0,0.0
22.733333333333334,2068.322322,-5.322409751058467,-5.322409751058467,0.0,0.0
22.75,2064.148428,-5.054253291094053,-5.054253291094053,0.0,0.0
22.766666666666666,2059.980159,-5.084781345646987,-5.084781345646987,0.0,0.0
22.783333333333335,2055.817612,-4.74933528518159,-4.74933528518159,0.0,0.0
22.8,2051.660838,-4.747698299421254,-4.747698299421254,0.0,0.0
22.816666666666666,2047.509975,-4.747698299421254,-4.747698299421254,0.0,0.0
22.833333333333332,2043.365065,-4.747698299421254,-4.747698299421254,0.0,0.0
22.85,2039.226097,-4.747698299421254,-4.747698299421254,0.0,0.0
22.866666666666667,2035.093049,-4.747698299421254,-4.747698299421254,0.0,0.0
22.883333333333333,2030.965905,-4.747698299421254,-4.747698299421254,0.0,0.0
22.9,2026.844656,-4.747698299421254,-4.747698299421254,0.0,0.0
22.916666666666668,2022.729303,-4.747698299421254,-4.747698299421254,0.0,0.0
22.933333333333334,2018.619843,-4.747698299421254,-4.747698299421254,0.0,0.0
22.95,2014.516417,-4.747698299421254,-4.747698299421254,0.0,0.0
22.966666666666665,2010.419388,-4.747698299421254,-4.747698299421254,0.0,0.0
22.983333333333334,2006.328904,-4.747698299421254,-4.747698299421254,0.0,0.0
23.0,2002.245238,-4.747698299421254,-4.747698299421254,0.0,0.0
23.016666666666666,1998.169048,-4.747698299421254,-4.747698299421254,0.0,0.0
23.033333333333335,1994.100603,-4.747698299421254,-4.747698299421254,0.0,0.0
23.05,1990.040049,-4.747698299421254,-4.747698299421254,0.0,0.0
23.066666666666666,1985.987741,-4.747698299421254,-4.747698299421254,0.0,0.0
23.083333333333332,1981.943814,-4.747698299421254,-4.747698299421254,0.0,0.0
23.1,1977.908256,-4.747698299421254,-4.747698299421254,0.0,0.0
23.116666666666667,1973.881062,-4.747698299421254,-4.747698299421254,0.0,0.0
23.133333333333333,1969.862215,-4.747698299421254,-4.747698299421254,0.0,0.0
23.15,1965.851689,-4.747698299421254,-4.747698299421254,0.0,0.0
23.166666666666668,1961.849457,-4.747698299421254,-4.747698299421254,0.0,0.0
23.183333333333334,1957.855493,-4.747698299421254,-4.747698299421254,0.0,0.0
23.2,1953.869835,-5.149929775646805,-5.149929775646805,0.0,0.0
23.216666666666665,1949.892599,-5.20484878763031,-5.20484878763031,0.0,0.0
23.233333333333334,1945.923826,-5.20484878763031,-5.20484878763031,0.0,0.0
23.25,1941.963598,-5.20484878763031,-5.20484878763031,0.0,0.0
23.266666666666666,1938.012144,-5.20484878763031,-5.20484878763031,0.0,0.0
23.283333333333335,1934.069545,-5.20484878763031,-5.20484878763031,0.0,0.0
23.3,1930.13584,-5.20484878763031,-5.20484878763031,0.0,0.0
23.316666666666666,1926.211138,-5.20484878763031,-5.20484878763031,0.0,0.0
23.333333333333332,1922.295473,-5.20484878763031,-5.20484878763031,0.0,0.0
23.35,1918.388823,-5.20484878763031,-5.20484878763031,0.0,0.0
23.366666666666667,1914.491169,-5.20484878763031,-5.20484878763031,0.0,0.0
23.383333333333333,1910.602488,-5.20484878763031,-5.20484878763031,0.0,0.0
23.4,1906.722751,-5.20484878763031,-5.20484878763031,0.0,0.0
23.416666666666668,1902.851923,-5.20484878763031,-5.20484878763031,0.0,0.0
23.433333333333334,1898.989974,-5.20484878763031,-5.20484878763031,0.0,0.0
23.45,1895.13687,-5.20484878763031,-5.20484878763031,0.0,0.0
23.466666666666665,1891.29256,-5.20484878763031,-5.20484878763031,0.0,0.0
23.483333333333334,1887.457008,-5.20484878763031,-5.20484878763031,0.0,0.0
23.5,1883.63017,-5.20484878763031,-5.20484878763031,0.0,0.0
23.516666666666666,1879.811977,-5.20484878763031,-5.20484878763031,0.0,0.0
23.533333333333335,1876.002388,-5.20484878763031,-5.20484878763031,0.0,0.0
23.55,1872.201365,-5.20484878763031,-5.20484878763031,0.0,0.0
23.566666666666666,1868.40886,-5.20484878763031,-5.20484878763031,0.0,0.0
23.583333333333332,1864.624839,-5.20484878763031,-5.20484878763031,0.0,0.0
23.6,1860.849269,-5.20484878763031,-5.20484878763031,0.0,0.0
23.616666666666667,1857.082108,-5.20484878763031,-5.20484878763031,0.0,0.0
23.633333333333333,1853.323323,-5.20484878763031,-5.20484878763031,0.0,0.0
23.65,1849.572897,-4.984969208468931,-4.984969208468931,0.0,0.0
23.666666666666668,1845.83083,-4.66291035492503,-4.66291035492503,0.0,0.0
23.683333333333334,1842.09711,-4.637380219277737,-4.637380219277737,0.0,0.0
23.7,1838.371879,-4.571062724218165,-4.571062724218165,0.0,0.0
23.716666666666665,1834.655507,-4.495627833866088,-4.495627833866088,0.0,0.0
23.733333333333334,1830.948143,-4.204186202614702,-4.204186202614702,0.0,0.0
23.75,1827.250068,-4.518126511036818,-4.518126511036818,0.0,0.0
23.766666666666666,1823.561968,-4.5033627971551935,-4.5033627971551935,0.0,0.0
23.783333333333335,1819.884121,-4.5033627971551935,-4.5033627971551935,0.0,0.0
23.8,1816.216676,-4.5033627971551935,-4.5033627971551935,0.0,0.0
23.816666666666666,1812.560005,-4.5033627971551935,-4.5033627971551935,0.0,0.0
23.833333333333332,1808.914246,-4.5033627971551935,-4.5033627971551935,0.0,0.0
23.85,1805.279371,-4.5033627971551935,-4.5033627971551935,0.0,0.0
23.866666666666667,1801.655338,-4.5033627971551935,-4.5033627971551935,0.0,0.0
23.883333333333333,1798.042114,-4.5033627971551935,-4.5033627971551935,0.0,0.0
23.9,1794.439684,-4.5033627971551935,-4.5033627971551935,0.0,0.0
23.916666666666668,1790.848063,-4.905594273380744,-4.905594273380744,0.0,0.0
23.933333333333334,1787.267249,-4.960513285364248,-4.960513285364248,0.0,0.0
23.95,1783.69761,-4.960513285364248,-4.960513285364248,0.0,0.0
23.966666666666665,1780.140066,-4.960513285364248,-4.960513285364248,0.0,0.0
23.983333333333334,1776.595003,-4.960513285364248,-4.960513285364248,0.0,0.0
24.0,1773.063121,-4.960513285364248,-4.960513285364248,0.0,0.0
24.016666666666666,1769.546088,-4.960513285364248,-4.960513285364248,0.0,0.0
24.033333333333335,1766.044593,-4.960513285364248,-4.960513285364248,0.0,0.0
24.05,1762.559016,-4.960513285364248,-4.960513285364248,0.0,0.0
24.066666666666666,1759.090264,-4.960513285364248,-4.960513285364248,0.0,0.0
24.083333333333332,1755.638688,-4.960513285364248,-4.960513285364248,0.0,0.0
24.1,1752.204267,-4.960513285364248,-4.960513285364248,0.0,0.0
24.116666666666667,1748.786997,-4.960513285364248,-4.960513285364248,0.0,0.0
24.133333333333333,1745.386846,-4.960513285364248,-4.960513285364248,0.0,0.0
24.15,1742.003761,-4.960513285364248,-4.960513285364248,0.0,0.0
24.166666666666668,1738.637687,-4.960513285364248,-4.960513285364248,0.0,0.0
24.183333333333334,1735.288577,-4.960513285364248,-4.960513285364248,0.0,0.0
24.2,1731.95656,-4.710683494981116,-4.710683494981116,0.0,0.0
24.216666666666665,1728.642012,-4.417922162017998,-4.417922162017998,0.0,0.0
24.233333333333334,1725.345074,-4.41288509636381,-4.41288509636381,0.0,0.0
24.25,1722.066016,-4.41288509636381,-4.41288509636381,0.0,0.0
24.266666666666666,1718.805545,-4.41288509636381,-4.41288509636381,0.0,0.0
24.283333333333335,1715.563929,-4.41288509636381,-4.41288509636381,0.0,0.0
24.3,1712.341302,-4.41288509636381,-4.41288509636381,0.0,0.0
24.316666666666666,1709.138025,-4.256781441181141,-4.256781441181141,0.0,0.0
24.333333333333332,1705.954221,-3.96000466731582,-3.96000466731582,0.0,0.0
24.35,1702.789845,-3.9557346081547546,-3.9557346081547546,0.0,0.0
24.366666666666667,1699.644867,-3.9557346081547546,-3.9557346081547546,0.0,0.0
24.383333333333333,1696.519238,-3.9557346081547546,-3.9557346081547546,0.0,0.0
24.4,1693.412896,-3.9557346081547546,-3.9557346081547546,0.0,0.0
24.416666666666668,1690.32577,-3.9557346081547546,-3.9557346081547546,0.0,0.0
24.433333333333334,1687.257798,-3.9557346081547546,-3.9557346081547546,0.0,0.0
24.45,1684.208926,-3.9557346081547546,-3.9557346081547546,0.0,0.0
24.466666666666665,1681.179105,-3.9557346081547546,-3.9557346081547546,0.0,0.0
24.483333333333334,1678.168282,-3.9557346081547546,-3.9557346081547546,0.0,0.0
24.5,1675.176407,-3.9557346081547546,-3.9557346081547546,0.0,0.0
24.516666666666666,1672.203431,-3.9557346081547546,-3.9557346081547546,0.0,0.0
24.533333333333335,1669.249303,-3.9557346081547546,-3.9557346081547546,0.0,0.0
24.55,1666.313973,-3.9557346081547546,-3.9557346081547546,0.0,0.0
24.566666666666666,1663.397391,-3.9557346081547546,-3.9557346081547546,0.0,0.0
24.583333333333332,1660.499508,-3.9557346081547546,-3.9557346081547546,0.0,0.0
24.6,1657.620266,-3.9557346081547546,-3.9557346081547546,0.0,0.0
24.616666666666667,1654.759608,-3.9557346081547546,-3.9557346081547546,0.0,0.0
24.633333333333333,1651.917479,-3.9557346081547546,-3.9557346081547546,0.0,0.0
24.65,1649.093831,-3.9557346081547546,-3.9557346081547546,0.0,0.0
24.666666666666668,1646.288625,-3.9557346081547546,-3.9557346081547546,0.0,0.0
24.683333333333334,1643.501818,-3.9557346081547546,-3.9557346081547546,0.0,0.0
24.7,1640.733442,-3.9557346081547546,-3.9557346081547546,0.0,0.0
24.716666666666665,1637.983649,-3.9557346081547546,-3.9557346081547546,0.0,0.0
24.733333333333334,1635.252477,-3.9557346081547546,-3.9557346081547546,0.0,0.0
24.75,1632.540031,-3.9557346081547546,-3.9557346081547546,0.0,0.0
24.766666666666666,1629.846624,-3.9557346081547546,-3.9557346081547546,0.0,0.0
24.783333333333335,1627.172359,-3.9557346081547546,-3.9557346081547546,0.0,0.0
24.8,1624.517277,-3.9557346081547546,-3.9557346081547546,0.0,0.0
24.816666666666666,1621.881531,-3.9557346081547546,-3.9557346081547546,0.0,0.0
24.833333333333332,1619.265158,-3.9557346081547546,-3.9557346081547546,0.0,0.0
24.85,1616.668108,-3.9557346081547546,-3.9557346081547546,0.0,0.0
24.866666666666667,1614.09033,-3.9557346081547546,-3.9557346081547546,0.0,0.0
24.883333333333333,1611.531772,-3.8555892969186845,-3.8555892969186845,0.0,0.0
24.9,1608.992395,-3.6528881900860237,-3.6528881900860237,0.0,0.0
24.916666666666668,1606.47217,-3.6524419214203463,-3.6524419214203463,0.0,0.0
24.933333333333334,1603.971067,-3.6524419214203463,-3.6524419214203463,0.0,0.0
24.95,1601.489229,-3.6524419214203463,-3.6524419214203463,0.0,0.0
24.966666666666665,1599.027073,-3.6524419214203463,-3.6524419214203463,0.0,0.0
24.983333333333334,1596.584754,-3.6524419214203463,-3.6524419214203463,0.0,0.0
25.0,1594.162582,-3.6524419214203463,-3.6524419214203463,0.0,0.0
25.016666666666666,1591.761335,-3.6524419214203463,-3.6524419214203463,0.0,0.0
25.033333333333335,1589.381319,-3.4360951037307177,-3.4360951037307177,0.0,0.0
25.05,1587.022689,-3.105877499878907,-3.105877499878907,0.0,0.0
25.066666666666666,1584.685857,-3.1048137324198772,-3.1048137324198772,0.0,0.0
25.083333333333332,1582.370962,-2.8930929392942333,-2.8930929392942333,0.0,0.0
25.1,1580.077969,-2.5587101873087246,-2.5587101873087246,0.0,0.0
25.116666666666667,1577.806847,-2.557185543419408,-2.557185543419408,0.0,0.0
25.133333333333333,1575.557552,-2.557185543419408,-2.557185543419408,0.0,0.0
25.15,1573.330032,-2.399605556379817,-2.399605556379817,0.0,0.0
25.166666666666668,1571.124234,-2.10240946821518,-2.10240946821518,0.0,0.0
25.183333333333334,1568.940109,-2.1000350552103524,-2.1000350552103524,0.0,0.0
25.2,1566.777696,-2.1000350552103524,-2.1000350552103524,0.0,0.0
25.216666666666665,1564.637158,-2.1000350552103524,-2.1000350552103524,0.0,0.0
25.233333333333334,1562.51854,-2.1000350552103524,-2.1000350552103524,0.0,0.0
25.25,1560.421954,-1.979954590858458,-1.979954590858458,0.0,0.0
25.266666666666666,1558.347727,-1.6442101923275945,-1.6442101923275945,0.0,0.0
25.283333333333335,1556.295974,-1.6428845670012975,-1.6428845670012975,0.0,0.0
25.3,1554.266737,-1.6428845670012975,-1.6428845670012975,0.0,0.0
25.316666666666666,1552.260177,-1.6428845670012975,-1.6428845670012975,0.0,0.0
25.333333333333332,1550.276332,-1.6428845670012975,-1.6428845670012975,0.0,0.0
25.35,1548.315163,-1.6428845670012975,-1.6428845670012975,0.0,0.0
25.366666666666667,1546.376632,-1.6428845670012975,-1.6428845670012975,0.0,0.0
25.383333333333333,1544.460699,-1.6428845670012975,-1.6428845670012975,0.0,0.0
25.4,1542.56731,-1.6428845670012975,-1.6428845670012975,0.0,0.0
25.416666666666668,1540.696411,-1.6428845670012975,-1.6428845670012975,0.0,0.0
25.433333333333334,1538.847955,-1.6428845670012975,-1.6428845670012975,0.0,0.0
25.45,1537.021895,-1.6428845670012975,-1.6428845670012975,0.0,0.0
25.466666666666665,1535.218191,-1.6428845670012975,-1.6428845670012975,0.0,0.0
25.483333333333334,1533.4368,-1.6428845670012975,-1.6428845670012975,0.0,0.0
25.5,1531.67768,-1.6428845670012975,-1.6428845670012975,0.0,0.0
25.516666666666666,1529.940795,-1.6428845670012975,-1.6428845670012975,0.0,0.0
25.533333333333335,1528.226105,-1.6428845670012975,-1.6428845670012975,0.0,0.0
25.55,1526.533569,-1.6428845670012975,-1.6428845670012975,0.0,0.0
25.566666666666666,1524.863144,-1.6428845670012975,-1.6428845670012975,0.0,0.0
25.583333333333332,1523.214792,-1.6428845670012975,-1.6428845670012975,0.0,0.0
25.6,1521.588481,-1.6428845670012975,-1.6428845670012975,0.0,0.0
25.616666666666667,1519.9842,-1.6428845670012975,-1.6428845670012975,0.0,0.0
25.633333333333333,1518.40192,-1.6428845670012975,-1.6428845670012975,0.0,0.0
25.65,1516.841583,-1.6428845670012975,-1.6428845670012975,0.0,0.0
25.666666666666668,1515.303112,-1.6428845670012975,-1.6428845670012975,0.0,0.0
25.683333333333334,1513.78644,-1.6428845670012975,-1.6428845670012975,0.0,0.0
25.7,1512.291229,-1.6428845670012975,-1.6428845670012975,0.0,0.0
25.716666666666665,1510.816733,-1.6428845670012975,-1.6428845670012975,0.0,0.0
25.733333333333334,1509.362596,-1.6428845670012975,-1.6428845670012975,0.0,0.0
25.75,1507.928235,-1.6428845670012975,-1.6428845670012975,0.0,0.0
25.766666666666666,1506.512328,-1.6428845670012975,-1.6428845670012975,0.0,0.0
25.783333333333335,1505.114297,-1.6428845670012975,-1.6428845670012975,0.0,0.0
25.8,1503.733786,-1.6428845670012975,-1.6428845670012975,0.0,0.0
25.816666666666666,1502.370042,-1.6428845670012975,-1.6428845670012975,0.0,0.0
25.833333333333332,1501.022731,-1.6428845670012975,-1.6428845670012975,0.0,0.0
25.85,1499.691822,-1.6428845670012975,-1.6428845670012975,0.0,0.0
25.866666666666667,1498.377296,-1.6428845670012975,-1.6428845670012975,0.0,0.0
25.883333333333333,1497.07913,-1.6428845670012975,-1.6428845670012975,0.0,0.0
25.9,1495.797265,-1.6428845670012975,-1.6428845670012975,0.0,0.0
25.916666666666668,1494.5316,-1.6428845670012975,-1.6428845670012975,0.0,0.0
25.933333333333334,1493.282053,-1.6428845670012975,-1.6428845670012975,0.0,0.0
25.95,1492.047913,-1.6428845670012975,-1.6428845670012975,0.0,0.0
25.966666666666665,1490.827523,-1.6428845670012975,-1.6428845670012975,0.0,0.0
25.983333333333334,1489.620132,-1.6428845670012975,-1.6428845670012975,0.0,0.0
26.0,1488.424463,-1.6428845670012975,-1.6428845670012975,0.0,0.0
26.016666666666666,1487.237566,-1.6428845670012975,-1.6428845670012975,0.0,0.0
26.033333333333335,1486.05817,-1.6428845670012975,-1.6428845670012975,0.0,0.0
26.05,1484.885531,-1.6428845670012975,-1.6428845670012975,0.0,0.0
26.066666666666666,1483.718005,-1.4177722172491731,-1.4177722172491731,0.0,0.0
26.083333333333332,1482.554896,-1.1008305733164094,-1.1008305733164094,0.0,0.0
26.1,1481.39614,-1.095256378000865,-1.095256378000865,0.0,0.0
26.116666666666667,1480.241652,-1.095256378000865,-1.095256378000865,0.0,0.0
26.133333333333333,1479.091392,-1.095256378000865,-1.095256378000865,0.0,0.0
26.15,1477.945356,-1.095256378000865,-1.095256378000865,0.0,0.0
26.166666666666668,1476.803545,-1.095256378000865,-1.095256378000865,0.0,0.0
26.183333333333334,1475.665946,-1.095256378000865,-1.095256378000865,0.0,0.0
26.2,1474.532244,-1.095256378000865,-1.095256378000865,0.0,0.0
26.216666666666665,1473.401704,-1.095256378000865,-1.095256378000865,0.0,0.0
26.233333333333334,1472.273995,-1.095256378000865,-1.095256378000865,0.0,0.0
26.25,1471.148558,-1.095256378000865,-1.095256378000865,0.0,0.0
26.266666666666666,1470.024095,-1.095256378000865,-1.095256378000865,0.0,0.0
26.283333333333335,1468.90005,-1.095256378000865,-1.095256378000865,0.0,0.0
26.3,1467.776101,-1.095256378000865,-1.095256378000865,0.0,0.0
26.316666666666666,1466.65153,-1.095256378000865,-1.095256378000865,0.0,0.0
26.333333333333332,1465.526036,-1.095256378000865,-1.095256378000865,0.0,0.0
26.35,1464.399594,-1.095256378000865,-1.095256378000865,0.0,0.0
26.366666666666667,1463.272162,-1.095256378000865,-1.095256378000865,0.0,0.0
26.383333333333333,1462.143726,-1.095256378000865,-1.095256378000865,0.0,0.0
26.4,1461.014296,-1.095256378000865,-1.095256378000865,0.0,0.0
26.416666666666668,1459.883903,-1.095256378000865,-1.095256378000865,0.0,0.0
26.433333333333334,1458.752557,-1.095256378000865,-1.095256378000865,0.0,0.0
26.45,1457.62026,-1.095256378000865,-1.095256378000865,0.0,0.0
26.466666666666665,1456.487008,-1.095256378000865,-1.095256378000865,0.0,0.0
26.483333333333334,1455.352802,-1.095256378000865,-1.095256378000865,0.0,0.0
26.5,1454.217642,-1.095256378000865,-1.095256378000865,0.0,0.0
26.516666666666666,1453.081527,-1.095256378000865,-1.095256378000865,0.0,0.0
26.533333333333335,1451.944457,-1.095256378000865,-1.095256378000865,0.0,0.0
26.55,1450.806435,-1.095256378000865,-1.095256378000865,0.0,0.0
26.566666666666666,1449.66746,-1.095256378000865,-1.095256378000865,0.0,0.0
26.583333333333332,1448.527534,-1.095256378000865,-1.095256378000865,0.0,0.0
26.6,1447.386653,-1.095256378000865,-1.095256378000865,0.0,0.0
26.616666666666667,1446.244808,-1.095256378000865,-1.095256378000865,0.0,0.0
26.633333333333333,1445.101997,-1.095256378000865,-1.095256378000865,0.0,0.0
26.65,1443.958227,-1.095256378000865,-1.095256378000865,0.0,0.0
26.666666666666668,1442.813515,-1.095256378000865,-1.095256378000865,0.0,0.0
26.683333333333334,1441.667874,-1.095256378000865,-1.095256378000865,0.0,0.0
26.7,1440.521417,-1.095256378000865,-1.095256378000865,0.0,0.0
26.716666666666665,1439.374414,-1.095256378000865,-1.095256378000865,0.0,0.0
26.733333333333334,1438.226986,-1.095256378000865,-1.095256378000865,0.0,0.0
26.75,1437.079341,-1.095256378000865,-1.095256378000865,0.0,0.0
26.766666666666666,1435.931963,-1.095256378000865,-1.095256378000865,0.0,0.0
26.783333333333335,1434.785059,-1.095256378000865,-1.095256378000865,0.0,0.0
26.8,1433.638751,-1.095256378000865,-1.095256378000865,0.0,0.0
26.816666666666666,1432.49331,-1.095256378000865,-1.095256378000865,0.0,0.0
26.833333333333332,1431.348849,-1.095256378000865,-1.095256378000865,0.0,0.0
26.85,1430.205371,-1.095256378000865,-1.095256378000865,0.0,0.0
26.866666666666667,1429.06287,-1.095256378000865,-1.095256378000865,0.0,0.0
26.883333333333333,1427.921345,-1.095256378000865,-1.095256378000865,0.0,0.0
26.9,1426.780806,-1.095256378000865,-1.095256378000865,0.0,0.0
26.916666666666668,1425.641279,-1.095256378000865,-1.095256378000865,0.0,0.0
26.933333333333334,1424.502785,-1.095256378000865,-1.095256378000865,0.0,0.0
26.95,1423.365576,-1.095256378000865,-1.095256378000865,0.0,0.0
26.966666666666665,1422.230254,-1.095256378000865,-1.095256378000865,0.0,0.0
26.983333333333334,1421.097087,-1.095256378000865,-1.095256378000865,0.0,0.0
27.0,1419.966539,-1.095256378000865,-1.095256378000865,0.0,0.0
27.016666666666666,1418.839689,-1.095256378000865,-1.095256378000865,0.0,0.0
27.033333333333335,1417.717,-1.095256378000865,-1.095256378000865,0.0,0.0
27.05,1416.598735,-1.095256378000865,-1.095256378000865,0.0,0.0
27.066666666666666,1415.485494,-1.095256378000865,-1.095256378000865,0.0,0.0
27.083333333333332,1414.377526,-1.095256378000865,-1.095256378000865,0.0,0.0
27.1,1413.274844,-1.095256378000865,-1.095256378000865,0.0,0.0
27.116666666666667,1412.17747,-1.095256378000865,-1.095256378000865,0.0,0.0
27.133333333333333,1411.08541,-1.095256378000865,-1.095256378000865,0.0,0.0
27.15,1409.998656,-1.095256378000865,-1.095256378000865,0.0,0.0
27.166666666666668,1408.917199,-1.095256378000865,-1.095256378000865,0.0,0.0
27.183333333333334,1407.841035,-1.095256378000865,-1.095256378000865,0.0,0.0
27.2,1406.77027,-1.095256378000865,-1.095256378000865,0.0,0.0
27.216666666666665,1405.705171,-1.095256378000865,-1.095256378000865,0.0,0.0
27.233333333333334,1404.645852,-1.095256378000865,-1.095256378000865,0.0,0.0
27.25,1403.59251,-1.095256378000865,-1.095256378000865,0.0,0.0
27.266666666666666,1402.545621,-1.095256378000865,-1.095256378000865,0.0,0.0
27.283333333333335,1401.505383,-1.095256378000865,-1.095256378000865,0.0,0.0
27.3,1400.471905,-1.095256378000865,-1.095256378000865,0.0,0.0
27.316666666666666,1399.445446,-1.095256378000865,-1.095256378000865,0.0,0.0
27.333333333333332,1398.42611,-1.095256378000865,-1.095256378000865,0.0,0.0
27.35,1397.413896,-1.095256378000865,-1.095256378000865,0.0,0.0
27.366666666666667,1396.408811,-1.095256378000865,-1.095256378000865,0.0,0.0
27.383333333333333,1395.410851,-1.095256378000865,-1.095256378000865,0.0,0.0
27.4,1394.420003,-1.095256378000865,-1.095256378000865,0.0,0.0
27.416666666666668,1393.436249,-1.095256378000865,-1.095256378000865,0.0,0.0
27.433333333333334,1392.459576,-0.8190488802879208,-0.8190488802879208,0.0,0.0
27.45,1391.489976,-0.5506840502611725,-0.5506840502611725,0.0,0.0
27.466666666666665,1390.527445,-0.5476281890004325,-0.5476281890004325,0.0,0.0
27.483333333333334,1389.571977,-0.5476281890004325,-0.5476281890004325,0.0,0.0
27.5,1388.623566,-0.5476281890004325,-0.5476281890004325,0.0,0.0
27.516666666666666,1387.682208,-0.5476281890004325,-0.5476281890004325,0.0,0.0
27.533333333333335,1386.747898,-0.5476281890004325,-0.5476281890004325,0.0,0.0
27.55,1385.820629,-0.5476281890004325,-0.5476281890004325,0.0,0.0
27.566666666666666,1384.900397,-0.5476281890004325,-0.5476281890004325,0.0,0.0
27.583333333333332,1383.987196,-0.5476281890004325,-0.5476281890004325,0.0,0.0
27.6,1383.081013,-0.5476281890004325,-0.5476281890004325,0.0,0.0
27.616666666666667,1382.181831,-0.5476281890004325,-0.5476281890004325,0.0,0.0
27.633333333333333,1381.289635,-0.5476281890004325,-0.5476281890004325,0.0,0.0
27.65,1380.404426,-0.5476281890004325,-0.5476281890004325,0.0,0.0
27.666666666666668,1379.526209,-0.5476281890004325,-0.5476281890004325,0.0,0.0
27.683333333333334,1378.654987,-0.5476281890004325,-0.5476281890004325,0.0,0.0
27.7,1377.790866,-0.5476281890004325,-0.5476281890004325,0.0,0.0
27.716666666666665,1376.934108,-0.5476281890004325,-0.5476281890004325,0.0,0.0
27.733333333333334,1376.084828,-0.5476281890004325,-0.5476281890004325,0.0,0.0
27.75,1375.243227,-0.5476281890004325,-0.5476281890004325,0.0,0.0
27.766666666666666,1374.409786,-0.5476281890004325,-0.5476281890004325,0.0,0.0
27.783333333333335,1373.584708,-0.5476281890004325,-0.5476281890004325,0.0,0.0
27.8,1372.768105,-0.5476281890004325,-0.5476281890004325,0.0,0.0
27.816666666666666,1371.960247,-0.5476281890004325,-0.5476281890004325,0.0,0.0
27.833333333333332,1371.161241,-0.5476281890004325,-0.5476281890004325,0.0,0.0
27.85,1370.37108,-0.5476281890004325,-0.5476281890004325,0.0,0.0
27.866666666666667,1369.589753,-0.5476281890004325,-0.5476281890004325,0.0,0.0
27.883333333333333,1368.817249,-0.5476281890004325,-0.5476281890004325,0.0,0.0
27.9,1368.053574,-0.5476281890004325,-0.5476281890004325,0.0,0.0
27.916666666666668,1367.298747,-0.5476281890004325,-0.5476281890004325,0.0,0.0
27.933333333333334,1366.552781,-0.5476281890004325,-0.5476281890004325,0.0,0.0
27.95,1365.815929,-0.5476281890004325,-0.5476281890004325,0.0,0.0
27.966666666666665,1365.088802,-0.5476281890004325,-0.5476281890004325,0.0,0.0
27.983333333333334,1364.371668,-0.5476281890004325,-0.5476281890004325,0.0,0.0
28.0,1363.664995,-0.5476281890004325,-0.5476281890004325,0.0,0.0
28.016666666666666,1362.969886,-0.5476281890004325,-0.5476281890004325,0.0,0.0
28.033333333333335,1362.286807,-0.5476281890004325,-0.5476281890004325,0.0,0.0
28.05,1361.616026,-0.5476281890004325,-0.5476281890004325,0.0,0.0
28.066666666666666,1360.958151,-0.5476281890004325,-0.5476281890004325,0.0,0.0
28.083333333333332,1360.313432,-0.5476281890004325,-0.5476281890004325,0.0,0.0
28.1,1359.681879,-0.5476281890004325,-0.5476281890004325,0.0,0.0
28.116666666666667,1359.06351,-0.5476281890004325,-0.5476281890004325,0.0,0.0
28.133333333333333,1358.458326,-0.5476281890004325,-0.5476281890004325,0.0,0.0
28.15,1357.866317,-0.5476281890004325,-0.5476281890004325,0.0,0.0
28.166666666666668,1357.287469,-0.5476281890004325,-0.5476281890004325,0.0,0.0
28.183333333333334,1356.721773,-0.5476281890004325,-0.5476281890004325,0.0,0.0
28.2,1356.169335,-0.5476281890004325,-0.5476281890004325,0.0,0.0
28.216666666666665,1355.630421,-0.5476281890004325,-0.5476281890004325,0.0,0.0
28.233333333333334,1355.105143,-0.5476281890004325,-0.5476281890004325,0.0,0.0
28.25,1354.5937,-0.5476281890004325,-0.5476281890004325,0.0,0.0
28.266666666666666,1354.096573,-0.5476281890004325,-0.5476281890004325,0.0,0.0
28.283333333333335,1353.613958,-0.5476281890004325,-0.5476281890004325,0.0,0.0
28.3,1353.145968,-0.5476281890004325,-0.5476281890004325,0.0,0.0
28.316666666666666,1352.692864,-0.5476281890004325,-0.5476281890004325,0.0,0.0
28.333333333333332,1352.25475,-0.5476281890004325,-0.5476281890004325,0.0,0.0
28.35,1351.831629,-0.5476281890004325,-0.5476281890004325,0.0,0.0
28.366666666666667,1351.423506,-0.5476281890004325,-0.5476281890004325,0.0,0.0
28.383333333333333,1351.030379,-0.5476281890004325,-0.5476281890004325,0.0,0.0
28.4,1350.652237,-0.5476281890004325,-0.5476281890004325,0.0,0.0
28.416666666666668,1350.289061,-0.5476281890004325,-0.5476281890004325,0.0,0.0
28.433333333333334,1349.940839,-0.5476281890004325,-0.5476281890004325,0.0,0.0
28.45,1349.607561,-0.5476281890004325,-0.5476281890004325,0.0,0.0
28.466666666666665,1349.289217,-0.5476281890004325,-0.5476281890004325,0.0,0.0
28.483333333333334,1348.985797,-0.5476281890004325,-0.5476281890004325,0.0,0.0
28.5,1348.697292,-0.5476281890004325,-0.5476281890004325,0.0,0.0
28.516666666666666,1348.423687,-0.5476281890004325,-0.5476281890004325,0.0,0.0
28.533333333333335,1348.164973,-0.5476281890004325,-0.5476281890004325,0.0,0.0
28.55,1347.921141,-0.5476281890004325,-0.5476281890004325,0.0,0.0
28.566666666666666,1347.692179,-0.5476281890004325,-0.5476281890004325,0.0,0.0
28.583333333333332,1347.478081,-0.5476281890004325,-0.5476281890004325,0.0,0.0
28.6,1347.278849,-0.5476281890004325,-0.5476281890004325,0.0,0.0
28.616666666666667,1347.094494,-0.5476281890004325,-0.5476281890004325,0.0,0.0
28.633333333333333,1346.925018,-0.5476281890004325,-0.5476281890004325,0.0,0.0
28.65,1346.770408,-0.5476281890004325,-0.5476281890004325,0.0,0.0
28.666666666666668,1346.630637,-0.5476281890004325,-0.5476281890004325,0.0,0.0
28.683333333333334,1346.505684,-0.5476281890004325,-0.5476281890004325,0.0,0.0
28.7,1346.395371,-0.5476281890004325,-0.5476281890004325,0.0,0.0
28.716666666666665,1346.299273,-0.5476281890004325,-0.5476281890004325,0.0,0.0
28.733333333333334,1346.217198,-0.5476281890004325,-0.5476281890004325,0.0,0.0
28.75,1346.148817,-0.5476281890004325,-0.5476281890004325,0.0,0.0
28.766666666666666,1346.093368,-0.5476281890004325,-0.5476281890004325,0.0,0.0
28.783333333333335,1346.050521,-0.5476281890004325,-0.5476281890004325,0.0,0.0
28.8,1346.020085,-0.5476281890004325,-0.5476281890004325,0.0,0.0
28.816666666666666,1346.001628,-0.5476281890004325,-0.5476281890004325,0.0,0.0
28.833333333333332,1345.994967,-0.5476281890004325,-0.5476281890004325,0.0,0.0
28.85,1346.0001,-0.5476281890004325,-0.5476281890004325,0.0,0.0
28.866666666666667,1346.017029,-0.5476281890004325,-0.5476281890004325,0.0,0.0
28.883333333333333,1346.045755,-0.5476281890004325,-0.5476281890004325,0.0,0.0
28.9,1346.086259,-0.5476281890004325,-0.5476281890004325,0.0,0.0
28.916666666666668,1346.138496,-0.5476281890004325,-0.5476281890004325,0.0,0.0
28.933333333333334,1346.202435,-0.5476281890004325,-0.5476281890004325,0.0,0.0
28.95,1346.277674,-0.5476281890004325,-0.5476281890004325,0.0,0.0
28.966666666666665,1346.363265,-0.5476281890004325,-0.5476281890004325,0.0,0.0
28.983333333333334,1346.458783,-0.5476281890004325,-0.5476281890004325,0.0,0.0
29.0,1346.563497,-0.5476281890004325,-0.5476281890004325,0.0,0.0
29.016666666666666,1346.675703,-0.5476281890004325,-0.5476281890004325,0.0,0.0
29.033333333333335,1346.794669,-0.5476281890004325,-0.5476281890004325,0.0,0.0
29.05,1346.919972,-0.5476281890004325,-0.5476281890004325,0.0,0.0
29.066666666666666,1347.050661,-0.5476281890004325,-0.5476281890004325,0.0,0.0
29.083333333333332,1347.186336,-0.5476281890004325,-0.5476281890004325,0.0,0.0
29.1,1347.326967,-0.5476281890004325,-0.5476281890004325,0.0,0.0
29.116666666666667,1347.472507,-0.5476281890004325,-0.5476281890004325,0.0,0.0
29.133333333333333,1347.622939,-0.5476281890004325,-0.5476281890004325,0.0,0.0
29.15,1347.778265,-0.5476281890004325,-0.5476281890004325,0.0,0.0
29.166666666666668,1347.938489,-0.5476281890004325,-0.5476281890004325,0.0,0.0
29.183333333333334,1348.103608,-0.5476281890004325,-0.5476281890004325,0.0,0.0
29.2,1348.273446,-0.5476281890004325,-0.5476281890004325,0.0,0.0
29.216666666666665,1348.447575,-0.5476281890004325,-0.5476281890004325,0.0,0.0
29.233333333333334,1348.625808,-0.5476281890004325,-0.5476281890004325,0.0,0.0
29.25,1348.807822,-0.5476281890004325,-0.5476281890004325,0.0,0.0
29.266666666666666,1348.992865,-0.9498596652259828,-0.5476281890004325,-0.4022314762255502,0.0
29.283333333333335,1349.180613,-1.0047786772094873,-0.5476281890004325,-0.4571504882090548,0.0
29.3,1349.370881,-1.0047786772094873,-0.5476281890004325,-0.4571504882090548,0.0
29.316666666666666,1349.563251,-1.0047786772094873,-0.5476281890004325,-0.4571504882090548,0.0
29.333333333333332,1349.757548,-1.0047786772094873,-0.5476281890004325,-0.4571504882090548,0.0
29.35,1349.953757,-1.0047786772094873,-0.5476281890004325,-0.4571504882090548,0.0
29.366666666666667,1350.151854,-1.0047786772094873,-0.5476281890004325,-0.4571504882090548,0.0
29.383333333333333,1350.351829,-1.0047786772094873,-0.5476281890004325,-0.4571504882090548,0.0
29.4,1350.553689,-1.0047786772094873,-0.5476281890004325,-0.4571504882090548,0.0
29.416666666666668,1350.757451,-1.0047786772094873,-0.5476281890004325,-0.4571504882090548,0.0
29.433333333333334,1350.963122,-1.0047786772094873,-0.5476281890004325,-0.4571504882090548,0.0
29.45,1351.170703,-1.0047786772094873,-0.5476281890004325,-0.4571504882090548,0.0
29.466666666666665,1351.380192,-1.0047786772094873,-0.5476281890004325,-0.4571504882090548,0.0
29.483333333333334,1351.591592,-1.0047786772094873,-0.5476281890004325,-0.4571504882090548,0.0
29.5,1351.804902,-1.0047786772094873,-0.5476281890004325,-0.4571504882090548,0.0
29.516666666666666,1352.020126,-1.4826299077948106,-0.5476281890004325,-0.9350017187943781,0.0
29.533333333333335,1352.237264,-2.030258096795248,-0.5476281890004325,-1.4826299077948155,0.0
29.55,1352.456317,-2.100035055210358,-0.5476281890004325,-1.5524068662099255,0.0
29.566666666666666,1352.677289,-2.100035055210358,-0.5476281890004325,-1.5524068662099255,0.0
29.583333333333332,1352.900179,-2.100035055210358,-0.5476281890004325,-1.5524068662099255,0.0
29.6,1353.124984,-2.5022665314359083,-0.5476281890004325,-1.9546383424354756,0.0
29.616666666666667,1353.35169,-2.557185543419413,-0.5476281890004325,-2.0095573544189804,0.0
29.633333333333333,1353.58029,-2.557185543419413,-0.5476281890004325,-2.0095573544189804,0.0
29.65,1353.810796,-2.557185543419413,-0.5476281890004325,-2.0095573544189804,0.0
29.666666666666668,1354.04323,-2.9594170196449636,-0.5476281890004325,-2.411788830644531,0.0
29.683333333333334,1354.277604,-3.0143360316284684,-0.5476281890004325,-2.4667078426280358,0.0
29.7,1354.514076,-3.0143360316284684,-0.5476281890004325,-2.4667078426280358,0.0
29.716666666666665,1354.753012,-3.0143360316284684,-0.5476281890004325,-2.4667078426280358,0.0
29.733333333333334,1354.994578,-3.0143360316284684,-0.5476281890004325,-2.4667078426280358,0.0
29.75,1355.239058,-3.0143360316284684,-0.5476281890004325,-2.4667078426280358,0.0
29.766666666666666,1355.487116,-3.0143360316284684,-0.5476281890004325,-2.4667078426280358,0.0
29.783333333333335,1355.739037,-3.0143360316284684,-0.5476281890004325,-2.4667078426280358,0.0
29.8,1355.99499,-3.0143360316284684,-0.5476281890004325,-2.4667078426280358,0.0
29.816666666666666,1356.255349,-3.0143360316284684,-0.5476281890004325,-2.4667078426280358,0.0
29.833333333333332,1356.520273,-3.0143360316284684,-0.5476281890004325,-2.4667078426280358,0.0
29.85,1356.789769,-3.0143360316284684,-0.5476281890004325,-2.4667078426280358,0.0
29.866666666666667,1357.063834,-3.0143360316284684,-0.5476281890004325,-2.4667078426280358,0.0
29.883333333333333,1357.34247,-3.0143360316284684,-0.5476281890004325,-2.4667078426280358,0.0
29.9,1357.625694,-2.809724262457356,-0.3430164198293203,-2.4667078426280358,0.0
29.916666666666668,1357.91355,-2.4727384392419873,-0.0060305966139514505,-2.4667078426280358,0.0
29.933333333333334,1358.206067,-2.4667078426280358,0.0,-2.4667078426280358,0.0
29.95,1358.503597,-2.4667078426280358,0.0,-2.4667078426280358,0.0
29.966666666666665,1358.806971,-2.4667078426280358,0.0,-2.4667078426280358,0.0
29.983333333333334,1359.116565,-2.4667078426280358,0.0,-2.4667078426280358,0.0
30.0,1359.43302,-2.4667078426280358,0.0,-2.4667078426280358,0.0
30.016666666666666,1359.757827,-2.4667078426280358,0.0,-2.4667078426280358,0.0
30.033333333333335,1360.091628,-2.8689393188535983,0.0,-2.4667078426280358,-0.4022314762255624
30.05,1360.434801,-2.9238583308371044,0.0,-2.4667078426280358,-0.4571504882090688
30.066666666666666,1360.788178,-2.9238583308371044,0.0,-2.4667078426280358,-0.4571504882090688
30.083333333333332,1361.152115,-2.9238583308371044,0.0,-2.4667078426280358,-0.4571504882090688
30.1,1361.526645,-2.9238583308371044,0.0,-2.4667078426280358,-0.4571504882090688
30.116666666666667,1361.911814,-3.401709561422416,0.0,-2.9445590732133473,-0.4571504882090688
30.133333333333333,1362.307644,-3.4714865198375238,0.0,-3.014336031628455,-0.4571504882090688
30.15,1362.71414,-3.4714865198375238,0.0,-3.014336031628455,-0.4571504882090688
30.166666666666668,1363.131305,-3.873717996063074,0.0,-3.416567507854005,-0.4571504882090688
30.183333333333334,1363.55915,-3.928637008046579,0.0,-3.4714865198375104,-0.4571504882090688
30.2,1363.997839,-3.928637008046579,0.0,-3.4714865198375104,-0.4571504882090688
30.216666666666665,1364.447759,-3.928637008046579,0.0,-3.4714865198375104,-0.4571504882090688
30.233333333333334,1364.909084,-3.928637008046579,0.0,-3.4714865198375104,-0.4571504882090688
30.25,1365.38211,-3.928637008046579,0.0,-3.4714865198375104,-0.4571504882090688
30.266666666666666,1365.867514,-3.928637008046579,0.0,-3.4714865198375104,-0.4571504882090688
30.283333333333335,1366.365593,-3.4802489506478986,0.0,-3.4714865198375104,-0.008762430810387979
30.3,1366.876521,-3.4714865198375104,0.0,-3.4714865198375104,0.0
30.316666666666666,1367.400678,-3.4714865198375104,0.0,-3.4714865198375104,0.0
30.333333333333332,1367.938231,-3.4714865198375104,0.0,-3.4714865198375104,0.0
30.35,1368.489203,-3.4714865198375104,0.0,-3.4714865198375104,0.0
30.366666666666667,1369.053625,-3.4714865198375104,0.0,-3.4714865198375104,0.0
30.383333333333333,1369.631518,-3.4714865198375104,0.0,-3.4714865198375104,0.0
30.4,1370.222886,-3.4714865198375104,0.0,-3.4714865198375104,0.0
30.416666666666668,1370.827725,-3.4714865198375104,0.0,-3.4714865198375104,0.0
30.433333333333334,1371.446042,-3.4714865198375104,0.0,-3.4714865198375104,0.0
30.45,1372.077851,-4.191774396679094,0.0,-4.191774396679094,0.0
30.466666666666665,1372.723173,-4.709780925366298,0.0,-4.709780925366298,0.0
30.483333333333334,1373.382024,-5.25740911436673,0.0,-5.25740911436673,0.0
30.5,1374.05442,-5.327186072781839,0.0,-5.327186072781839,0.0
30.516666666666666,1374.740388,-5.327186072781839,0.0,-5.327186072781839,0.0
30.533333333333335,1375.439947,-5.327186072781839,0.0,-5.327186072781839,0.0
30.55,1376.153112,-5.327186072781839,0.0,-5.327186072781839,0.0
30.566666666666666,1376.879903,-5.327186072781839,0.0,-5.327186072781839,0.0
30.583333333333332,1377.620337,-5.327186072781839,0.0,-5.327186072781839,0.0
30.6,1378.374431,-5.72941754900739,0.0,-5.327186072781839,-0.4022314762255507
30.616666666666667,1379.142214,-5.784336560990895,0.0,-5.327186072781839,-0.45715048820905546
30.633333333333333,1379.923705,-5.784336560990895,0.0,-5.327186072781839,-0.45715048820905546
30.65,1380.718911,-5.784336560990895,0.0,-5.327186072781839,-0.45715048820905546
30.666666666666668,1381.527824,-5.784336560990895,0.0,-5.327186072781839,-0.45715048820905546
30.683333333333334,1382.350449,-5.784336560990895,0.0,-5.327186072781839,-0.45715048820905546
30.7,1383.186658,-5.784336560990895,0.0,-5.327186072781839,-0.45715048820905546
30.716666666666665,1384.03613,-6.262187791576219,0.0,-5.805037303367163,-0.45715048820905546
30.733333333333334,1384.898731,-6.331964749991328,0.0,-5.874814261782272,-0.45715048820905546
30.75,1385.774215,-6.809815980576651,0.0,-6.352665492367596,-0.45715048820905546
30.766666666666666,1386.661991,-6.8795929389917605,0.0,-6.422442450782705,-0.45715048820905546
30.783333333333335,1387.561815,-6.8795929389917605,0.0,-6.422442450782705,-0.45715048820905546
30.8,1388.473546,-6.8795929389917605,0.0,-6.422442450782705,-0.45715048820905546
30.816666666666666,1389.396859,-7.2818244152173115,0.0,-6.824673927008256,-0.45715048820905546
30.833333333333332,1390.331623,-7.336743427200816,0.0,-6.8795929389917605,-0.45715048820905546
30.85,1391.277848,-7.336743427200816,0.0,-6.8795929389917605,-0.45715048820905546
30.866666666666667,1392.235552,-7.336743427200816,0.0,-6.8795929389917605,-0.45715048820905546
30.883333333333333,1393.204752,-7.81459465778614,0.0,-7.357444169577084,-0.45715048820905546
30.9,1394.185445,-8.362222846786572,0.0,-7.905072358577517,-0.45715048820905546
30.916666666666668,1395.177609,-8.43199980520168,0.0,-7.974849316992626,-0.45715048820905546
30.933333333333334,1396.181231,-8.909851035787005,0.0,-8.45270054757795,-0.45715048820905546
30.95,1397.196,-8.979627994202113,0.0,-8.522477505993058,-0.45715048820905546
30.966666666666665,1398.221152,-8.979627994202113,0.0,-8.522477505993058,-0.45715048820905546
30.983333333333334,1399.256353,-8.979627994202113,0.0,-8.522477505993058,-0.45715048820905546
31.0,1400.301018,-8.979627994202113,0.0,-8.522477505993058,-0.45715048820905546
31.016666666666666,1401.353766,-9.457479224787438,0.0,-9.000328736578382,-0.45715048820905546
31.033333333333335,1402.414009,-10.005107413787869,0.0,-9.07010569499349,-0.9350017187943788
31.05,1403.48141,-10.074884372202979,0.0,-9.07010569499349,-1.004778677209488
31.066666666666666,1404.555201,-10.074884372202979,0.0,-9.07010569499349,-1.004778677209488
31.083333333333332,1405.635064,-10.477115848428529,0.0,-9.47233717121904,-1.004778677209488
31.1,1406.72098,-10.532034860412034,0.0,-9.527256183202546,-1.004778677209488
31.116666666666667,1407.81292,-10.850091261028068,0.0,-9.527256183202546,-1.322835077825521
31.133333333333333,1408.910877,-10.835327547146441,0.0,-9.527256183202546,-1.3080713639438963
31.15,1410.014859,-11.153383947762475,0.0,-9.845312583818577,-1.3080713639438963
31.166666666666668,1411.124878,-10.84850742624943,0.0,-9.694696259490236,-1.1538111667591946
31.183333333333334,1412.240939,-10.234356042148887,0.0,-9.378988074607857,-0.8553679675410302
31.2,1413.362903,-10.542375658078774,0.0,-9.373398381727899,-1.1689772763508741
31.216666666666665,1414.49043,-10.52761194419715,0.0,-9.373398381727899,-1.1542135624692496
31.233333333333334,1415.623373,-10.33724671057715,0.0,-9.1830331481079,-1.1542135624692496
31.25,1416.761474,-10.464188518328246,0.0,-9.309974955858996,-1.1542135624692496
31.266666666666666,1417.904125,-10.856560676045307,0.0,-9.702347113576057,-1.1542135624692496
31.283333333333335,1419.051069,-10.860025741822136,0.0,-9.705812179352886,-1.1542135624692496
31.3,1420.202158,-11.343150940530798,0.0,-10.188937378061548,-1.1542135624692496
31.316666666666666,1421.357057,-11.884262013922523,0.0,-10.730048451453273,-1.1542135624692496
31.333333333333332,1422.515629,-11.876288976180899,0.0,-10.722075413711648,-1.1542135624692496
31.35,1423.677865,-11.623516799198303,0.0,-10.469303236729052,-1.1542135624692496
31.366666666666667,1424.843752,-12.025099798423595,0.0,-10.870886235954345,-1.1542135624692496
31.383333333333333,1426.013289,-12.0800188104071,0.0,-10.92580524793785,-1.1542135624692496
31.4,1427.186483,-12.0800188104071,0.0,-10.92580524793785,-1.1542135624692496
31.416666666666668,1428.363354,-12.557870040992423,0.0,-11.403656478523173,-1.1542135624692496
31.433333333333334,1429.543912,-12.627646999407533,0.0,-11.473433436938283,-1.1542135624692496
31.45,1430.728157,-12.627646999407533,0.0,-11.473433436938283,-1.1542135624692496
31.466666666666665,1431.916085,-12.627646999407533,0.0,-11.473433436938283,-1.1542135624692496
31.483333333333334,1433.107696,-12.627646999407533,0.0,-11.473433436938283,-1.1542135624692496
31.5,1434.30299,-12.627646999407533,0.0,-11.473433436938283,-1.1542135624692496
31.516666666666666,1435.501956,-12.627646999407533,0.0,-11.473433436938283,-1.1542135624692496
31.533333333333335,1436.704592,-12.627646999407533,0.0,-11.473433436938283,-1.1542135624692496
31.55,1437.910899,-12.627646999407533,0.0,-11.473433436938283,-1.1542135624692496
31.566666666666666,1439.120873,-12.627646999407533,0.0,-11.473433436938283,-1.1542135624692496
31.583333333333332,1440.334515,-12.627646999407533,0.0,-11.473433436938283,-1.1542135624692496
31.6,1441.551833,-12.57911067045568,0.0,-11.42489710798643,-1.1542135624692496
31.616666666666667,1442.772845,-12.178078284058175,0.0,-11.023864721588925,-1.1542135624692496
31.633333333333333,1443.99756,-12.12507502843773,0.0,-10.970861465968479,-1.1542135624692496
31.65,1445.225976,-11.721002015531568,0.0,-10.566788453062317,-1.1542135624692496
31.666666666666668,1446.458081,-12.191197253574746,0.0,-10.559132460520173,-1.6320647930545729
31.683333333333334,1447.693871,-12.260974211989854,0.0,-10.559132460520173,-1.701841751469682
31.7,1448.933224,-12.260974211989854,0.0,-10.559132460520173,-1.701841751469682
31.716666666666665,1450.175844,-12.663205688215406,0.0,-10.961363936745723,-1.701841751469682
31.733333333333334,1451.421601,-12.71812470019891,0.0,-11.016282948729227,-1.701841751469682
31.75,1452.670266,-13.120356176424458,0.0,-11.418514424954777,-1.701841751469682
31.766666666666666,1453.9213,-13.175275188407966,0.0,-11.473433436938283,-1.701841751469682
31.783333333333335,1455.174472,-13.175275188407966,0.0,-11.473433436938283,-1.701841751469682
31.8,1456.42965,-13.175275188407966,0.0,-11.473433436938283,-1.701841751469682
31.816666666666666,1457.686527,-13.653126418993288,0.0,-11.473433436938283,-2.1796929820550055
31.833333333333332,1458.944978,-13.722903377408397,0.0,-11.473433436938283,-2.2494699404701146
31.85,1460.205,-13.722903377408397,0.0,-11.473433436938283,-2.2494699404701146
31.866666666666667,1461.466599,-13.722903377408397,0.0,-11.473433436938283,-2.2494699404701146
31.883333333333333,1462.729776,-14.20075460799372,0.0,-11.951284667523606,-2.2494699404701146
31.9,1463.99452,-14.748382796994186,0.0,-12.49891285652407,-2.2494699404701146
31.916666666666668,1465.2608,-14.541478498072973,0.0,-12.292008557602859,-2.2494699404701146
31.933333333333334,1466.528595,-14.27371408359626,0.0,-12.024244143126145,-2.2494699404701146
31.95,1467.797625,-14.299543736508266,0.0,-12.050073796038152,-2.2494699404701146
31.966666666666665,1469.06722,-13.968517331842946,0.0,-11.71904739137283,-2.2494699404701146
31.983333333333334,1470.337081,-13.967238879674458,0.0,-11.717768939204342,-2.2494699404701146
32.0,1471.606694,-13.967238879674458,0.0,-11.717768939204342,-2.2494699404701146
32.016666666666666,1472.874855,-14.371482872818197,0.0,-11.717768939204342,-2.653713933613854
32.03333333333333,1474.141047,-14.445224880525057,0.0,-11.717768939204342,-2.7274559413207147
32.05,1475.404968,-14.457571223992572,0.0,-11.717768939204342,-2.7398022847882295
32.06666666666667,1476.665944,-14.457066720481167,0.0,-11.717768939204342,-2.739297781276825
32.083333333333336,1477.923691,-14.789612390987529,0.0,-12.195620169789665,-2.593992221197863
32.1,1479.178179,-14.809223613769685,0.0,-12.72642470731435,-2.0827989064553347
32.11666666666667,1480.429374,-15.031874426881288,0.0,-13.208472679435529,-1.8234017474457596
32.13333333333333,1481.677257,-14.760319931697492,0.0,-12.99499795933259,-1.7653219723649007
32.15,1482.921823,-13.981150206741168,0.0,-12.215928354588216,-1.7652218521529512
32.166666666666664,1484.163073,-13.718667661418229,0.0,-11.953445809265277,-1.7652218521529512
32.18333333333333,1485.400998,-14.198484715939294,0.0,-12.433262863786343,-1.7652218521529512
32.2,1486.635469,-15.689690958227114,0.0,-13.446617875488839,-2.2430730827382748
32.21666666666667,1487.866184,-16.385849412505408,0.0,-14.072999371352022,-2.312850041153384
32.233333333333334,1489.093004,-16.30566308151268,0.0,-13.992813040359296,-2.312850041153384
32.25,1490.315697,-16.608869535204988,0.0,-14.296019494051603,-2.312850041153384
32.266666666666666,1491.533731,-17.15613345515387,0.0,-14.843283414000487,-2.312850041153384
32.28333333333333,1492.746872,-17.225910413568982,0.0,-14.913060372415597,-2.312850041153384
32.3,1493.954982,-17.225910413568982,0.0,-14.913060372415597,-2.312850041153384
32.31666666666667,1495.157763,-17.225910413568982,0.0,-14.913060372415597,-2.312850041153384
32.333333333333336,1496.355083,-17.225910413568982,0.0,-14.913060372415597,-2.312850041153384
32.35,1497.546924,-17.62814188979453,0.0,-15.315291848641147,-2.312850041153384
32.36666666666667,1498.733259,-17.525574552850337,0.0,-15.212724511696951,-2.312850041153384
32.38333333333333,1499.914074,-17.54620344294913,0.0,-15.233353401795743,-2.312850041153384
32.4,1501.089366,-17.592583200986645,0.0,-15.279733159833262,-2.312850041153384
32.416666666666664,1502.259141,-17.592583200986645,0.0,-15.279733159833262,-2.312850041153384
32.43333333333333,1503.423396,-17.592583200986645,0.0,-15.279733159833262,-2.312850041153384
32.45,1504.582129,-18.070434431571957,0.0,-15.279733159833262,-2.7907012717386954
32.46666666666667,1505.735348,-18.018141695749843,0.0,-15.15766346559604,-2.860478230153803
32.483333333333334,1506.88305,-18.162144963199523,0.0,-15.30166673304572,-2.860478230153803
32.5,1508.025238,-18.708540321363763,0.0,-15.848062091209961,-2.860478230153803
32.516666666666666,1509.161929,-18.786646092656156,0.0,-15.917839049625071,-2.8688070430310835
32.53333333333333,1510.293129,-18.476023878462744,0.0,-15.917839049625071,-2.558184828837673
32.55,1511.418835,-19.35510729985534,0.0,-16.32007052585062,-3.035036774004718
32.56666666666667,1512.539059,-20.359885977064838,0.0,-17.25507224464501,-3.104813732419827
32.583333333333336,1513.653801,-20.484581947463454,0.0,-17.379768215043626,-3.104813732419827
32.6,1514.763039,-20.484581947463454,0.0,-17.379768215043626,-3.104813732419827
32.61666666666667,1515.86673,-21.28904489991455,0.0,-17.781999691269174,-3.5070452086453776
32.63333333333333,1516.964852,-21.398882923881565,0.0,-17.83691870325268,-3.5619642206288824
32.65,1518.057421,-21.801114400107114,0.0,-17.83691870325268,-3.964195696854433
32.666666666666664,1519.144489,-22.174089812706647,0.0,-18.15497510386871,-4.019114708837938
32.68333333333333,1520.226086,-22.159326098825026,0.0,-18.140211389987087,-4.019114708837938
32.7,1521.302623,-22.159326098825026,0.0,-18.140211389987087,-4.019114708837938
32.71666666666667,1522.375086,-21.934019781088963,0.0,-18.148873741511718,-3.7851460395772474
32.733333333333334,1523.443914,-22.017344780506917,0.0,-18.54379806740122,-3.473546713105697
32.75,1524.509872,-22.24434730033281,0.0,-18.29500954990995,-3.9493377504228606
32.766666666666666,1525.574746,-23.193266607110573,0.0,-18.771920422047046,-4.421346185063525
32.78333333333333,1526.639304,-23.317962577509185,0.0,-18.841697380462154,-4.47626519704703
32.8,1527.703995,-23.317962577509185,0.0,-18.841697380462154,-4.47626519704703
32.81666666666667,1528.769833,-23.317962577509185,0.0,-18.841697380462154,-4.47626519704703
32.833333333333336,1529.837242,-23.72019405373473,0.0,-19.2439288566877,-4.47626519704703
32.85,1530.906238,-23.775113065718234,0.0,-19.298847868671203,-4.47626519704703
32.86666666666667,1531.976814,-24.25296429630359,0.0,-19.298847868671203,-4.954116427632385
32.88333333333333,1533.04897,-24.724972730944252,0.0,-19.701079344896755,-5.023893386047499
32.9,1534.122753,-25.182123219153304,0.0,-20.158229833105807,-5.023893386047499
32.916666666666664,1535.198276,-26.02803933306179,0.0,-21.168851306259985,-4.859188026801808
32.93333333333333,1536.275616,-26.356997876051278,0.0,-21.308405223090208,-5.048592652961069
32.95,1537.355717,-26.422776309929084,0.0,-21.308405223090208,-5.114371086838877
32.96666666666667,1538.440813,-26.422776309929084,0.0,-21.308405223090208,-5.114371086838877
32.983333333333334,1539.531911,-26.78115049053461,0.0,-21.78625645367553,-4.994894036859079
33.0,1540.630735,-26.51470628169281,0.0,-21.85603341209064,-4.658672869602171
33.016666666666666,1541.741295,-27.468956471891097,0.0,-22.33388464267595,-5.1350718292151445
33.03333333333333,1542.865322,-27.33561497846315,0.0,-22.130766190832894,-5.204848787630254
33.05,1544.003833,-27.036675623044438,0.0,-21.831826835414184,-5.204848787630254
33.06666666666667,1545.159074,-26.61182911617862,0.0,-21.406980328548364,-5.204848787630254
33.083333333333336,1546.332007,-26.067209223929353,0.0,-21.398882923881583,-4.668326300047769
33.1,1547.52273,-26.458334998736955,0.0,-21.801114400107135,-4.657220598629821
33.11666666666667,1548.731373,-26.991105241305817,0.0,-22.333884642675997,-4.657220598629821
33.13333333333333,1549.958006,-27.06088219972093,0.0,-22.40366160109111,-4.657220598629821
33.15,1551.202649,-27.53873343030625,0.0,-22.88151283167643,-4.657220598629821
33.166666666666664,1552.465318,-27.335763722071675,0.0,-22.678543123441855,-4.657220598629821
33.18333333333333,1553.746045,-26.8054863044553,0.0,-22.14826570582548,-4.657220598629821
33.2,1555.045278,-26.517119867534188,0.0,-21.859899268904368,-4.657220598629821
33.21666666666667,1556.364033,-26.513254010720498,0.0,-21.856033412090678,-4.657220598629821
33.233333333333334,1557.702784,-26.513254010720498,0.0,-21.856033412090678,-4.657220598629821
33.25,1559.062317,-26.513254010720498,0.0,-21.856033412090678,-4.657220598629821
33.266666666666666,1560.444422,-26.915485486946043,0.0,-22.258264888316223,-4.657220598629821
33.28333333333333,1561.849888,-26.970404498929547,0.0,-22.313183900299727,-4.657220598629821
33.3,1563.279189,-27.85048720574043,0.0,-22.71541537652528,-5.13507182921515
33.31666666666667,1564.733335,-27.97518317613904,0.0,-22.770334388508783,-5.20484878763026
33.333333333333336,1566.212778,-27.97518317613904,0.0,-22.770334388508783,-5.20484878763026
33.35,1567.717594,-27.73215172607335,0.0,-22.770334388508783,-4.961817337564569
33.36666666666667,1569.247882,-27.25799928140545,0.0,-22.595595326271276,-4.662403955134175
33.38333333333333,1570.803708,-26.97311659821957,0.0,-22.315895999589742,-4.657220598629826
33.4,1572.385098,-26.970404498929554,0.0,-22.313183900299727,-4.657220598629826
33.416666666666664,1573.992057,-26.970404498929554,0.0,-22.313183900299727,-4.657220598629826
33.43333333333333,1575.624612,-26.970404498929554,0.0,-22.313183900299727,-4.657220598629826
33.45,1577.2828,-26.970404498929554,0.0,-22.313183900299727,-4.657220598629826
33.46666666666667,1578.966649,-26.443055382269552,0.0,-22.53428510333035,-3.908770278939201
33.483333333333334,1580.676199,-25.87988987955626,0.0,-22.316738772993855,-3.5631511065624033
33.5,1582.411479,-25.875148120928703,0.0,-22.313183900299727,-3.5619642206289748
33.516666666666666,1584.172502,-25.848321874496264,0.0,-22.287306886550756,-3.5610149879455086
33.53333333333333,1585.959301,-24.88952169702585,0.0,-21.775969115214846,-3.113552581811002
33.55,1587.771912,-24.766689138904518,0.0,-21.661875406484597,-3.1048137324199194
33.56666666666667,1589.610363,-24.419522575629017,0.0,-21.314708843209097,-3.1048137324199194
33.583333333333336,1591.474693,-24.413218955510175,0.0,-21.308405223090254,-3.1048137324199194
33.6,1593.364971,-24.278927944153242,0.0,-20.771882735507774,-3.5070452086454695
33.61666666666667,1595.281294,-24.3227412547188,0.0,-20.760777034089823,-3.5619642206289743
33.63333333333333,1597.223734,-23.720169300947592,0.0,-20.694727567901108,-3.0254417330464842
33.65,1599.192312,-23.225648977579613,0.0,-20.222515755200664,-3.003133222378948
33.666666666666664,1601.187009,-23.082328254850847,0.0,-20.213148845089393,-2.8691794097614554
33.68333333333333,1603.207833,-22.64687516436101,0.0,-20.084297886447743,-2.5625772779132654
33.7,1605.25431,-22.315014135211527,0.0,-19.757828591792045,-2.557185543419481
33.71666666666667,1607.325241,-22.71541537652537,0.0,-20.15822983310589,-2.557185543419481
33.733333333333334,1609.420117,-22.770334388508875,0.0,-20.213148845089393,-2.557185543419481
33.75,1611.538022,-23.172565864734423,-0.4022314762255502,-20.213148845089393,-2.557185543419481
33.766666666666666,1613.676746,-23.058905924689935,-0.4571504882090548,-20.0445698930614,-2.557185543419481
33.78333333333333,1615.835365,-22.775222361497534,-0.4571504882090548,-19.760886329869,-2.557185543419481
33.8,1618.013353,-23.105573795288283,-0.4571504882090548,-20.09123776365975,-2.557185543419481
33.81666666666667,1620.209479,-22.241281915972685,-0.4571504882090548,-19.22694588434415,-2.557185543419481
33.833333333333336,1622.423246,-22.540762600124474,-0.4571504882090548,-19.52642656849594,-2.557185543419481
33.85,1624.654678,-22.52599888624285,-0.4571504882090548,-19.511662854614315,-2.557185543419481
33.86666666666667,1626.903826,-21.98947639866033,-0.4571504882090548,-19.511662854614315,-2.0206630558369603
33.88333333333333,1629.170732,-22.456221927827738,-0.4571504882090548,-19.98951408519967,-2.009557354419012
33.9,1631.455378,-22.928230362468412,-0.4571504882090548,-20.461522519840344,-2.009557354419012
33.916666666666664,1633.757667,-23.38538085067747,-0.4571504882090548,-20.918673008049403,-2.009557354419012
33.93333333333333,1636.077545,-23.306008851304043,-0.4571504882090548,-21.37582349625846,-1.4730348668365272
33.95,1638.413876,-23.827673392454923,-0.4571504882090548,-21.43074250824196,-1.9397803960039075
33.96666666666667,1640.763906,-24.29968182709558,-0.4571504882090548,-21.832973984467507,-2.0095573544190173
33.983333333333334,1643.126415,-24.32032700567023,-0.4571504882090548,-21.853619163042158,-2.0095573544190173
34.0,1645.499287,-23.905373717995587,-0.4571504882090548,-21.438665875367516,-2.0095573544190173
34.016666666666666,1647.877541,-24.37530158145535,-0.4571504882090548,-21.90859373882728,-2.0095573544190173
34.03333333333333,1650.259044,-24.445078539870458,-0.4571504882090548,-21.978370697242386,-2.0095573544190173
34.05,1652.642554,-24.282367343129664,-0.4571504882090548,-21.815659500501592,-2.0095573544190173
34.06666666666667,1655.02529,-23.99197935011025,-0.4571504882090548,-21.525271507482177,-2.0095573544190173
34.083333333333336,1657.406076,-23.95195828682831,-0.4571504882090548,-21.48525044420024,-2.0095573544190173
34.1,1659.784812,-23.538660077718987,-0.4571504882090548,-21.071952235090915,-2.0095573544190173
34.11666666666667,1662.16136,-23.53077756345235,-0.4571504882090548,-21.06406972082428,-2.0095573544190173
34.13333333333333,1664.535658,-23.848833964068383,-0.4571504882090548,-21.38212612144031,-2.0095573544190173
34.15,1666.907704,-23.171034228702133,-0.4571504882090548,-21.24084887365658,-1.4730348668364968
34.166666666666664,1669.277508,-22.29454022312974,-0.4571504882090548,-20.37546056950214,-1.4619291654185482
34.18333333333333,1671.64505,-22.281663383976806,-0.4571504882090548,-20.362583730349204,-1.4619291654185482
34.2,1674.009805,-22.281663383976806,-0.4571504882090548,-20.362583730349204,-1.4619291654185482
34.21666666666667,1676.370528,-22.75951461456213,-0.4571504882090548,-20.840434960934527,-1.4619291654185482
34.233333333333334,1678.726657,-22.829291572977237,-0.4571504882090548,-20.910211919349635,-1.4619291654185482
34.25,1681.077241,-22.292769085394752,-0.4571504882090548,-20.37368943176715,-1.4619291654185482
34.266666666666666,1683.420078,-22.195225701899872,-0.4571504882090548,-20.337973407443215,-1.4001018062476018
34.28333333333333,1685.754209,-21.740266579454605,-0.4571504882090548,-20.27106992295116,-1.0120461682943918
34.3,1688.079072,-21.67034497063125,-0.4571504882090548,-20.2084158052127,-1.0047786772094938
34.31666666666667,1690.393431,-21.369724719065616,-0.4571504882090548,-19.907795553647066,-1.0047786772094938
34.333333333333336,1692.696753,-21.367362407558698,-0.4571504882090548,-19.90543324214015,-1.0047786772094938
34.35,1694.988967,-21.367362407558698,-0.4571504882090548,-19.90543324214015,-1.0047786772094938
34.36666666666667,1697.269979,-21.367362407558698,-0.4571504882090548,-19.90543324214015,-1.0047786772094938
34.38333333333333,1699.539733,-21.367362407558698,-0.4571504882090548,-19.90543324214015,-1.0047786772094938
34.4,1701.798227,-21.367362407558698,-0.4571504882090548,-19.90543324214015,-1.0047786772094938
34.416666666666664,1704.045483,-21.367362407558698,-0.4571504882090548,-19.90543324214015,-1.0047786772094938
34.43333333333333,1706.281498,-21.367362407558698,-0.4571504882090548,-19.90543324214015,-1.0047786772094938
34.45,1708.506255,-21.367362407558698,-0.4571504882090548,-19.90543324214015,-1.0047786772094938
34.46666666666667,1710.719748,-21.367362407558698,-0.4571504882090548,-19.90543324214015,-1.0047786772094938
34.483333333333334,1712.921961,-21.367362407558698,-0.4571504882090548,-19.90543324214015,-1.0047786772094938
34.5,1715.112886,-21.244963372326076,-0.4571504882090548,-19.90543324214015,-0.8823796419768728
34.516666666666666,1717.292539,-20.82769238228206,-0.4571504882090548,-19.90543324214015,-0.46510865193285533
34.53333333333333,1719.460911,-20.2079677315762,-0.4571504882090548,-19.29366675515809,-0.45715048820905546
34.55,1721.61799,-20.299760996365514,-0.4571504882090548,-19.385460019947402,-0.45715048820905546
34.56666666666667,1723.763778,-20.362583730349208,-0.4571504882090548,-19.448282753931096,-0.45715048820905546
34.583333333333336,1725.898262,-20.362583730349208,-0.4571504882090548,-19.448282753931096,-0.45715048820905546
34.6,1728.021402,-20.22114702589449,-0.4571504882090548,-19.306846049476377,-0.45715048820905546
34.61666666666667,1730.133133,-19.910901441354824,-0.4571504882090548,-18.996600464936712,-0.45715048820905546
34.63333333333333,1732.233413,-19.45704518474149,-0.4571504882090548,-18.542744208323377,-0.45715048820905546
34.65,1734.322251,-19.202043198471817,-0.4571504882090548,-18.287742222053705,-0.45715048820905546
34.666666666666664,1736.399692,-18.90488931632124,-0.4571504882090548,-17.990588339903127,-0.45715048820905546
34.68333333333333,1738.465762,-18.900654564930672,-0.4571504882090548,-17.98635358851256,-0.45715048820905546
34.7,1740.520936,-18.900654564930672,-0.4571504882090548,-17.98635358851256,-0.45715048820905546
34.71666666666667,1742.566383,-18.900654564930672,-0.4571504882090548,-17.98635358851256,-0.45715048820905546
34.733333333333334,1744.602616,-18.900654564930672,-0.4571504882090548,-17.98635358851256,-0.45715048820905546
34.75,1746.630535,-18.736411803357043,-0.4571504882090548,-17.822110826938932,-0.45715048820905546
34.766666666666666,1748.652266,-18.421804106919026,-0.4571504882090548,-17.507503130500915,-0.45715048820905546
34.78333333333333,1750.668715,-17.90633384232939,-0.4571504882090548,-16.992032865911277,-0.45715048820905546
34.8,1752.680413,-18.37372711830654,-0.4571504882090548,-17.45942614188843,-0.45715048820905546
34.81666666666667,1754.688558,-18.443504076721656,-0.4571504882090548,-17.529203100303544,-0.45715048820905546
34.833333333333336,1756.693653,-18.443504076721656,-0.4571504882090548,-17.529203100303544,-0.45715048820905546
34.85,1758.695704,-18.406491434666478,-0.4571504882090548,-17.492190458248366,-0.45715048820905546
34.86666666666667,1760.694699,-18.347391733450447,-0.4571504882090548,-17.433090757032335,-0.45715048820905546
34.88333333333333,1762.690628,-17.866909759462427,-0.33769245254524477,-17.072066818708127,-0.45715048820905546
34.9,1764.683541,-17.631918443192326,-0.0013976910467727486,-16.771138787710946,-0.8593819644346061
34.916666666666664,1766.673562,-18.160912132363514,0.0,-16.76875992536008,-1.3921522070034342
34.93333333333333,1768.660776,-17.97324024221836,0.0,-16.511311076799817,-1.4619291654185433
34.95,1770.646292,-17.686947279314357,0.0,-16.225018113895814,-1.4619291654185433
34.96666666666667,1772.63275,-17.683060901778195,0.0,-16.221131736359652,-1.4619291654185433
34.983333333333334,1774.621336,-17.591847064455735,0.0,-16.129917899037192,-1.4619291654185433
35.0,1776.614086,-17.144161877990342,0.0,-15.6822327125718,-1.4619291654185433
35.016666666666666,1778.615748,-17.537664189003326,0.0,-15.673503547359232,-1.8641606416440935
35.03333333333333,1780.628368,-17.334296252539872,0.0,-15.415216598912274,-1.9190796536275982
35.05,1782.653149,-17.047456510465498,0.0,-15.1283768568379,-1.9190796536275982
35.06666666666667,1784.692752,-16.815623892438914,0.0,-15.125875358358813,-1.6897485340801004
35.083333333333336,1786.748316,-16.502808319369358,0.0,-15.125875358358813,-1.3769329610105456
35.1,1788.819959,-16.49732682298598,0.0,-15.125875358358813,-1.3714514646271656
35.11666666666667,1790.907836,-16.377641434613693,0.0,-15.006189969986528,-1.3714514646271656
35.13333333333333,1793.01203,-16.04166225947139,0.0,-14.670210794844225,-1.3714514646271656
35.15,1795.132567,-16.040176334776923,0.0,-14.66872487014976,-1.3714514646271656
35.166666666666664,1797.269466,-15.904767337180798,0.0,-14.533315872553633,-1.3714514646271656
35.18333333333333,1799.42277,-15.500191060335064,0.0,-14.128739595707899,-1.3714514646271656
35.2,1801.59301,-15.492548145776492,0.0,-14.121096681149327,-1.3714514646271656
35.21666666666667,1803.781408,-15.894779622002043,0.0,-14.121096681149327,-1.7736829408527162
35.233333333333334,1805.988532,-15.949698633985548,0.0,-14.121096681149327,-1.8286019528362205
35.25,1808.215322,-15.908336818526116,0.0,-14.121096681149327,-1.7872401373767905
35.266666666666666,1810.463924,-15.500301192175234,0.0,-14.121096681149327,-1.379204511025907
35.28333333333333,1812.735286,-15.492548145776492,0.0,-14.121096681149327,-1.3714514646271652
35.3,1815.029975,-15.492548145776492,0.0,-14.121096681149327,-1.3714514646271652
35.31666666666667,1817.349206,-15.492548145776492,0.0,-14.121096681149327,-1.3714514646271652
35.333333333333336,1819.693519,-15.492548145776492,0.0,-14.121096681149327,-1.3714514646271652
35.35,1822.063009,-15.970399376361815,0.0,-14.121096681149327,-1.8493026952124882
35.36666666666667,1824.457795,-16.518027565362246,0.0,-14.121096681149327,-2.396930884212921
35.38333333333333,1826.877957,-16.587804523777358,0.0,-14.121096681149327,-2.46670784262803
35.4,1829.323525,-16.587804523777358,0.0,-14.121096681149327,-2.46670784262803
35.416666666666664,1831.794509,-16.587804523777358,0.0,-14.121096681149327,-2.46670784262803
35.43333333333333,1834.290942,-16.587804523777358,0.0,-14.121096681149327,-2.46670784262803
35.45,1836.812873,-16.587804523777358,0.0,-14.121096681149327,-2.46670784262803
35.46666666666667,1839.360352,-16.990036000002906,0.0,-14.523328157374875,-2.46670784262803
35.483333333333334,1841.93343,-17.44718648821196,0.0,-14.98047864558393,-2.46670784262803
35.5,1844.532154,-17.343268787859653,0.0,-14.876560945231624,-2.46670784262803
35.516666666666666,1847.156565,-17.049120497417398,0.0,-14.582412654789369,-2.46670784262803
35.53333333333333,1849.806711,-16.768594314565032,0.0,-14.301886471937001,-2.46670784262803
35.55,1852.482642,-16.500572029687923,0.0,-14.033864187059894,-2.46670784262803
35.56666666666667,1855.184401,-16.369961682037292,0.0,-14.030618980357934,-2.3393427016793584
35.583333333333336,1857.912042,-15.89772779454807,0.0,-13.887067344450998,-2.0106604500970717
35.6,1860.665645,-15.583915719722144,0.0,-13.57435836530317,-2.0095573544189747
35.61666666666667,1863.445332,-15.583025846567855,0.0,-13.57346849214888,-2.0095573544189747
35.63333333333333,1866.251187,-15.589319628004187,0.0,-13.579762273585212,-2.0095573544189747
35.65,1869.083229,-14.62313715420974,0.0,-13.15010228737325,-1.4730348668364899
35.666666666666664,1871.941421,-14.2765951149698,0.0,-12.814665949551257,-1.461929165418542
35.68333333333333,1874.825764,-14.27495448262396,0.0,-12.813025317205417,-1.461929165418542
35.7,1877.73562,-13.028360451795562,0.0,-12.119432206796011,-0.9089282449995504
35.71666666666667,1880.669395,-12.278928850365956,0.0,-11.81338310415481,-0.4655457462111465
35.733333333333334,1883.626409,-12.265397128204983,0.0,-11.808246639995929,-0.4571504882090548
35.75,1886.605434,-12.265397128204983,0.0,-11.808246639995929,-0.4571504882090548
35.766666666666666,1889.603543,-12.265397128204983,0.0,-11.808246639995929,-0.4571504882090548
35.78333333333333,1892.619502,-12.265397128204983,0.0,-11.808246639995929,-0.4571504882090548
35.8,1895.6526,-11.910161305658123,0.0,-11.45301081744907,-0.4571504882090548
35.81666666666667,1898.701199,-11.717970078419015,0.0,-11.26081959020996,-0.4571504882090548
35.833333333333336,1901.764626,-11.71776893920455,0.0,-11.260618450995496,-0.4571504882090548
35.85,1904.842897,-11.71776893920455,0.0,-11.260618450995496,-0.4571504882090548
35.86666666666667,1907.936063,-11.71776893920455,0.0,-11.260618450995496,-0.4571504882090548
35.88333333333333,1911.044165,-11.71776893920455,0.0,-11.260618450995496,-0.4571504882090548
35.9,1914.167158,-11.71776893920455,0.0,-11.260618450995496,-0.4571504882090548
35.916666666666664,1917.304899,-11.71776893920455,0.0,-11.260618450995496,-0.4571504882090548
35.93333333333333,1920.457294,-11.181246451622066,0.0,-10.724095963413012,-0.4571504882090548
35.95,1923.622812,-11.170140750204117,0.0,-10.712990261995063,-0.4571504882090548
35.96666666666667,1926.797763,-11.64799198078943,0.0,-10.712990261995063,-0.9350017187943664
35.983333333333334,1929.980501,-11.717768939204538,0.0,-10.712990261995063,-1.0047786772094742
36.0,1933.168185,-11.717768939204538,0.0,-10.712990261995063,-1.0047786772094742
36.016666666666666,1936.354157,-11.717768939204538,0.0,-10.712990261995063,-1.0047786772094742
36.03333333333333,1939.535551,-11.518668265216208,0.0,-10.513889588006734,-1.0047786772094742
36.05,1942.710693,-11.176295712099474,0.0,-10.17151703489,-1.0047786772094742
36.06666666666667,1945.875851,-10.958101405424019,0.0,-9.953322728214545,-1.0047786772094742
36.083333333333336,1949.029438,-10.441322690250479,0.0,-9.436544013041004,-1.0047786772094742
36.1,1952.171298,-10.571088056155002,0.0,-9.566309378945528,-1.0047786772094742
36.11666666666667,1955.301227,-10.62251256120365,0.0,-9.617733883994175,-1.0047786772094742
36.13333333333333,1958.41912,-11.0247440374292,0.0,-9.617733883994175,-1.4070101534350248
36.15,1961.524953,-11.481894525638255,0.0,-10.019965360219725,-1.4619291654185296
36.166666666666664,1964.618713,-11.53681353762176,0.0,-10.07488437220323,-1.4619291654185296
36.18333333333333,1967.700359,-11.53681353762176,0.0,-10.07488437220323,-1.4619291654185296
36.2,1970.769163,-11.53681353762176,0.0,-10.07488437220323,-1.4619291654185296
36.21666666666667,1973.823439,-11.44492811072371,0.0,-9.98299894530518,-1.4619291654185296
36.233333333333334,1976.862415,-10.461375195910117,0.0,-8.999446030491587,-1.4619291654185296
36.25,1979.884797,-10.441557159620858,0.0,-8.979627994202328,-1.4619291654185296
36.266666666666666,1982.887614,-10.441557159620858,0.0,-8.979627994202328,-1.4619291654185296
36.28333333333333,1985.869569,-10.441557159620858,0.0,-8.979627994202328,-1.4619291654185296
36.3,1988.829883,-10.441557159620858,0.0,-8.979627994202328,-1.4619291654185296
36.31666666666667,1991.766889,-10.441557159620858,0.0,-8.979627994202328,-1.4619291654185296
36.333333333333336,1994.67985,-10.441557159620858,0.0,-8.979627994202328,-1.4619291654185296
36.35,1997.568653,-10.441557159620858,0.0,-8.979627994202328,-1.4619291654185296
36.36666666666667,2000.433153,-10.441557159620858,0.0,-8.979627994202328,-1.4619291654185296
36.38333333333333,2003.273259,-10.441557159620858,0.0,-8.979627994202328,-1.4619291654185296
36.4,2006.088945,-10.441557159620858,0.0,-8.979627994202328,-1.4619291654185296
36.416666666666664,2008.880225,-10.441557159620858,0.0,-8.979627994202328,-1.4619291654185296
36.43333333333333,2011.647073,-10.441557159620858,0.0,-8.979627994202328,-1.4619291654185296
36.45,2014.389443,-10.441557159620858,0.0,-8.979627994202328,-1.4619291654185296
36.46666666666667,2017.107288,-10.28932037446371,0.0,-8.82739120904518,-1.4619291654185296
36.483333333333334,2019.800562,-10.138558095441855,0.0,-8.676628930023325,-1.4619291654185296
36.5,2022.469224,-9.980339897825894,0.0,-8.518410732407364,-1.4619291654185296
36.516666666666666,2025.113242,-9.683494531867773,0.0,-8.221565366449243,-1.4619291654185296
36.53333333333333,2027.732573,-9.681113984677395,0.0,-8.219184819258865,-1.4619291654185296
36.55,2030.327178,-9.681113984677395,0.0,-8.219184819258865,-1.4619291654185296
36.56666666666667,2032.897021,-9.659438183509867,0.0,-8.219184819258865,-1.4402533642510016
36.583333333333336,2035.442061,-9.144010633999626,0.0,-8.219184819258865,-0.9248258147407599
36.6,2037.962233,-9.133485795676975,0.0,-8.219184819258865,-0.9143009764181103
36.61666666666667,2040.457451,-9.131164560155154,0.0,-8.216863583737045,-0.9143009764181103
36.63333333333333,2042.927647,-9.07918394285572,0.0,-8.16488296643761,-0.9143009764181103
36.65,2045.372812,-8.473074018349935,0.0,-7.5587730419318255,-0.9143009764181103
36.666666666666664,2047.792967,-7.973879312604053,0.0,-7.059578336185943,-0.9143009764181103
36.68333333333333,2050.188117,-7.5882175800733,0.0,-6.67391660365519,-0.9143009764181103
36.7,2052.558719,-7.5810789294670204,0.0,-6.66677795304891,-0.9143009764181103
36.71666666666667,2054.905925,-7.5810789294670204,0.0,-6.66677795304891,-0.9143009764181103
36.733333333333334,2057.230228,-7.5810789294670204,0.0,-6.66677795304891,-0.9143009764181103
36.75,2059.532511,-7.983310405692582,-0.4022314762255624,-6.66677795304891,-0.9143009764181103
36.766666666666666,2061.814884,-7.501706930093046,-0.4571504882090688,-6.130255465465867,-0.9143009764181103
36.78333333333333,2064.078239,-7.490601228675619,-0.4571504882090688,-6.11914976404844,-0.9143009764181103
36.8,2066.323084,-7.490601228675619,-0.4571504882090688,-6.11914976404844,-0.9143009764181103
36.81666666666667,2068.550602,-7.308104871441127,-0.4571504882090688,-6.11914976404844,-0.7318046191836194
36.833333333333336,2070.761275,-7.03638605867723,-0.4571504882090688,-6.11914976404844,-0.4600858064197217
36.85,2072.955093,-7.033450740466563,-0.4571504882090688,-6.11914976404844,-0.4571504882090548
36.86666666666667,2075.132016,-7.033450740466563,-0.4571504882090688,-6.11914976404844,-0.4571504882090548
36.88333333333333,2077.292016,-7.033450740466563,-0.4571504882090688,-6.11914976404844,-0.4571504882090548
36.9,2079.435125,-7.033450740466563,-0.4571504882090688,-6.11914976404844,-0.4571504882090548
36.916666666666664,2081.561447,-6.899159729109071,-0.8593819644346194,-5.582627276465397,-0.4571504882090548
36.93333333333333,2083.671047,-6.94297303967515,-0.9143009764181242,-5.571521575047971,-0.4571504882090548
36.95,2085.765029,-6.94297303967515,-0.9143009764181242,-5.571521575047971,-0.4571504882090548
36.96666666666667,2087.846046,-6.94297303967515,-0.9143009764181242,-5.571521575047971,-0.4571504882090548
36.983333333333334,2089.915278,-6.94297303967515,-0.9143009764181242,-5.571521575047971,-0.4571504882090548
37.0,2091.974765,-6.94297303967515,-0.9143009764181242,-5.571521575047971,-0.4571504882090548
37.016666666666666,2094.029292,-6.94297303967515,-0.9143009764181242,-5.571521575047971,-0.4571504882090548
37.03333333333333,2096.080909,-6.94297303967515,-0.9143009764181242,-5.571521575047971,-0.4571504882090548
37.05,2098.130811,-6.807778901899158,-0.9143009764181242,-5.436327437271979,-0.4571504882090548
37.06666666666667,2100.181667,-6.486806051859826,-0.9143009764181242,-5.115354587232647,-0.4571504882090548
37.083333333333336,2102.234605,-6.485822551466095,-0.9143009764181242,-5.114371086838916,-0.4571504882090548
37.1,2104.289721,-6.485822551466095,-0.9143009764181242,-5.114371086838916,-0.4571504882090548
37.11666666666667,2106.347145,-6.226364469532713,-0.9143009764181242,-4.8549130049055345,-0.4571504882090548
37.13333333333333,2108.406935,-5.938813790873654,-0.9143009764181242,-4.567362326246475,-0.4571504882090548
37.15,2110.469094,-5.938194362465662,-0.9143009764181242,-4.566742897838483,-0.4571504882090548
37.166666666666664,2112.533613,-5.8105536949636365,-0.9143009764181242,-4.439102230336458,-0.4571504882090548
37.18333333333333,2114.600508,-4.950008811811337,-0.9143009764181242,-3.5785573471841583,-0.4571504882090548
37.2,2116.670291,-4.933415685256125,-0.9143009764181242,-3.561964220628946,-0.4571504882090548
37.21666666666667,2118.744169,-4.825307576331065,-0.9143009764181242,-3.453856111703886,-0.4571504882090548
37.233333333333334,2120.822689,-4.96032038822867,-0.9143009764181242,-3.111017693016202,-0.9350017187943436
37.25,2122.906771,-5.023893386047539,-0.9143009764181242,-3.104813732419891,-1.004778677209524
37.266666666666666,2124.998559,-5.42612486227309,-1.3165324526436746,-3.104813732419891,-1.004778677209524
37.28333333333333,2127.098975,-5.481043874256594,-1.371451464627179,-3.104813732419891,-1.004778677209524
37.3,2129.208562,-5.481043874256594,-1.371451464627179,-3.104813732419891,-1.004778677209524
37.31666666666667,2131.328517,-5.481043874256594,-1.371451464627179,-3.104813732419891,-1.004778677209524
37.333333333333336,2133.459349,-5.481043874256594,-1.371451464627179,-3.104813732419891,-1.004778677209524
37.35,2135.601121,-5.481043874256594,-1.371451464627179,-3.104813732419891,-1.004778677209524
37.36666666666667,2137.753917,-5.481043874256594,-1.371451464627179,-3.104813732419891,-1.004778677209524
37.38333333333333,2139.917779,-5.481043874256594,-1.371451464627179,-3.104813732419891,-1.004778677209524
37.4,2142.092707,-5.481043874256594,-1.371451464627179,-3.104813732419891,-1.004778677209524
37.416666666666664,2144.278672,-5.883275350482144,-1.371451464627179,-3.5070452086454416,-1.004778677209524
37.43333333333333,2146.47567,-5.938194362465649,-1.371451464627179,-3.561964220628946,-1.004778677209524
37.45,2148.683724,-6.3404258386912,-1.371451464627179,-3.9641956968544965,-1.004778677209524
37.46666666666667,2150.902858,-6.797576326900254,-1.371451464627179,-4.421346185063551,-1.004778677209524
37.483333333333334,2153.133094,-6.852495338883759,-1.371451464627179,-4.476265197047056,-1.004778677209524
37.5,2155.37445,-6.852495338883759,-1.371451464627179,-4.476265197047056,-1.004778677209524
37.516666666666666,2157.626956,-6.852495338883759,-1.371451464627179,-4.476265197047056,-1.004778677209524
37.53333333333333,2159.890632,-6.786787988785305,-1.371451464627179,-4.476265197047056,-0.93907132711107
37.55,2162.165496,-6.402521334700834,-1.371451464627179,-4.476265197047056,-0.5548046730265992
37.56666666666667,2164.451571,-6.797576326900255,-1.371451464627179,-4.878496673272607,-0.5476281890004691
37.583333333333336,2166.748873,-6.8524953388837595,-1.371451464627179,-4.9334156852561115,-0.5476281890004691
37.6,2169.057432,-7.330346569469016,-1.371451464627179,-4.9334156852561115,-1.025479419585726
37.61666666666667,2171.37729,-7.718179928500225,-1.371451464627179,-4.9334156852561115,-1.4133127786169344
37.63333333333333,2173.708474,-7.703416214618601,-1.371451464627179,-4.9334156852561115,-1.39854906473531
37.65,2176.050985,-7.703416214618601,-1.371451464627179,-4.9334156852561115,-1.39854906473531
37.666666666666664,2178.404802,-7.703416214618601,-1.371451464627179,-4.9334156852561115,-1.39854906473531
37.68333333333333,2180.769918,-7.703416214618601,-1.371451464627179,-4.9334156852561115,-1.39854906473531
37.7,2183.146073,-7.703416214618601,-1.371451464627179,-4.9334156852561115,-1.39854906473531
37.71666666666667,2185.532629,-7.703416214618601,-1.371451464627179,-4.9334156852561115,-1.39854906473531
37.733333333333334,2187.92931,-8.583498921429408,-1.371451464627179,-5.3356471614816625,-1.876400295320567
37.75,2190.335625,-8.708194891828088,-1.371451464627179,-5.390566173465166,-1.9461772537357427
37.766666666666666,2192.750407,-8.708194891828088,-1.371451464627179,-5.390566173465166,-1.9461772537357427
37.78333333333333,2195.173164,-8.489402167110672,-1.371451464627179,-5.17177344874775,-1.9461772537357427
37.8,2197.603609,-8.162317427466727,-1.371451464627179,-4.844688709103805,-1.9461772537357427
37.81666666666667,2200.04109,-8.160566702827655,-1.371451464627179,-4.842937984464734,-1.9461772537357427
37.833333333333336,2202.485335,-8.160566702827655,-1.371451464627179,-4.842937984464734,-1.9461772537357427
37.85,2204.936351,-8.160566702827655,-1.371451464627179,-4.842937984464734,-1.9461772537357427
37.86666666666667,2207.394151,-8.160566702827655,-1.371451464627179,-4.842937984464734,-1.9461772537357427
37.88333333333333,2209.858752,-8.160566702827655,-1.371451464627179,-4.842937984464734,-1.9461772537357427
37.9,2212.330132,-8.160566702827655,-1.371451464627179,-4.842937984464734,-1.9461772537357427
37.916666666666664,2214.808229,-8.160566702827655,-1.371451464627179,-4.842937984464734,-1.9461772537357427
37.93333333333333,2217.293003,-8.562798179053207,-1.371451464627179,-5.245169460690285,-1.9461772537357427
37.95,2219.783839,-8.61771719103671,-1.371451464627179,-5.30008847267379,-1.9461772537357427
37.96666666666667,2222.279262,-8.61771719103671,-1.371451464627179,-5.30008847267379,-1.9461772537357427
37.983333333333334,2224.778613,-8.61771719103671,-1.371451464627179,-5.30008847267379,-1.9461772537357427
38.0,2227.280753,-8.423307020915079,-1.371451464627179,-5.30008847267379,-1.75176708361411
38.016666666666666,2229.783024,-8.076350366931145,-1.371451464627179,-5.30008847267379,-1.4048104296301762
38.03333333333333,2232.284283,-8.070089002036278,-1.371451464627179,-5.30008847267379,-1.39854906473531
38.05,2234.783861,-8.070089002036278,-1.371451464627179,-5.30008847267379,-1.39854906473531
38.06666666666667,2237.280274,-8.248082320203919,-1.371451464627179,-5.160025390225397,-1.716605465351343
38.083333333333336,2239.772889,-7.918293534661811,-1.371451464627179,-4.845000318564914,-1.7018417514697186
38.1,2242.261648,-8.394082431146874,-1.371451464627179,-5.320789215049977,-1.7018417514697186
38.11666666666667,2244.746476,-8.941710620147308,-1.371451464627179,-5.390566173465153,-2.1796929820549753
38.13333333333333,2247.227333,-9.011487578562484,-1.371451464627179,-5.390566173465153,-2.249469940470151
38.15,2249.704216,-9.011487578562484,-1.371451464627179,-5.390566173465153,-2.249469940470151
38.166666666666664,2252.177124,-8.879688253127275,-1.371451464627179,-5.258766848029945,-2.249469940470151
38.18333333333333,2254.646044,-8.555366942134103,-1.371451464627179,-4.934445537036774,-2.249469940470151
38.2,2257.110688,-8.381610986355746,-1.371451464627179,-4.760689581258417,-2.249469940470151
38.21666666666667,2259.570384,-8.097852914383289,-1.371451464627179,-4.47693150928596,-2.249469940470151
38.233333333333334,2262.024827,-8.097186602144372,-1.371451464627179,-4.476265197047043,-2.249469940470151
38.25,2264.473503,-8.097186602144372,-1.371451464627179,-4.476265197047043,-2.249469940470151
38.266666666666666,2266.915223,-8.012597581790907,-1.286862444273713,-4.476265197047043,-2.249469940470151
38.28333333333333,2269.349475,-7.646774520327583,-0.9210393828103891,-4.476265197047043,-2.249469940470151
38.3,2271.775951,-8.117887344520575,-0.9143009764181236,-4.9541164276323,-2.249469940470151
38.31666666666667,2274.19399,-8.187664302935751,-0.9143009764181236,-5.023893386047476,-2.249469940470151
38.333333333333336,2276.603304,-8.187664302935751,-0.9143009764181236,-5.023893386047476,-2.249469940470151
38.35,2279.003856,-8.505720703551784,-0.9143009764181236,-5.023893386047476,-2.567526341086184
38.36666666666667,2281.395595,-8.49095698967016,-0.9143009764181236,-5.023893386047476,-2.55276262720456
38.38333333333333,2283.778495,-7.954434502087152,-0.9143009764181236,-5.023893386047476,-2.016240139621553
38.4,2286.15255,-7.943328800669727,-0.9143009764181236,-5.023893386047476,-2.005134438204127
38.416666666666664,2288.517774,-8.421180031254984,-0.9143009764181236,-5.023893386047476,-2.482985668789384
38.43333333333333,2290.874161,-8.667920352680543,-0.9143009764181236,-5.501744616632738,-2.2518747596296813
38.45,2293.221696,-8.735292491936189,-0.9143009764181236,-5.571521575047915,-2.249469940470151
38.46666666666667,2295.560356,-8.735292491936189,-0.9143009764181236,-5.571521575047915,-2.249469940470151
38.483333333333334,2297.890122,-8.705390503153508,-0.9143009764181236,-5.541619586265233,-2.249469940470151
38.5,2300.210976,-8.638459110842383,-0.9143009764181236,-5.474688193954109,-2.249469940470151
38.516666666666666,2302.522893,-8.47731056499492,-0.9143009764181236,-5.313539648106645,-2.249469940470151
38.53333333333333,2304.825851,-7.473518132367008,-0.9143009764181236,-4.309747215478733,-2.249469940470151
38.55,2307.119836,-7.504473017115194,-0.9143009764181236,-4.3407021002269195,-2.249469940470151
38.56666666666667,2309.404824,-7.486178312460641,-0.9143009764181236,-4.322407395572366,-2.249469940470151
38.583333333333336,2311.680799,-7.486178312460641,-0.9143009764181236,-4.322407395572366,-2.249469940470151
38.6,2313.947755,-7.486178312460641,-0.9143009764181236,-4.322407395572366,-2.249469940470151
38.61666666666667,2316.205691,-7.486178312460641,-0.9143009764181236,-4.322407395572366,-2.249469940470151
38.63333333333333,2318.454599,-7.486178312460641,-0.9143009764181236,-4.322407395572366,-2.249469940470151
38.65,2320.694459,-7.486178312460641,-0.9143009764181236,-4.322407395572366,-2.249469940470151
38.666666666666664,2322.925239,-7.486178312460641,-0.9143009764181236,-4.322407395572366,-2.249469940470151
38.68333333333333,2325.146915,-7.486178312460641,-0.9143009764181236,-4.322407395572366,-2.249469940470151
38.7,2327.359325,-7.486178312460641,-0.9143009764181236,-4.322407395572366,-2.249469940470151
38.71666666666667,2329.562105,-7.964029543045898,-0.9143009764181236,-4.800258626157623,-2.249469940470151
38.733333333333334,2331.755085,-8.033806501461074,-0.9143009764181236,-4.870035584572799,-2.249469940470151
38.75,2333.937978,-8.033806501461074,-0.9143009764181236,-4.870035584572799,-2.249469940470151
38.766666666666666,2336.110135,-8.033806501461074,-0.9143009764181236,-4.870035584572799,-2.249469940470151
38.78333333333333,2338.271268,-7.497284013878031,-0.9143009764181236,-4.870035584572799,-1.7129474528871083
38.8,2340.421203,-7.486178312460604,-0.9143009764181236,-4.870035584572799,-1.701841751469682
38.81666666666667,2342.559564,-7.486178312460604,-0.9143009764181236,-4.870035584572799,-1.701841751469682
38.833333333333336,2344.686186,-7.486178312460604,-0.9143009764181236,-4.870035584572799,-1.701841751469682
38.85,2346.801049,-7.486178312460604,-0.9143009764181236,-4.870035584572799,-1.701841751469682
38.86666666666667,2348.904143,-7.486178312460604,-0.9143009764181236,-4.870035584572799,-1.701841751469682
38.88333333333333,2350.995453,-7.804234713076637,-0.9143009764181236,-5.188091985188832,-1.701841751469682
38.9,2353.074946,-7.789470999195013,-0.9143009764181236,-5.1733282713072075,-1.701841751469682
38.916666666666664,2355.142569,-7.789470999195013,-0.9143009764181236,-5.1733282713072075,-1.701841751469682
38.93333333333333,2357.198279,-7.789470999195013,-0.9143009764181236,-5.1733282713072075,-1.701841751469682
38.95,2359.241727,-7.789470999195013,-0.9143009764181236,-5.1733282713072075,-1.701841751469682
38.96666666666667,2361.272095,-7.789470999195013,-0.9143009764181236,-5.1733282713072075,-1.701841751469682
38.983333333333334,2363.289013,-8.26732222978027,-0.9143009764181236,-5.651179501892464,-1.701841751469682
39.0,2365.291849,-8.337099188195445,-0.9143009764181236,-5.72095646030764,-1.701841751469682
39.016666666666666,2367.279155,-8.337099188195445,-0.9143009764181236,-5.72095646030764,-1.701841751469682
39.03333333333333,2369.250295,-8.337099188195445,-0.9143009764181236,-5.72095646030764,-1.701841751469682
39.05,2371.204897,-8.337099188195445,-0.9143009764181236,-5.72095646030764,-1.701841751469682
39.06666666666667,2373.142144,-8.337099188195445,-0.9143009764181236,-5.72095646030764,-1.701841751469682
39.083333333333336,2375.061679,-8.337099188195445,-0.9143009764181236,-5.72095646030764,-1.701841751469682
39.1,2376.963456,-8.337099188195445,-0.9143009764181236,-5.72095646030764,-1.701841751469682
39.11666666666667,2378.847419,-8.814950418780702,-0.9143009764181236,-5.72095646030764,-2.179692982054939
39.13333333333333,2380.713533,-8.884727377195878,-0.9143009764181236,-5.72095646030764,-2.2494699404701146
39.15,2382.561779,-8.884727377195878,-0.9143009764181236,-5.72095646030764,-2.2494699404701146
39.166666666666664,2384.392144,-8.884727377195878,-0.9143009764181236,-5.72095646030764,-2.2494699404701146
39.18333333333333,2386.204606,-8.635003122658905,-0.7424297949236947,-5.72095646030764,-2.1716168674275704
39.2,2387.998993,-8.128626658467407,-0.46096867952438053,-5.72095646030764,-1.9467015186353875
39.21666666666667,2389.774932,-8.124284202252401,-0.4571504882090548,-5.72095646030764,-1.9461772537357063
39.233333333333334,2391.532243,-8.124284202252401,-0.4571504882090548,-5.72095646030764,-1.9461772537357063
39.25,2393.270637,-8.124284202252401,-0.4571504882090548,-5.72095646030764,-1.9461772537357063
39.266666666666666,2394.989457,-8.124284202252401,-0.4571504882090548,-5.72095646030764,-1.9461772537357063
39.28333333333333,2396.688412,-7.587761714669394,-0.4571504882090548,-5.184433972724633,-1.9461772537357063
39.3,2398.367327,-7.576656013251968,-0.4571504882090548,-5.1733282713072075,-1.9461772537357063
39.31666666666667,2400.02583,-7.576656013251968,-0.4571504882090548,-5.1733282713072075,-1.9461772537357063
39.333333333333336,2401.663752,-7.0391209513221735,-0.4571504882090548,-5.17231569696042,-1.409654766152699
39.35,2403.281062,-6.980558562311241,-0.4571504882090548,-5.124859009366912,-1.3985490647352736
39.36666666666667,2404.877719,-6.91607116024411,-0.4571504882090548,-5.060371607299782,-1.3985490647352736
39.38333333333333,2406.453696,-6.863506659200926,-0.4571504882090548,-5.007807106256597,-1.3985490647352736
39.4,2408.00898,-6.883879153739333,-0.4571504882090548,-5.028179600795005,-1.3985490647352736
39.416666666666664,2409.543568,-7.278879783003205,-0.4571504882090548,-5.423180230058877,-1.3985490647352736
39.43333333333333,2411.057448,-7.0649115577136,-0.4571504882090548,-5.209212004769271,-1.3985490647352736
39.45,2412.550602,-7.050782018596237,-0.4571504882090548,-5.195082465651909,-1.3985490647352736
39.46666666666667,2414.02302,-7.032333939847804,-0.4571504882090548,-5.176634386903475,-1.3985490647352736
39.483333333333334,2415.474687,-7.009185002817004,-0.4571504882090548,-5.153485449872675,-1.3985490647352736
39.5,2416.905587,-6.983594462722657,-0.4571504882090548,-5.127894909778329,-1.3985490647352736
39.516666666666666,2418.315714,-6.957266597509674,-0.4571504882090548,-5.101567044565345,-1.3985490647352736
39.53333333333333,2419.705055,-6.931412488091514,-0.4571504882090548,-5.075712935147186,-1.3985490647352736
39.55,2421.073596,-6.758774022854016,-0.4571504882090548,-4.903074469909687,-1.3985490647352736
39.56666666666667,2422.421333,-6.7257910943212025,-0.4571504882090548,-4.870091541376874,-1.3985490647352736
39.583333333333336,2423.748252,-6.725735137517127,-0.4571504882090548,-4.870035584572798,-1.3985490647352736
39.6,2425.05432,-6.725735137517127,-0.4571504882090548,-4.870035584572798,-1.3985490647352736
39.61666666666667,2426.339479,-6.725735137517127,-0.4571504882090548,-4.870035584572798,-1.3985490647352736
39.63333333333333,2427.603696,-6.725735137517127,-0.4571504882090548,-4.870035584572798,-1.3985490647352736
39.65,2428.846985,-6.725735137517127,-0.4571504882090548,-4.870035584572798,-1.3985490647352736
39.666666666666664,2430.069396,-6.725735137517127,-0.4571504882090548,-4.870035584572798,-1.3985490647352736
39.68333333333333,2431.270962,-6.725735137517127,-0.4571504882090548,-4.870035584572798,-1.3985490647352736
39.7,2432.452156,-6.480681318203979,-0.4571504882090548,-4.624981765259651,-1.3985490647352736
39.71666666666667,2433.614123,-6.1824222858429465,-0.4571504882090548,-4.3267227328986175,-1.3985490647352736
39.733333333333334,2434.757371,-6.580338424742244,-0.4571504882090548,-4.724638871797916,-1.3985490647352736
39.75,2435.882787,-6.63525743672575,-0.4571504882090548,-4.779557883781421,-1.3985490647352736
39.766666666666666,2436.992448,-6.63525743672575,-0.4571504882090548,-4.779557883781421,-1.3985490647352736
39.78333333333333,2438.087244,-6.453741592680414,-0.4571504882090548,-4.598042039736086,-1.3985490647352736
39.8,2439.167695,-6.002189095895673,-0.4571504882090548,-4.146489542951345,-1.3985490647352736
39.81666666666667,2440.234974,-5.6370826828400435,-0.4571504882090548,-3.7813831298957155,-1.3985490647352736
39.833333333333336,2441.289569,-5.662907787971671,-0.4571504882090548,-3.7747792065719326,-1.4309780931906837
39.85,2442.331487,-5.514782635753491,-0.8593819644346172,-3.7747792065719326,-0.880621464746941
39.86666666666667,2443.360708,-5.23777209505744,-0.9143009764181236,-3.7747792065719326,-0.5486919120673839
39.88333333333333,2444.377224,-5.236708371990488,-0.9143009764181236,-3.7747792065719326,-0.5476281890004325
39.9,2445.381083,-5.096353060425285,-0.9143009764181236,-3.634423895006729,-0.5476281890004325
39.916666666666664,2446.372405,-4.785049554705407,-0.9143009764181236,-3.3231203892868506,-0.5476281890004325
39.93333333333333,2447.351275,-4.779557883781434,-0.9143009764181236,-3.3176287183628776,-0.5476281890004325
39.95,2448.318798,-5.257409114366691,-0.9143009764181236,-3.7954799489481346,-0.5476281890004325
39.96666666666667,2449.277607,-4.7906635851988595,-0.9143009764181236,-3.3287344197803033,-0.5476281890004325
39.983333333333334,2450.228877,-4.779557883781434,-0.9143009764181236,-3.3176287183628776,-0.5476281890004325
40.0,2451.174635,-4.779557883781434,-0.9143009764181236,-3.3176287183628776,-0.5476281890004325
40.016666666666666,2452.119612,-4.779557883781434,-0.9143009764181236,-3.3176287183628776,-0.5476281890004325
40.03333333333333,2453.065836,-4.779557883781434,-0.9143009764181236,-3.3176287183628776,-0.5476281890004325
40.05,2454.01449,-4.779557883781434,-0.9143009764181236,-3.3176287183628776,-0.5476281890004325
40.06666666666667,2454.968212,-4.779557883781434,-0.9143009764181236,-3.3176287183628776,-0.5476281890004325
40.083333333333336,2455.928116,-4.779557883781434,-0.9143009764181236,-3.3176287183628776,-0.5476281890004325
40.1,2456.894295,-5.257409114366691,-0.9143009764181236,-3.3176287183628776,-1.0254794195856896
40.11666666666667,2457.86688,-5.327186072781866,-0.9143009764181236,-3.3176287183628776,-1.095256378000865
40.13333333333333,2458.845929,-5.327186072781866,-0.9143009764181236,-3.3176287183628776,-1.095256378000865
40.15,2459.831442,-5.805037303367155,-0.9143009764181236,-3.3176287183628776,-1.5731076085861537
40.166666666666664,2460.823411,-5.874814261782335,-0.9143009764181236,-3.3176287183628776,-1.6428845670013341
40.18333333333333,2461.821852,-5.874814261782335,-0.9143009764181236,-3.3176287183628776,-1.6428845670013341
40.2,2462.827267,-5.873632715482325,-0.9143009764181236,-3.316447172062867,-1.6428845670013341
40.21666666666667,2463.840841,-5.713633673677222,-0.9143009764181236,-3.1564481302577647,-1.6428845670013341
40.233333333333334,2464.863108,-5.418407238391864,-0.9143009764181236,-2.8612216949724063,-1.6428845670013341
40.25,2465.894969,-5.417663773573279,-0.9143009764181236,-2.860478230153822,-1.6428845670013341
40.266666666666666,2466.938524,-5.417663773573279,-0.9143009764181236,-2.860478230153822,-1.6428845670013341
40.28333333333333,2467.994677,-5.417663773573279,-0.9143009764181236,-2.860478230153822,-1.6428845670013341
40.3,2469.063955,-5.417663773573279,-0.9143009764181236,-2.860478230153822,-1.6428845670013341
40.31666666666667,2470.147527,-5.417663773573279,-0.9143009764181236,-2.860478230153822,-1.6428845670013341
40.333333333333336,2471.245887,-5.417663773573279,-0.9143009764181236,-2.860478230153822,-1.6428845670013341
40.35,2472.359089,-5.417663773573279,-0.9143009764181236,-2.860478230153822,-1.6428845670013341
40.36666666666667,2473.487211,-5.417663773573279,-0.9143009764181236,-2.860478230153822,-1.6428845670013341
40.38333333333333,2474.630289,-5.417663773573279,-0.9143009764181236,-2.860478230153822,-1.6428845670013341
40.4,2475.788314,-5.417663773573279,-0.9143009764181236,-2.860478230153822,-1.6428845670013341
40.416666666666664,2476.961251,-5.417663773573279,-0.9143009764181236,-2.860478230153822,-1.6428845670013341
40.43333333333333,2478.149094,-5.4260033157738405,-0.9143009764181236,-2.868817772354383,-1.6428845670013341
40.45,2479.351851,-5.1153704721373545,-0.9143009764181236,-2.558184928717897,-1.6428845670013341
40.46666666666667,2480.569534,-5.114371086838871,-0.9143009764181236,-2.557185543419414,-1.6428845670013341
40.483333333333334,2481.802155,-5.114371086838871,-0.9143009764181236,-2.557185543419414,-1.6428845670013341
40.5,2483.049723,-5.114371086838871,-0.9143009764181236,-2.557185543419414,-1.6428845670013341
40.516666666666666,2484.312245,-5.114371086838871,-0.9143009764181236,-2.557185543419414,-1.6428845670013341
40.53333333333333,2485.589731,-5.114371086838871,-0.9143009764181236,-2.557185543419414,-1.6428845670013341
40.55,2486.882191,-5.114371086838871,-0.9143009764181236,-2.557185543419414,-1.6428845670013341
40.56666666666667,2488.18963,-5.114371086838871,-0.9143009764181236,-2.557185543419414,-1.6428845670013341
40.583333333333336,2489.512059,-5.592222317424128,-1.3921522070033805,-2.557185543419414,-1.6428845670013341
40.6,2490.849503,-5.661999275839304,-1.4619291654185562,-2.557185543419414,-1.6428845670013341
40.61666666666667,2492.202009,-5.426166000940476,-1.4619291654185562,-2.321352268520586,-1.6428845670013341
40.63333333333333,2493.569602,-5.518696430143981,-1.4619291654185562,-2.0116512214985396,-2.045116043226885
40.65,2494.952272,-5.571521575047926,-1.4619291654185562,-2.009557354418981,-2.1000350552103897
40.666666666666664,2496.349973,-5.571521575047926,-1.4619291654185562,-2.009557354418981,-2.1000350552103897
40.68333333333333,2497.76268,-5.571521575047926,-1.4619291654185562,-2.009557354418981,-2.1000350552103897
40.7,2499.19,-5.571521575047926,-1.4619291654185562,-2.009557354418981,-2.1000350552103897
40.71666666666667,2500.630983,-5.571521575047926,-1.4619291654185562,-2.009557354418981,-2.1000350552103897
40.733333333333334,2502.085207,-5.571521575047926,-1.4619291654185562,-2.009557354418981,-2.1000350552103897
40.75,2503.551943,-5.571521575047926,-1.4619291654185562,-2.009557354418981,-2.1000350552103897
40.766666666666666,2505.029466,-5.571521575047926,-1.4619291654185562,-2.009557354418981,-2.1000350552103897
40.78333333333333,2506.51704,-5.571521575047926,-1.4619291654185562,-2.009557354418981,-2.1000350552103897
40.8,2508.014238,-5.571521575047926,-1.4619291654185562,-2.009557354418981,-2.1000350552103897
40.81666666666667,2509.520088,-5.571521575047926,-1.4619291654185562,-2.009557354418981,-2.1000350552103897
40.833333333333336,2511.034185,-5.571521575047926,-1.4619291654185562,-2.009557354418981,-2.1000350552103897
40.85,2512.556526,-5.9737530512734764,-1.4619291654185562,-2.009557354418981,-2.50226653143594
40.86666666666667,2514.087129,-6.028672063256982,-1.4619291654185562,-2.009557354418981,-2.5571855434194446
40.88333333333333,2515.625999,-6.028672063256982,-1.4619291654185562,-2.009557354418981,-2.5571855434194446
40.9,2517.173101,-6.028672063256982,-1.4619291654185562,-2.009557354418981,-2.5571855434194446
40.916666666666664,2518.728337,-6.028672063256982,-1.4619291654185562,-2.009557354418981,-2.5571855434194446
40.93333333333333,2520.291637,-6.028672063256982,-1.4619291654185562,-2.009557354418981,-2.5571855434194446
40.95,2521.862093,-6.028672063256982,-1.4619291654185562,-2.009557354418981,-2.5571855434194446
40.96666666666667,2523.437529,-6.028672063256982,-1.4619291654185562,-2.009557354418981,-2.5571855434194446
40.983333333333334,2525.016975,-6.028672063256982,-1.4619291654185562,-2.009557354418981,-2.5571855434194446
41.0,2526.598757,-5.492149575673975,-1.4619291654185562,-2.009557354418981,-2.0206630558364376
41.016666666666666,2528.178972,-5.799100274872583,-1.4619291654185562,-2.327613755035014,-2.009557354419012
41.03333333333333,2529.75594,-5.784336560990957,-1.4619291654185562,-2.312850041153389,-2.009557354419012
41.05,2531.328683,-5.784336560990957,-1.4619291654185562,-2.312850041153389,-2.009557354419012
41.06666666666667,2532.89502,-5.784336560990957,-1.4619291654185562,-2.312850041153389,-2.009557354419012
41.083333333333336,2534.454028,-5.784336560990957,-1.4619291654185562,-2.312850041153389,-2.009557354419012
41.1,2536.005625,-5.784336560990957,-1.4619291654185562,-2.312850041153389,-2.009557354419012
41.11666666666667,2537.5497,-5.784336560990957,-1.4619291654185562,-2.312850041153389,-2.009557354419012
41.13333333333333,2539.086201,-6.1865680372165075,-1.8641606416441063,-2.312850041153389,-2.009557354419012
41.15,2540.615122,-6.241487049200012,-1.9190796536276111,-2.312850041153389,-2.009557354419012
41.166666666666664,2542.136469,-6.241487049200012,-1.9190796536276111,-2.312850041153389,-2.009557354419012
41.18333333333333,2543.650222,-6.241487049200012,-1.9190796536276111,-2.312850041153389,-2.009557354419012
41.2,2545.155972,-6.719338279785269,-2.396930884212868,-2.312850041153389,-2.009557354419012
41.21666666666667,2546.652753,-7.191346714425995,-2.868939318853594,-2.312850041153389,-2.009557354419012
41.233333333333334,2548.140124,-7.724116956994761,-2.9238583308370987,-2.312850041153389,-2.4874085850042738
41.25,2549.61735,-7.793893915409938,-2.9238583308370987,-2.312850041153389,-2.55718554341945
41.266666666666666,2551.082722,-7.793893915409938,-2.9238583308370987,-2.312850041153389,-2.55718554341945
41.28333333333333,2552.535499,-7.25737142782693,-2.9238583308370987,-2.312850041153389,-2.020663055836443
41.3,2553.975253,-7.246265726409506,-2.9238583308370987,-2.312850041153389,-2.0095573544190177
41.31666666666667,2555.40103,-7.246265726409506,-2.9238583308370987,-2.312850041153389,-2.0095573544190177
41.333333333333336,2556.812424,-7.477583903053608,-2.7529450312556514,-2.312850041153389,-2.411788830644568
41.35,2558.209389,-7.248893234459134,-2.469335350677672,-2.312850041153389,-2.4667078426280726
41.36666666666667,2559.591859,-7.246265726409492,-2.4667078426280296,-2.312850041153389,-2.4667078426280726
41.38333333333333,2560.959803,-7.246265726409492,-2.4667078426280296,-2.312850041153389,-2.4667078426280726
41.4,2562.313223,-7.246265726409492,-2.4667078426280296,-2.312850041153389,-2.4667078426280726
41.416666666666664,2563.652146,-7.246265726409492,-2.4667078426280296,-2.312850041153389,-2.4667078426280726
41.43333333333333,2564.976575,-7.246265726409492,-2.4667078426280296,-2.312850041153389,-2.4667078426280726
41.45,2566.286503,-7.246265726409492,-2.4667078426280296,-2.312850041153389,-2.4667078426280726
41.46666666666667,2567.581923,-7.246265726409492,-2.4667078426280296,-2.312850041153389,-2.4667078426280726
41.483333333333334,2568.862825,-7.246265726409492,-2.4667078426280296,-2.312850041153389,-2.4667078426280726
41.5,2570.129207,-7.246265726409492,-2.4667078426280296,-2.312850041153389,-2.4667078426280726
41.516666666666666,2571.38107,-7.246265726409492,-2.4667078426280296,-2.312850041153389,-2.4667078426280726
41.53333333333333,2572.618413,-7.246265726409492,-2.4667078426280296,-2.312850041153389,-2.4667078426280726
41.55,2573.841225,-7.246265726409492,-2.4667078426280296,-2.312850041153389,-2.4667078426280726
41.56666666666667,2575.049503,-7.724116956994749,-2.4667078426280296,-2.312850041153389,-2.9445590732133295
41.583333333333336,2576.243241,-7.793893915409924,-2.4667078426280296,-2.312850041153389,-3.014336031628505
41.6,2577.422435,-7.793893915409924,-2.4667078426280296,-2.312850041153389,-3.014336031628505
41.61666666666667,2578.5871,-7.793893915409924,-2.4667078426280296,-2.312850041153389,-3.014336031628505
41.63333333333333,2579.737234,-8.196125391635475,-2.4667078426280296,-2.312850041153389,-3.4165675078540554
41.65,2580.872814,-8.251044403618979,-2.4667078426280296,-2.312850041153389,-3.47148651983756
41.666666666666664,2581.993803,-8.251044403618979,-2.4667078426280296,-2.312850041153389,-3.47148651983756
41.68333333333333,2583.100169,-8.251044403618979,-2.4667078426280296,-2.312850041153389,-3.47148651983756
41.7,2584.19167,-7.8026563462207505,-2.4667078426280296,-1.8644619837551608,-3.47148651983756
41.71666666666667,2585.267741,-7.7938939154099245,-2.4667078426280296,-1.8556995529443348,-3.47148651983756
41.733333333333334,2586.328126,-7.7938939154099245,-2.4667078426280296,-1.8556995529443348,-3.47148651983756
41.75,2587.372383,-7.7938939154099245,-2.4667078426280296,-1.8556995529443348,-3.47148651983756
41.766666666666666,2588.399499,-7.629715153188169,-2.3025290804062735,-1.8556995529443348,-3.47148651983756
41.78333333333333,2589.409035,-7.337465102293859,-2.0102790295119632,-1.8556995529443348,-3.47148651983756
41.8,2590.400724,-7.3367434272008705,-2.0095573544189747,-1.8556995529443348,-3.47148651983756
41.81666666666667,2591.373993,-7.3367434272008705,-2.0095573544189747,-1.8556995529443348,-3.47148651983756
41.833333333333336,2592.32859,-7.221365365630941,-2.0095573544189747,-1.7403214913744063,-3.47148651983756
41.85,2593.264501,-7.36348546870805,-2.4874085850042364,-1.4045903638662534,-3.47148651983756
41.86666666666667,2594.181721,-7.427221127992253,-2.557185543419413,-1.3985490647352794,-3.47148651983756
41.88333333333333,2595.080245,-7.427221127992253,-2.557185543419413,-1.3985490647352794,-3.47148651983756
41.9,2595.960034,-7.427221127992253,-2.557185543419413,-1.3985490647352794,-3.47148651983756
41.916666666666664,2596.821017,-7.427221127992253,-2.557185543419413,-1.3985490647352794,-3.47148651983756
41.93333333333333,2597.663139,-7.427221127992253,-2.557185543419413,-1.3985490647352794,-3.47148651983756
41.95,2598.485843,-7.427221127992253,-2.557185543419413,-1.3985490647352794,-3.47148651983756
41.96666666666667,2599.28782,-7.158382930221723,-2.557185543419413,-1.3985490647352794,-3.202648322067031
41.983333333333334,2600.06848,-6.970330141244917,-2.557185543419413,-1.3985490647352794,-3.0145955330902248
42.0,2600.82681,-6.9859281352216644,-2.557185543419413,-1.4144065601737466,-3.014336031628505
42.016666666666666,2601.560472,-7.406683203327372,-2.557185543419413,-1.835161628279455,-3.014336031628505
42.03333333333333,2602.268454,-7.12544063260761,-2.557185543419413,-1.5539190575596926,-3.014336031628505
42.05,2602.950165,-6.587405953674832,-2.557185543419413,-1.5524068662099264,-2.4778135440454925
42.06666666666667,2603.604294,-6.576300252257406,-2.557185543419413,-1.5524068662099264,-2.466707842628067
42.083333333333336,2604.230287,-6.576300252257406,-2.557185543419413,-1.5524068662099264,-2.466707842628067
42.1,2604.828089,-6.576300252257406,-2.557185543419413,-1.5524068662099264,-2.466707842628067
42.11666666666667,2605.397631,-6.039777764674393,-2.557185543419413,-1.0158843786269136,-2.466707842628067
42.13333333333333,2605.938875,-5.929527405998629,-2.557185543419413,-1.004778677209488,-2.3675631853697277
42.15,2606.451819,-5.577927743607548,-2.557185543419413,-1.004778677209488,-2.015963522978646
42.166666666666664,2606.93646,-5.571521575047914,-2.557185543419413,-1.004778677209488,-2.009557354419012
42.18333333333333,2607.392785,-6.049372805633203,-3.035036774004702,-1.004778677209488,-2.009557354419012
42.2,2607.820545,-6.119149764048382,-3.104813732419882,-1.004778677209488,-2.009557354419012
42.21666666666667,2608.219153,-6.119149764048382,-3.104813732419882,-1.004778677209488,-2.009557354419012
42.233333333333334,2608.588347,-6.521381240273932,-3.104813732419882,-1.004778677209488,-2.411788830644562
42.25,2608.927679,-6.576300252257438,-3.104813732419882,-1.004778677209488,-2.466707842628067
42.266666666666666,2609.236119,-7.054151482842727,-3.582664963005171,-1.004778677209488,-2.466707842628067
42.28333333333333,2609.513221,-7.441984841873939,-3.652441921420351,-1.004778677209488,-2.7847642432440995
42.3,2609.758728,-7.427221127992315,-3.652441921420351,-1.004778677209488,-2.770000529362475
42.31666666666667,2609.972067,-6.890698640409271,-3.652441921420351,-1.004778677209488,-2.233478041779432
42.333333333333336,2610.152992,-6.879592938991845,-3.652441921420351,-1.004778677209488,-2.222372340362006
42.35,2610.301481,-7.759675645802652,-3.652441921420351,-1.004778677209488,-3.102455047172813
42.36666666666667,2610.417498,-7.884371616201333,-3.652441921420351,-1.004778677209488,-3.2271510175714937
42.38333333333333,2610.501027,-7.347849128618327,-3.652441921420351,-1.004778677209488,-2.6906285299884867
42.4,2610.552075,-7.336743427200901,-3.652441921420351,-1.004778677209488,-2.679522828571061
42.416666666666664,2610.570664,-7.336743427200901,-3.652441921420351,-1.004778677209488,-2.679522828571061
42.43333333333333,2610.556801,-7.336743427200901,-3.652441921420351,-1.004778677209488,-2.679522828571061
42.45,2610.510489,-7.336743427200901,-3.652441921420351,-1.004778677209488,-2.679522828571061
42.46666666666667,2610.431725,-7.336743427200901,-3.652441921420351,-1.004778677209488,-2.679522828571061
42.483333333333334,2610.320513,-7.336743427200901,-3.652441921420351,-1.004778677209488,-2.679522828571061
42.5,2610.176855,-7.336743427200901,-3.652441921420351,-1.004778677209488,-2.679522828571061
42.516666666666666,2610.000753,-7.81459465778619,-3.652441921420351,-1.004778677209488,-3.15737405915635
42.53333333333333,2609.792213,-7.884371616201369,-3.652441921420351,-1.004778677209488,-3.22715101757153
42.55,2609.55124,-7.884371616201369,-3.652441921420351,-1.004778677209488,-3.22715101757153
42.56666666666667,2609.277839,-7.884371616201369,-3.652441921420351,-1.004778677209488,-3.22715101757153
42.583333333333336,2608.972018,-7.884371616201369,-3.652441921420351,-1.004778677209488,-3.22715101757153
42.6,2608.633769,-7.884371616201369,-3.652441921420351,-1.004778677209488,-3.22715101757153
42.61666666666667,2608.263066,-7.8070143788604796,-3.575084684079462,-1.004778677209488,-3.22715101757153
42.63333333333333,2607.859905,-7.434126376944526,-3.2021966821635086,-1.004778677209488,-3.22715101757153
42.65,2607.424309,-7.905072358577572,-3.673142663796553,-1.004778677209488,-3.22715101757153
42.666666666666664,2606.956335,-7.9748493169927475,-3.742919622211729,-1.004778677209488,-3.22715101757153
42.68333333333333,2606.45602,-8.452700547578036,-4.220770852797018,-1.004778677209488,-3.22715101757153
42.7,2605.923712,-9.219871532641813,-4.692779287437748,-1.004778677209488,-3.522313567994576
42.71666666666667,2605.360228,-9.611975355462027,-5.065754700037286,-1.004778677209488,-3.5414419782152535
42.733333333333334,2604.76594,-9.597211641580403,-5.050990986155662,-1.004778677209488,-3.5414419782152535
42.75,2604.14148,-9.999443117805955,-5.050990986155662,-1.004778677209488,-3.9436734544408036
42.766666666666666,2603.488319,-10.054362129789459,-5.050990986155662,-1.004778677209488,-3.9985924664243084
42.78333333333333,2602.80709,-10.456593606015009,-5.453222462381212,-1.004778677209488,-3.9985924664243084
42.8,2602.098169,-10.511512617998514,-5.508141474364717,-1.004778677209488,-3.9985924664243084
42.81666666666667,2601.362393,-10.511512617998514,-5.508141474364717,-1.004778677209488,-3.9985924664243084
42.833333333333336,2600.600117,-10.511512617998514,-5.508141474364717,-1.004778677209488,-3.9985924664243084
42.85,2599.811358,-10.511512617998514,-5.508141474364717,-1.004778677209488,-3.9985924664243084
42.86666666666667,2598.996121,-10.511512617998514,-5.508141474364717,-1.004778677209488,-3.9985924664243084
42.88333333333333,2598.154414,-10.511512617998514,-5.508141474364717,-1.004778677209488,-3.9985924664243084
42.9,2597.286286,-10.913744094224063,-5.508141474364717,-1.004778677209488,-4.4008239426498585
42.916666666666664,2596.391837,-11.370894582433118,-5.910372950590268,-1.004778677209488,-4.455742954633363
42.93333333333333,2595.471143,-10.889291106833618,-5.965291962573772,-1.004778677209488,-3.9192204670503563
42.95,2594.524993,-10.878185405416192,-5.965291962573772,-1.004778677209488,-3.9081147656329307
42.96666666666667,2593.555245,-10.878185405416192,-5.965291962573772,-1.004778677209488,-3.9081147656329307
42.983333333333334,2592.562734,-10.429797348017962,-5.965291962573772,-1.004778677209488,-3.459726708234702
43.0,2591.548895,-11.376737378377713,-6.92099442374435,-1.004778677209488,-3.450964277423876
43.016666666666666,2590.517047,-11.35764770452362,-7.0605483405747105,-1.004778677209488,-3.29232068673942
43.03333333333333,2589.468619,-11.063312687215248,-7.0605483405747105,-1.004778677209488,-2.9979856694310487
43.05,2588.404449,-10.522618319415978,-7.0605483405747105,-1.004778677209488,-2.4572913016317783
43.06666666666667,2587.326388,-10.51151261799855,-7.0605483405747105,-1.004778677209488,-2.446185600214352
43.083333333333336,2586.235223,-10.51151261799855,-7.0605483405747105,-1.004778677209488,-2.446185600214352
43.1,2585.131025,-10.51151261799855,-7.0605483405747105,-1.004778677209488,-2.446185600214352
43.11666666666667,2584.013892,-10.51151261799855,-7.0605483405747105,-1.004778677209488,-2.446185600214352
43.13333333333333,2582.883869,-10.51151261799855,-7.0605483405747105,-1.004778677209488,-2.446185600214352
43.15,2581.740963,-10.51151261799855,-7.0605483405747105,-1.004778677209488,-2.446185600214352
43.166666666666664,2580.585173,-10.51151261799855,-7.0605483405747105,-1.004778677209488,-2.446185600214352
43.18333333333333,2579.416516,-10.51151261799855,-7.0605483405747105,-1.004778677209488,-2.446185600214352
43.2,2578.235344,-10.51151261799855,-7.0605483405747105,-1.004778677209488,-2.446185600214352
43.21666666666667,2577.042487,-10.51151261799855,-7.0605483405747105,-1.004778677209488,-2.446185600214352
43.233333333333334,2575.838317,-10.390310051329623,-7.0605483405747105,-1.004778677209488,-2.3249830335454233
43.25,2574.623466,-10.055627891291195,-7.0605483405747105,-1.004778677209488,-1.9903008735069954
43.266666666666666,2573.399392,-10.054362129789496,-7.0605483405747105,-1.004778677209488,-1.9890351120052967
43.28333333333333,2572.166723,-10.054362129789496,-7.0605483405747105,-1.004778677209488,-1.9890351120052967
43.3,2570.925825,-10.054362129789496,-7.0605483405747105,-1.004778677209488,-1.9890351120052967
43.31666666666667,2569.677509,-10.054362129789496,-7.0605483405747105,-1.004778677209488,-1.9890351120052967
43.333333333333336,2568.422118,-9.905908989008227,-6.912095199793442,-1.004778677209488,-1.9890351120052967
43.35,2567.159686,-10.080379436955754,-7.086565647740969,-1.004778677209488,-1.9890351120052967
43.36666666666667,2565.890266,-10.547071306806423,-7.553257517591638,-1.004778677209488,-1.9890351120052967
43.38333333333333,2564.61388,-10.601990318789928,-7.608176529575143,-1.004778677209488,-1.9890351120052967
43.4,2563.330522,-10.601990318789928,-7.608176529575143,-1.004778677209488,-1.9890351120052967
43.416666666666664,2562.040165,-10.601990318789928,-7.608176529575143,-1.004778677209488,-1.9890351120052967
43.43333333333333,2560.742803,-10.601990318789928,-7.608176529575143,-1.004778677209488,-1.9890351120052967
43.45,2559.438441,-10.601990318789928,-7.608176529575143,-1.004778677209488,-1.9890351120052967
43.46666666666667,2558.127083,-10.582662283849153,-7.608176529575143,-0.9854506422687133,-1.9890351120052967
43.483333333333334,2556.808735,-10.458229321902708,-7.608176529575143,-0.8610176803222679,-1.9890351120052967
43.5,2555.483401,-10.15026445468598,-7.608176529575143,-0.5530528131055393,-1.9890351120052967
43.516666666666666,2554.151083,-9.696451773182643,-7.608176529575143,-0.5476281890004325,-1.5406470546070676
43.53333333333333,2552.811785,-9.687689342371817,-7.608176529575143,-0.5476281890004325,-1.5318846237962418
43.55,2551.465509,-9.687689342371817,-7.608176529575143,-0.5476281890004325,-1.5318846237962418
43.56666666666667,2550.11226,-9.687689342371817,-7.608176529575143,-0.5476281890004325,-1.5318846237962418
43.583333333333336,2548.752045,-9.687689342371817,-7.608176529575143,-0.5476281890004325,-1.5318846237962418
43.6,2547.384864,-9.687689342371817,-7.608176529575143,-0.5476281890004325,-1.5318846237962418
43.61666666666667,2546.010721,-10.165540572957074,-8.0860277601604,-0.5476281890004325,-1.5318846237962418
43.63333333333333,2544.62962,-9.720599977164396,-8.155804718575576,-0.011105701417425479,-1.553689557171393
43.65,2543.241568,-9.37474811937274,-8.155804718575576,0.0,-1.2189434007971647
43.666666666666664,2541.846574,-9.373398381728094,-8.155804718575576,0.0,-1.2175936631525182
43.68333333333333,2540.444646,-9.851249612313351,-8.155804718575576,0.0,-1.695444893737775
43.7,2539.035826,-9.921026570728527,-8.155804718575576,0.0,-1.7652218521529508
43.71666666666667,2537.620204,-9.921026570728527,-8.155804718575576,0.0,-1.7652218521529508
43.733333333333334,2536.197822,-9.921026570728527,-8.155804718575576,0.0,-1.7652218521529508
43.75,2534.768753,-9.921026570728527,-8.155804718575576,0.0,-1.7652218521529508
43.766666666666666,2533.333157,-9.921026570728527,-8.155804718575576,0.0,-1.7652218521529508
43.78333333333333,2531.891105,-10.323258046954075,-8.558036194801124,0.0,-1.7652218521529508
43.8,2530.442641,-10.378177058937581,-8.61295520678463,0.0,-1.7652218521529508
43.81666666666667,2528.987859,-10.378177058937581,-8.61295520678463,0.0,-1.7652218521529508
43.833333333333336,2527.526801,-10.378177058937581,-8.61295520678463,0.0,-1.7652218521529508
43.85,2526.059472,-10.378177058937581,-8.61295520678463,0.0,-1.7652218521529508
43.86666666666667,2524.585878,-10.378177058937581,-8.61295520678463,0.0,-1.7652218521529508
43.88333333333333,2523.106024,-10.378177058937581,-8.61295520678463,0.0,-1.7652218521529508
43.9,2521.61992,-10.378177058937581,-8.61295520678463,0.0,-1.7652218521529508
43.916666666666664,2520.127579,-10.11986904210121,-8.354647189948258,0.0,-1.7652218521529508
43.93333333333333,2518.629018,-9.743498694145703,-7.978276841992753,0.0,-1.7652218521529508
43.95,2517.124326,-10.188920493661165,-8.423698641508214,0.0,-1.7652218521529508
43.96666666666667,2515.613716,-9.922533174024254,-8.157311321871303,0.0,-1.7652218521529508
43.983333333333334,2514.097284,-9.92102657072849,-8.155804718575538,0.0,-1.7652218521529508
44.0,2512.575195,-9.92102657072849,-8.155804718575538,0.0,-1.7652218521529508
44.016666666666666,2511.04782,-9.92102657072849,-8.155804718575538,0.0,-1.7652218521529508
44.03333333333333,2509.515325,-9.92102657072849,-8.155804718575538,0.0,-1.7652218521529508
44.05,2507.977806,-9.825432943184259,-8.155804718575538,0.0,-1.66962822460872
44.06666666666667,2506.435471,-9.470362863248708,-8.155804718575538,0.0,-1.3145581446731698
44.083333333333336,2504.888412,-9.463876082519434,-8.155804718575538,0.0,-1.308071363943896
44.1,2503.336638,-9.463876082519434,-8.155804718575538,0.0,-1.308071363943896
44.11666666666667,2501.780163,-9.463876082519434,-8.155804718575538,0.0,-1.308071363943896
44.13333333333333,2500.218991,-9.463876082519434,-8.155804718575538,0.0,-1.308071363943896
44.15,2498.653129,-9.463876082519434,-8.155804718575538,0.0,-1.308071363943896
44.166666666666664,2497.08258,-9.463876082519434,-8.155804718575538,0.0,-1.308071363943896
44.18333333333333,2495.507346,-9.463876082519434,-8.155804718575538,0.0,-1.308071363943896
44.2,2493.927475,-9.463876082519434,-8.155804718575538,0.0,-1.308071363943896
44.21666666666667,2492.343075,-9.463876082519434,-8.155804718575538,0.0,-1.308071363943896
44.233333333333334,2490.754193,-9.463876082519434,-8.155804718575538,0.0,-1.308071363943896
44.25,2489.160912,-9.48868621244874,-8.180614848504845,0.0,-1.308071363943896
44.266666666666666,2487.563421,-9.564757497486653,-7.854454657317206,0.0,-1.7103028401694467
44.28333333333333,2485.9618,-9.617733883994081,-7.852512031841131,0.0,-1.7652218521529512
44.3,2484.356098,-9.617733883994081,-7.852512031841131,0.0,-1.7652218521529512
44.31666666666667,2482.746421,-9.617733883994081,-7.852512031841131,0.0,-1.7652218521529512
44.333333333333336,2481.132817,-10.019965360219633,-8.254743508066682,0.0,-1.7652218521529512
44.35,2479.515292,-10.074884372203137,-8.309662520050185,0.0,-1.7652218521529512
44.36666666666667,2477.893857,-9.773996504628258,-8.309662520050185,0.0,-1.4643339845780727
44.38333333333333,2476.268515,-9.771591685468728,-8.309662520050185,0.0,-1.461929165418543
44.4,2474.639272,-9.771591685468728,-8.309662520050185,0.0,-1.461929165418543
44.416666666666664,2473.006123,-9.495948094322275,-8.034018928903732,0.0,-1.461929165418543
44.43333333333333,2471.369074,-9.226971627386927,-7.765042461968384,0.0,-1.461929165418543
44.45,2469.728127,-9.22396349646826,-7.762034331049717,0.0,-1.461929165418543
44.46666666666667,2468.083293,-9.22396349646826,-7.762034331049717,0.0,-1.461929165418543
44.483333333333334,2466.434578,-9.62619497269381,-8.164265807275267,0.0,-1.461929165418543
44.5,2464.781989,-9.55503949358083,-8.093110328162288,0.0,-1.461929165418543
44.516666666666666,2463.125544,-9.141354513914713,-7.679425348496171,0.0,-1.461929165418543
44.53333333333333,2461.465251,-9.133485795676881,-7.671556630258339,0.0,-1.461929165418543
44.55,2459.801112,-9.133485795676881,-7.671556630258339,0.0,-1.461929165418543
44.56666666666667,2458.133135,-9.133485795676881,-7.671556630258339,0.0,-1.461929165418543
44.583333333333336,2456.461323,-9.133485795676881,-7.671556630258339,0.0,-1.461929165418543
44.6,2454.785699,-9.133485795676881,-7.671556630258339,0.0,-1.461929165418543
44.61666666666667,2453.106311,-9.133485795676881,-7.671556630258339,0.0,-1.461929165418543
44.63333333333333,2451.423181,-9.133485795676881,-7.671556630258339,0.0,-1.461929165418543
44.65,2449.736284,-8.96285652926024,-7.500927363841697,0.0,-1.461929165418543
44.666666666666664,2448.045553,-8.592666251182195,-7.130737085763651,0.0,-1.461929165418543
44.68333333333333,2446.350951,-8.585857606676413,-7.12392844125787,0.0,-1.461929165418543
44.7,2444.651981,-8.585857606676413,-7.12392844125787,0.0,-1.461929165418543
44.71666666666667,2442.947471,-8.585857606676413,-7.12392844125787,0.0,-1.461929165418543
44.733333333333334,2441.236899,-8.585857606676413,-7.12392844125787,0.0,-1.461929165418543
44.75,2439.519358,-8.585857606676413,-7.12392844125787,0.0,-1.461929165418543
44.766666666666666,2437.792726,-8.585857606676413,-7.12392844125787,0.0,-1.461929165418543
44.78333333333333,2436.056099,-8.585857606676413,-7.12392844125787,0.0,-1.461929165418543
44.8,2434.308949,-9.06370883726167,-7.6017796718431265,0.0,-1.461929165418543
44.81666666666667,2432.550087,-9.133485795676846,-7.671556630258302,0.0,-1.461929165418543
44.833333333333336,2430.779015,-9.133485795676846,-7.671556630258302,0.0,-1.461929165418543
44.85,2428.995732,-9.133485795676846,-7.671556630258302,0.0,-1.461929165418543
44.86666666666667,2427.200265,-9.133485795676846,-7.671556630258302,0.0,-1.461929165418543
44.88333333333333,2425.392627,-9.133485795676846,-7.671556630258302,0.0,-1.461929165418543
44.9,2423.572773,-9.133485795676846,-7.671556630258302,0.0,-1.461929165418543
44.916666666666664,2421.740585,-9.133485795676846,-7.671556630258302,0.0,-1.461929165418543
44.93333333333333,2419.895983,-9.133485795676846,-7.671556630258302,0.0,-1.461929165418543
44.95,2418.037841,-9.133485795676846,-7.671556630258302,0.0,-1.461929165418543
44.96666666666667,2416.163465,-8.685097738278616,-7.671556630258302,0.0,-1.013541108020314
44.983333333333334,2414.271664,-8.511399273276302,-7.5066205960668135,0.0,-1.004778677209488
45.0,2412.360371,-8.22414966942796,-7.219370992218472,0.0,-1.004778677209488
45.016666666666666,2410.424754,-8.219184819258736,-7.214406142049247,0.0,-1.004778677209488
45.03333333333333,2408.462759,-8.219184819258736,-7.214406142049247,0.0,-1.004778677209488
45.05,2406.4732,-8.697036049843993,-7.214406142049247,0.0,-1.482629907794745
45.06666666666667,2404.453402,-9.169044484484719,-7.6166376182747975,0.0,-1.5524068662099206
45.083333333333336,2402.40226,-8.687441008885216,-7.671556630258302,0.0,-1.0158843786269136
45.1,2400.319716,-8.67633530746779,-7.671556630258302,0.0,-1.004778677209488
45.11666666666667,2398.205677,-8.67633530746779,-7.671556630258302,0.0,-1.004778677209488
45.13333333333333,2396.060125,-9.154186538053047,-8.149407860843558,0.0,-1.004778677209488
45.15,2393.8831,-9.146178098854527,-8.219184819258734,0.0,-0.9269932795957939
45.166666666666664,2391.674652,-8.750758361509208,-8.196234834219654,0.0,-0.5545235272895546
45.18333333333333,2389.434809,-8.83393197252019,-8.286303783519758,0.0,-0.5476281890004325
45.2,2387.163097,-8.530626637652635,-7.982998448652203,0.0,-0.5476281890004325
45.21666666666667,2384.858345,-8.520813903878404,-7.973185714877971,0.0,-0.5476281890004325
45.233333333333334,2382.52005,-8.50588759045755,-7.958259401457118,0.0,-0.5476281890004325
45.25,2380.147336,-8.22188074181435,-7.674252552813917,0.0,-0.5476281890004325
45.266666666666666,2377.738095,-8.621416295484249,-8.073788106483816,0.0,-0.5476281890004325
45.28333333333333,2375.291454,-9.15418653805301,-8.606558349052577,0.0,-0.5476281890004325
45.3,2372.806932,-9.223963496468185,-8.676335307467753,0.0,-0.5476281890004325
45.31666666666667,2370.283389,-9.223963496468185,-8.676335307467753,0.0,-0.5476281890004325
45.333333333333336,2367.720378,-9.223963496468185,-8.676335307467753,0.0,-0.5476281890004325
45.35,2365.117912,-9.223963496468185,-8.676335307467753,0.0,-0.5476281890004325
45.36666666666667,2362.475982,-9.181800379750413,-8.63417219074998,0.0,-0.5476281890004325
45.38333333333333,2359.794618,-9.116360583056153,-8.56873239405572,0.0,-0.5476281890004325
45.4,2357.0739,-9.060996616115094,-8.513368427114662,0.0,-0.5476281890004325
45.416666666666664,2354.313935,-9.061006670075775,-8.513378481075343,0.0,-0.5476281890004325
45.43333333333333,2351.514803,-9.037887870903484,-8.490259681903051,0.0,-0.5476281890004325
45.45,2348.676565,-9.051679020553733,-8.5040508315533,0.0,-0.5476281890004325
45.46666666666667,2345.799276,-9.078700645728334,-8.531072456727902,0.0,-0.5476281890004325
45.483333333333334,2342.882997,-8.957107493369993,-8.40947930436956,0.0,-0.5476281890004325
45.5,2339.92779,-8.767220084544254,-8.219591895543822,0.0,-0.5476281890004325
45.516666666666666,2336.933713,-8.76681300825913,-8.219184819258697,0.0,-0.5476281890004325
45.53333333333333,2333.900829,-8.76681300825913,-8.219184819258697,0.0,-0.5476281890004325
45.55,2330.829204,-9.244664238844418,-8.697036049843986,0.0,-0.5476281890004325
45.56666666666667,2327.718907,-9.3144411972596,-8.766813008259167,0.0,-0.5476281890004325
45.583333333333336,2324.570007,-9.3144411972596,-8.766813008259167,0.0,-0.5476281890004325
45.6,2321.382558,-9.716672673485151,-9.169044484484719,0.0,-0.5476281890004325
45.61666666666667,2318.156597,-9.771591685468655,-9.223963496468222,0.0,-0.5476281890004325
45.63333333333333,2314.892179,-9.771591685468655,-9.223963496468222,0.0,-0.5476281890004325
45.65,2311.589406,-9.771591685468655,-9.223963496468222,0.0,-0.5476281890004325
45.666666666666664,2308.248411,-9.771591685468655,-9.223963496468222,0.0,-0.5476281890004325
45.68333333333333,2304.869304,-9.771591685468655,-9.223963496468222,0.0,-0.5476281890004325
45.7,2301.452583,-9.771591685468655,-9.223963496468222,0.0,-0.5476281890004325
45.71666666666667,2297.999311,-9.771591685468655,-9.223963496468222,0.0,-0.5476281890004325
45.733333333333334,2294.510011,-9.771591685468655,-9.223963496468222,0.0,-0.5476281890004325
45.75,2290.985524,-9.771591685468655,-9.223963496468222,0.0,-0.5476281890004325
45.766666666666666,2287.427707,-9.771591685468655,-9.223963496468222,0.0,-0.5476281890004325
45.78333333333333,2283.837403,-9.771591685468655,-9.223963496468222,0.0,-0.5476281890004325
45.8,2280.215131,-9.771591685468655,-9.223963496468222,0.0,-0.5476281890004325
45.81666666666667,2276.56197,-9.771591685468655,-9.223963496468222,0.0,-0.5476281890004325
45.833333333333336,2272.878413,-9.51640065757279,-8.968772468572357,0.0,-0.5476281890004325
45.85,2269.164538,-9.314744651816286,-8.767116462815853,0.0,-0.5476281890004325
45.86666666666667,2265.420402,-9.3144411972596,-8.766813008259167,0.0,-0.5476281890004325
45.88333333333333,2261.646072,-9.716672673485151,-9.169044484484719,0.0,-0.5476281890004325
45.9,2257.841663,-9.771591685468655,-9.223963496468222,0.0,-0.5476281890004325
45.916666666666664,2254.007352,-9.771591685468655,-9.223963496468222,0.0,-0.5476281890004325
45.93333333333333,2250.143287,-9.771591685468655,-9.223963496468222,0.0,-0.5476281890004325
45.95,2246.250493,-9.771591685468655,-9.223963496468222,0.0,-0.5476281890004325
45.96666666666667,2242.331305,-9.771591685468655,-9.223963496468222,0.0,-0.5476281890004325
45.983333333333334,2238.386802,-9.501925634715613,-8.95429744571518,0.0,-0.5476281890004325
46.0,2234.418792,-9.226728730098666,-8.679100541098233,0.0,-0.5476281890004325
46.016666666666666,2230.431402,-9.223963496468217,-8.676335307467784,0.0,-0.5476281890004325
46.03333333333333,2226.426424,-9.223963496468217,-8.676335307467784,0.0,-0.5476281890004325
46.05,2222.404921,-9.223963496468217,-8.676335307467784,0.0,-0.5476281890004325
46.06666666666667,2218.369205,-9.223963496468217,-8.676335307467784,0.0,-0.5476281890004325
46.083333333333336,2214.320271,-9.223963496468217,-8.676335307467784,0.0,-0.5476281890004325
46.1,2210.258229,-9.5960707596782,-9.048442570677768,0.0,-0.5476281890004325
46.11666666666667,2206.183227,-9.231987088718702,-8.68435889971827,0.0,-0.5476281890004325
46.13333333333333,2202.095346,-9.223963496468217,-8.676335307467784,0.0,-0.5476281890004325
46.15,2197.99462,-9.223963496468217,-8.676335307467784,0.0,-0.5476281890004325
46.166666666666664,2193.88107,-9.223963496468217,-8.676335307467784,0.0,-0.5476281890004325
46.18333333333333,2189.754744,-9.223963496468217,-8.676335307467784,0.0,-0.5476281890004325
46.2,2185.616097,-9.223963496468217,-8.676335307467784,0.0,-0.5476281890004325
46.21666666666667,2181.466163,-9.223963496468217,-8.676335307467784,0.0,-0.5476281890004325
46.233333333333334,2177.305422,-9.223963496468217,-8.676335307467784,0.0,-0.5476281890004325
46.25,2173.134663,-9.223963496468217,-8.676335307467784,0.0,-0.5476281890004325
46.266666666666666,2168.955687,-9.223963496468217,-8.676335307467784,0.0,-0.5476281890004325
46.28333333333333,2164.769277,-9.626194972693765,-9.078566783693333,0.0,-0.5476281890004325
46.3,2160.575893,-9.681113984677273,-9.13348579567684,0.0,-0.5476281890004325
46.31666666666667,2156.376539,-9.681113984677273,-9.13348579567684,0.0,-0.5476281890004325
46.333333333333336,2152.171643,-9.681113984677273,-9.13348579567684,0.0,-0.5476281890004325
46.35,2147.961258,-9.681113984677273,-9.13348579567684,0.0,-0.5476281890004325
46.36666666666667,2143.745458,-9.681113984677273,-9.13348579567684,0.0,-0.5476281890004325
46.38333333333333,2139.524279,-9.543047461852394,-8.995419272851962,0.0,-0.5476281890004325
46.4,2135.297724,-9.141064781942399,-8.593436592941966,0.0,-0.5476281890004325
46.416666666666664,2131.065771,-9.133485795676838,-8.585857606676406,0.0,-0.5476281890004325
46.43333333333333,2126.828418,-9.133485795676838,-8.585857606676406,0.0,-0.5476281890004325
46.45,2122.58568,-9.133485795676838,-8.585857606676406,0.0,-0.5476281890004325
46.46666666666667,2118.337563,-9.133485795676838,-8.585857606676406,0.0,-0.5476281890004325
46.483333333333334,2114.08408,-8.947680212647596,-8.400052023647163,0.0,-0.5476281890004325
46.5,2109.825237,-8.679459032650426,-8.131830843649993,0.0,-0.5476281890004325
46.516666666666666,2105.561028,-8.676335307467784,-8.128707118467352,0.0,-0.5476281890004325
46.53333333333333,2101.291459,-8.676335307467784,-8.128707118467352,0.0,-0.5476281890004325
46.55,2097.016542,-8.676335307467784,-8.128707118467352,0.0,-0.5476281890004325
46.56666666666667,2092.736285,-8.676335307467784,-8.128707118467352,0.0,-0.5476281890004325
46.583333333333336,2088.450699,-8.676335307467784,-8.128707118467352,0.0,-0.5476281890004325
46.6,2084.159785,-9.154186538053041,-8.606558349052609,0.0,-0.5476281890004325
46.61666666666667,2079.863529,-9.223963496468217,-8.676335307467784,0.0,-0.5476281890004325
46.63333333333333,2075.561929,-9.223963496468217,-8.676335307467784,0.0,-0.5476281890004325
46.65,2071.255026,-9.223963496468217,-8.676335307467784,0.0,-0.5476281890004325
46.666666666666664,2066.942883,-9.223963496468217,-8.676335307467784,0.0,-0.5476281890004325
46.68333333333333,2062.625548,-9.223963496468217,-8.676335307467784,0.0,-0.5476281890004325
46.7,2058.303403,-9.055778470587725,-8.508150281587293,0.0,-0.5476281890004325
46.71666666666667,2053.977334,-8.770723419344945,-8.223095230344512,0.0,-0.5476281890004325
46.733333333333334,2049.64774,-8.766813008259161,-8.219184819258729,0.0,-0.5476281890004325
46.75,2045.315308,-8.766813008259161,-8.219184819258729,0.0,-0.5476281890004325
46.766666666666666,2040.981617,-8.766813008259161,-8.219184819258729,0.0,-0.5476281890004325
46.78333333333333,2036.647348,-8.766813008259161,-8.219184819258729,0.0,-0.5476281890004325
46.8,2032.312899,-8.766813008259161,-8.219184819258729,0.0,-0.5476281890004325
46.81666666666667,2027.979161,-8.766813008259161,-8.219184819258729,0.0,-0.5476281890004325
46.833333333333336,2023.646506,-8.766813008259161,-8.219184819258729,0.0,-0.5476281890004325
46.85,2019.314939,-8.766813008259161,-8.219184819258729,0.0,-0.5476281890004325
46.86666666666667,2014.984449,-8.766813008259161,-8.219184819258729,0.0,-0.5476281890004325
46.88333333333333,2010.655029,-8.766813008259161,-8.219184819258729,0.0,-0.5476281890004325
46.9,2006.326717,-8.766813008259161,-8.219184819258729,0.0,-0.5476281890004325
46.916666666666664,2001.999612,-8.766813008259161,-8.219184819258729,0.0,-0.5476281890004325
46.93333333333333,1997.673779,-8.766813008259161,-8.219184819258729,0.0,-0.5476281890004325
46.95,1993.350078,-8.766813008259161,-8.219184819258729,0.0,-0.5476281890004325
46.96666666666667,1989.030553,-8.52083953025156,-7.973211341251128,0.0,-0.5476281890004325
46.983333333333334,1984.716109,-8.223433873844193,-7.675805684843762,0.0,-0.5476281890004325
47.0,1980.40831,-8.203271696921902,-7.65564350792147,0.0,-0.5476281890004325
47.016666666666666,1976.110816,-8.125806040753787,-7.578177851753354,0.0,-0.5476281890004325
47.03333333333333,1971.825173,-7.60596762652349,-7.058339437523057,0.0,-0.5476281890004325
47.05,1967.552263,-7.309883210570186,-6.762255021569754,0.0,-0.5476281890004325
47.06666666666667,1963.294104,-7.304883842840583,-6.757255653840151,0.0,-0.5476281890004325
47.083333333333336,1959.05151,-7.304883842840583,-6.757255653840151,0.0,-0.5476281890004325
47.1,1954.824505,-7.304883842840583,-6.757255653840151,0.0,-0.5476281890004325
47.11666666666667,1950.613143,-7.304883842840583,-6.757255653840151,0.0,-0.5476281890004325
47.13333333333333,1946.417412,-7.304883842840583,-6.757255653840151,0.0,-0.5476281890004325
47.15,1942.237265,-7.304883842840583,-6.757255653840151,0.0,-0.5476281890004325
47.166666666666664,1938.072642,-7.304883842840583,-6.757255653840151,0.0,-0.5476281890004325
47.18333333333333,1933.923503,-7.304883842840583,-6.757255653840151,0.0,-0.5476281890004325
47.2,1929.790179,-7.304883842840583,-6.757255653840151,0.0,-0.5476281890004325
47.21666666666667,1925.673526,-7.304883842840583,-6.757255653840151,0.0,-0.5476281890004325
47.233333333333334,1921.573895,-7.304883842840583,-6.757255653840151,0.0,-0.5476281890004325
47.25,1917.49192,-7.304883842840583,-6.757255653840151,0.0,-0.5476281890004325
47.266666666666666,1913.429146,-7.78273507342584,-6.757255653840151,0.0,-1.0254794195856896
47.28333333333333,1909.386202,-8.254743508066566,-7.159487130065701,0.0,-1.095256378000865
47.3,1905.363421,-8.30966252005007,-7.214406142049206,0.0,-1.095256378000865
47.31666666666667,1901.361629,-8.30966252005007,-7.214406142049206,0.0,-1.095256378000865
47.333333333333336,1897.381133,-8.30966252005007,-7.214406142049206,0.0,-1.095256378000865
47.35,1893.421901,-8.30966252005007,-7.214406142049206,0.0,-1.095256378000865
47.36666666666667,1889.483919,-8.06889583826602,-6.973639460265155,0.0,-1.095256378000865
47.38333333333333,1885.56714,-7.8528653716845,-6.757608993683634,0.0,-1.095256378000865
47.4,1881.671487,-7.852512031841016,-6.757255653840151,0.0,-1.095256378000865
47.416666666666664,1877.796858,-7.852512031841016,-6.757255653840151,0.0,-1.095256378000865
47.43333333333333,1873.943176,-7.852512031841016,-6.757255653840151,0.0,-1.095256378000865
47.45,1870.110371,-7.852512031841016,-6.757255653840151,0.0,-1.095256378000865
47.46666666666667,1866.298373,-7.539861123680022,-6.444604745679157,0.0,-1.095256378000865
47.483333333333334,1862.507111,-6.94320343804142,-5.847947060040554,0.0,-1.095256378000865
47.5,1858.736515,-6.938211055422905,-5.84295467742204,0.0,-1.095256378000865
47.516666666666666,1854.986501,-6.938211055422905,-5.84295467742204,0.0,-1.095256378000865
47.53333333333333,1851.256996,-6.938211055422905,-5.84295467742204,0.0,-1.095256378000865
47.55,1847.547934,-6.938211055422905,-5.84295467742204,0.0,-1.095256378000865
47.56666666666667,1843.859242,-6.938211055422905,-5.84295467742204,0.0,-1.095256378000865
47.583333333333336,1840.190853,-6.938211055422905,-5.84295467742204,0.0,-1.095256378000865
47.6,1836.542705,-6.938211055422905,-5.84295467742204,0.0,-1.095256378000865
47.61666666666667,1832.91474,-6.938211055422905,-5.84295467742204,0.0,-1.095256378000865
47.63333333333333,1829.306899,-7.340442531648455,-6.24518615364759,0.0,-1.095256378000865
47.65,1825.719118,-7.384933480984982,-6.2896771029841165,0.0,-1.095256378000865
47.666666666666664,1822.151335,-6.858558371253429,-5.763301993252564,0.0,-1.095256378000865
47.68333333333333,1818.603487,-6.847733354631491,-5.752476976630626,0.0,-1.095256378000865
47.7,1815.075492,-6.847733354631491,-5.752476976630626,0.0,-1.095256378000865
47.71666666666667,1811.567234,-6.847733354631491,-5.752476976630626,0.0,-1.095256378000865
47.733333333333334,1808.078631,-6.847733354631491,-5.752476976630626,0.0,-1.095256378000865
47.75,1804.60958,-6.847733354631491,-5.752476976630626,0.0,-1.095256378000865
47.766666666666666,1801.159926,-6.847733354631491,-5.752476976630626,0.0,-1.095256378000865
47.78333333333333,1797.729569,-6.847733354631491,-5.752476976630626,0.0,-1.095256378000865
47.8,1794.318427,-6.847733354631491,-5.752476976630626,0.0,-1.095256378000865
47.81666666666667,1790.926389,-6.847733354631491,-5.752476976630626,0.0,-1.095256378000865
47.833333333333336,1787.553376,-6.847733354631491,-5.752476976630626,0.0,-1.095256378000865
47.85,1784.199331,-6.847733354631491,-5.752476976630626,0.0,-1.095256378000865
47.86666666666667,1780.864201,-6.847733354631491,-5.752476976630626,0.0,-1.095256378000865
47.88333333333333,1777.54793,-6.847733354631491,-5.752476976630626,0.0,-1.095256378000865
47.9,1774.250463,-6.847733354631491,-5.752476976630626,0.0,-1.095256378000865
47.916666666666664,1770.971743,-6.847733354631491,-5.752476976630626,0.0,-1.095256378000865
47.93333333333333,1767.711714,-6.847733354631491,-5.752476976630626,0.0,-1.095256378000865
47.95,1764.470284,-6.847733354631491,-5.752476976630626,0.0,-1.095256378000865
47.96666666666667,1761.247313,-6.847733354631491,-5.752476976630626,0.0,-1.095256378000865
47.983333333333334,1758.042707,-6.097515516558474,-5.538781626140616,0.0,-0.558733890417858
48.0,1754.856347,-5.754081579787114,-5.206453390786681,0.0,-0.5476281890004325
48.016666666666666,1751.68802,-5.752476976630626,-5.204848787630193,0.0,-0.5476281890004325
48.03333333333333,1748.537608,-5.752476976630626,-5.204848787630193,0.0,-0.5476281890004325
48.05,1745.405019,-5.752476976630626,-5.204848787630193,0.0,-0.5476281890004325
48.06666666666667,1742.290115,-5.752476976630626,-5.204848787630193,0.0,-0.5476281890004325
48.083333333333336,1739.192808,-5.752476976630626,-5.204848787630193,0.0,-0.5476281890004325
48.1,1736.113046,-4.980960203841743,-4.969854502424318,0.0,-0.011105701417425479
48.11666666666667,1733.050776,-4.658031066404414,-4.658031066404414,0.0,0.0
48.13333333333333,1730.005946,-4.657220598629761,-4.657220598629761,0.0,0.0
48.15,1726.978509,-4.630253316145486,-4.630253316145486,0.0,0.0
48.166666666666664,1723.968417,-4.563267679625157,-4.563267679625157,0.0,0.0
48.18333333333333,1720.97562,-4.505749991284152,-4.505749991284152,0.0,0.0
48.2,1718.000055,-4.500435395536628,-4.500435395536628,0.0,0.0
48.21666666666667,1715.041632,-4.537017248760343,-4.537017248760343,0.0,0.0
48.233333333333334,1712.100284,-4.201697171699253,-4.201697171699253,0.0,0.0
48.25,1709.175934,-4.200070110420705,-4.200070110420705,0.0,0.0
48.266666666666666,1706.26846,-4.200070110420705,-4.200070110420705,0.0,0.0
48.28333333333333,1703.377786,-4.200070110420705,-4.200070110420705,0.0,0.0
48.3,1700.503846,-4.200070110420705,-4.200070110420705,0.0,0.0
48.31666666666667,1697.646554,-4.200070110420705,-4.200070110420705,0.0,0.0
48.333333333333336,1694.805849,-4.200070110420705,-4.200070110420705,0.0,0.0
48.35,1691.981685,-4.200070110420705,-4.200070110420705,0.0,0.0
48.36666666666667,1689.174016,-4.200070110420705,-4.200070110420705,0.0,0.0
48.38333333333333,1686.382797,-4.200070110420705,-4.200070110420705,0.0,0.0
48.4,1683.607986,-4.200070110420705,-4.200070110420705,0.0,0.0
48.416666666666664,1680.849539,-4.200070110420705,-4.200070110420705,0.0,0.0
48.43333333333333,1678.107416,-4.200070110420705,-4.200070110420705,0.0,0.0
48.45,1675.381572,-4.200070110420705,-4.200070110420705,0.0,0.0
48.46666666666667,1672.671964,-4.200070110420705,-4.200070110420705,0.0,0.0
48.483333333333334,1669.978548,-4.200070110420705,-4.200070110420705,0.0,0.0
48.5,1667.301282,-4.200070110420705,-4.200070110420705,0.0,0.0
48.516666666666666,1664.640121,-4.200070110420705,-4.200070110420705,0.0,0.0
48.53333333333333,1661.995022,-4.200070110420705,-4.200070110420705,0.0,0.0
48.55,1659.365943,-4.200070110420705,-4.200070110420705,0.0,0.0
48.56666666666667,1656.752842,-4.200070110420705,-4.200070110420705,0.0,0.0
48.583333333333336,1654.155678,-4.200070110420705,-4.200070110420705,0.0,0.0
48.6,1651.57441,-4.200070110420705,-4.200070110420705,0.0,0.0
48.61666666666667,1649.009004,-4.200070110420705,-4.200070110420705,0.0,0.0
48.63333333333333,1646.459422,-4.200070110420705,-4.200070110420705,0.0,0.0
48.65,1643.925621,-4.200070110420705,-4.200070110420705,0.0,0.0
48.666666666666664,1641.407555,-4.200070110420705,-4.200070110420705,0.0,0.0
48.68333333333333,1638.905181,-4.200070110420705,-4.200070110420705,0.0,0.0
48.7,1636.418409,-4.200070110420705,-4.200070110420705,0.0,0.0
48.71666666666667,1633.94708,-4.200070110420705,-4.200070110420705,0.0,0.0
48.733333333333334,1631.491104,-4.200070110420705,-4.200070110420705,0.0,0.0
48.75,1629.050349,-4.200070110420705,-4.200070110420705,0.0,0.0
48.766666666666666,1626.624563,-4.200070110420705,-4.200070110420705,0.0,0.0
48.78333333333333,1624.213615,-4.200070110420705,-4.200070110420705,0.0,0.0
48.8,1621.817416,-4.200070110420705,-4.200070110420705,0.0,0.0
48.81666666666667,1619.435808,-4.200070110420705,-4.200070110420705,0.0,0.0
48.833333333333336,1617.068704,-4.200070110420705,-4.200070110420705,0.0,0.0
48.85,1614.716067,-4.200070110420705,-4.200070110420705,0.0,0.0
48.86666666666667,1612.377864,-4.200070110420705,-4.200070110420705,0.0,0.0
48.88333333333333,1610.054062,-4.07218095194362,-4.07218095194362,0.0,0.0
48.9,1607.74462,-3.660266589528814,-3.660266589528814,0.0,0.0
48.916666666666664,1605.449491,-3.6524419214202726,-3.6524419214202726,0.0,0.0
48.93333333333333,1603.168634,-3.6524419214202726,-3.6524419214202726,0.0,0.0
48.95,1600.901899,-3.6524419214202726,-3.6524419214202726,0.0,0.0
48.96666666666667,1598.648982,-3.6524419214202726,-3.6524419214202726,0.0,0.0
48.983333333333334,1596.409729,-3.6524419214202726,-3.6524419214202726,0.0,0.0
49.0,1594.1839,-3.6524419214202726,-3.6524419214202726,0.0,0.0
49.016666666666666,1591.970975,-3.6524419214202726,-3.6524419214202726,0.0,0.0
49.03333333333333,1589.770716,-3.6524419214202726,-3.6524419214202726,0.0,0.0
49.05,1587.582971,-3.321862570102512,-3.321862570102512,0.0,0.0
49.06666666666667,1585.40744,-3.1050983905255563,-3.1050983905255563,0.0,0.0
49.083333333333336,1583.243981,-3.10481373241984,-3.10481373241984,0.0,0.0
49.1,1581.092557,-3.10481373241984,-3.10481373241984,0.0,0.0
49.11666666666667,1578.953127,-3.10481373241984,-3.10481373241984,0.0,0.0
49.13333333333333,1576.825658,-3.10481373241984,-3.10481373241984,0.0,0.0
49.15,1574.710125,-3.10481373241984,-3.10481373241984,0.0,0.0
49.166666666666664,1572.6065,-3.10481373241984,-3.10481373241984,0.0,0.0
49.18333333333333,1570.514758,-3.10481373241984,-3.10481373241984,0.0,0.0
49.2,1568.434821,-3.10481373241984,-3.10481373241984,0.0,0.0
49.21666666666667,1566.366545,-3.10481373241984,-3.10481373241984,0.0,0.0
49.233333333333334,1564.309851,-3.10481373241984,-3.10481373241984,0.0,0.0
49.25,1562.264624,-3.10481373241984,-3.10481373241984,0.0,0.0
49.266666666666666,1560.230629,-3.10481373241984,-3.10481373241984,0.0,0.0
49.28333333333333,1558.20775,-3.10481373241984,-3.10481373241984,0.0,0.0
49.3,1556.195912,-3.10481373241984,-3.10481373241984,0.0,0.0
49.31666666666667,1554.194975,-3.10481373241984,-3.10481373241984,0.0,0.0
49.333333333333336,1552.204866,-3.10481373241984,-3.10481373241984,0.0,0.0
49.35,1550.225556,-3.10481373241984,-3.10481373241984,0.0,0.0
49.36666666666667,1548.257017,-3.10481373241984,-3.10481373241984,0.0,0.0
49.38333333333333,1546.299222,-3.10481373241984,-3.10481373241984,0.0,0.0
49.4,1544.35215,-3.10481373241984,-3.10481373241984,0.0,0.0
49.416666666666664,1542.415783,-2.841453894065615,-2.841453894065615,0.0,0.0
49.43333333333333,1540.4901,-2.559793174674507,-2.559793174674507,0.0,0.0
49.45,1538.57508,-2.5571855434194073,-2.5571855434194073,0.0,0.0
49.46666666666667,1536.670705,-2.5571855434194073,-2.5571855434194073,0.0,0.0
49.483333333333334,1534.776955,-2.5571855434194073,-2.5571855434194073,0.0,0.0
49.5,1532.893811,-2.5571855434194073,-2.5571855434194073,0.0,0.0
49.516666666666666,1531.021258,-2.5571855434194073,-2.5571855434194073,0.0,0.0
49.53333333333333,1529.159277,-2.5571855434194073,-2.5571855434194073,0.0,0.0
49.55,1527.30785,-2.5571855434194073,-2.5571855434194073,0.0,0.0
49.56666666666667,1525.466959,-2.5571855434194073,-2.5571855434194073,0.0,0.0
49.583333333333336,1523.636584,-2.5571855434194073,-2.5571855434194073,0.0,0.0
49.6,1521.816702,-2.5571855434194073,-2.5571855434194073,0.0,0.0
49.61666666666667,1520.007291,-2.5571855434194073,-2.5571855434194073,0.0,0.0
49.63333333333333,1518.208328,-2.5571855434194073,-2.5571855434194073,0.0,0.0
49.65,1516.419794,-2.5571855434194073,-2.5571855434194073,0.0,0.0
49.666666666666664,1514.641671,-2.5571855434194073,-2.5571855434194073,0.0,0.0
49.68333333333333,1512.87394,-2.5571855434194073,-2.5571855434194073,0.0,0.0
49.7,1511.116606,-2.5571855434194073,-2.5571855434194073,0.0,0.0
49.71666666666667,1509.369709,-2.5571855434194073,-2.5571855434194073,0.0,0.0
49.733333333333334,1507.633257,-2.5571855434194073,-2.5571855434194073,0.0,0.0
49.75,1505.907276,-2.5571855434194073,-2.5571855434194073,0.0,0.0
49.766666666666666,1504.191854,-2.5571855434194073,-2.5571855434194073,0.0,0.0
49.78333333333333,1502.487019,-2.5571855434194073,-2.5571855434194073,0.0,0.0
49.8,1500.792777,-2.5571855434194073,-2.5571855434194073,0.0,0.0
49.81666666666667,1499.10917,-2.5571855434194073,-2.5571855434194073,0.0,0.0
49.833333333333336,1497.436203,-2.5571855434194073,-2.5571855434194073,0.0,0.0
49.85,1495.773857,-2.5571855434194073,-2.5571855434194073,0.0,0.0
49.86666666666667,1494.12211,-2.5571855434194073,-2.5571855434194073,0.0,0.0
49.88333333333333,1492.480944,-2.5571855434194073,-2.5571855434194073,0.0,0.0
49.9,1490.850338,-2.5571855434194073,-2.5571855434194073,0.0,0.0
49.916666666666664,1489.230281,-2.5571855434194073,-2.5571855434194073,0.0,0.0
49.93333333333333,1487.620756,-2.5571855434194073,-2.5571855434194073,0.0,0.0
49.95,1486.021798,-2.5571855434194073,-2.5571855434194073,0.0,0.0
49.96666666666667,1484.433516,-2.5571855434194073,-2.5571855434194073,0.0,0.0
49.983333333333334,1482.855948,-2.5571855434194073,-2.5571855434194073,0.0,0.0
50.0,1481.289171,-2.5571855434194073,-2.5571855434194073,0.0,0.0
50.016666666666666,1479.733399,-2.5571855434194073,-2.5571855434194073,0.0,0.0
50.03333333333333,1478.188708,-2.5571855434194073,-2.5571855434194073,0.0,0.0
50.05,1476.655138,-2.5571855434194073,-2.5571855434194073,0.0,0.0
50.06666666666667,1475.132796,-2.5571855434194073,-2.5571855434194073,0.0,0.0
50.083333333333336,1473.621716,-2.5571855434194073,-2.5571855434194073,0.0,0.0
50.1,1472.121883,-2.5571855434194073,-2.5571855434194073,0.0,0.0
50.11666666666667,1470.633283,-2.5456687838422125,-2.5456687838422125,0.0,0.0
50.13333333333333,1469.155899,-2.020353199243548,-2.020353199243548,0.0,0.0
50.15,1467.68971,-2.0095573544189747,-2.0095573544189747,0.0,0.0
50.166666666666664,1466.234698,-2.0095573544189747,-2.0095573544189747,0.0,0.0
50.18333333333333,1464.790842,-2.0095573544189747,-2.0095573544189747,0.0,0.0
50.2,1463.358147,-2.0095573544189747,-2.0095573544189747,0.0,0.0
50.21666666666667,1461.936652,-2.0095573544189747,-2.0095573544189747,0.0,0.0
50.233333333333334,1460.526364,-2.0095573544189747,-2.0095573544189747,0.0,0.0
50.25,1459.127305,-2.0095573544189747,-2.0095573544189747,0.0,0.0
50.266666666666666,1457.73956,-2.0095573544189747,-2.0095573544189747,0.0,0.0
50.28333333333333,1456.363152,-2.0095573544189747,-2.0095573544189747,0.0,0.0
50.3,1454.998087,-2.0095573544189747,-2.0095573544189747,0.0,0.0
50.31666666666667,1453.644403,-2.0095573544189747,-2.0095573544189747,0.0,0.0
50.333333333333336,1452.302106,-2.0095573544189747,-2.0095573544189747,0.0,0.0
50.35,1450.971178,-2.0095573544189747,-2.0095573544189747,0.0,0.0
50.36666666666667,1449.651604,-2.0095573544189747,-2.0095573544189747,0.0,0.0
50.38333333333333,1448.343369,-2.0095573544189747,-2.0095573544189747,0.0,0.0
50.4,1447.046451,-2.0095573544189747,-2.0095573544189747,0.0,0.0
50.416666666666664,1445.760832,-2.0095573544189747,-2.0095573544189747,0.0,0.0
50.43333333333333,1444.486493,-2.0095573544189747,-2.0095573544189747,0.0,0.0
50.45,1443.223414,-2.0095573544189747,-2.0095573544189747,0.0,0.0
50.46666666666667,1441.971575,-1.9278304790477736,-1.9278304790477736,0.0,0.0
50.483333333333334,1440.730956,-1.5592111639537598,-1.5592111639537598,0.0,0.0
50.5,1439.501539,-1.5524068662099197,-1.5524068662099197,0.0,0.0
50.516666666666666,1438.2833,-1.5524068662099197,-1.5524068662099197,0.0,0.0
50.53333333333333,1437.076219,-1.5524068662099197,-1.5524068662099197,0.0,0.0
50.55,1435.88028,-1.5524068662099197,-1.5524068662099197,0.0,0.0
50.56666666666667,1434.69546,-1.5524068662099197,-1.5524068662099197,0.0,0.0
50.583333333333336,1433.521741,-1.5524068662099197,-1.5524068662099197,0.0,0.0
50.6,1432.359111,-1.5524068662099197,-1.5524068662099197,0.0,0.0
50.61666666666667,1431.207558,-1.5524068662099197,-1.5524068662099197,0.0,0.0
50.63333333333333,1430.067067,-1.5524068662099197,-1.5524068662099197,0.0,0.0
50.65,1428.937619,-1.5524068662099197,-1.5524068662099197,0.0,0.0
50.666666666666664,1427.819192,-1.5524068662099197,-1.5524068662099197,0.0,0.0
50.68333333333333,1426.711765,-1.5524068662099197,-1.5524068662099197,0.0,0.0
50.7,1425.615267,-1.5524068662099197,-1.5524068662099197,0.0,0.0
50.71666666666667,1424.529551,-1.5524068662099197,-1.5524068662099197,0.0,0.0
50.733333333333334,1423.454543,-1.5524068662099197,-1.5524068662099197,0.0,0.0
50.75,1422.390126,-1.5524068662099197,-1.5524068662099197,0.0,0.0
50.766666666666666,1421.336047,-1.5524068662099197,-1.5524068662099197,0.0,0.0
50.78333333333333,1420.292192,-1.5524068662099197,-1.5524068662099197,0.0,0.0
50.8,1419.258484,-1.5524068662099197,-1.5524068662099197,0.0,0.0
50.81666666666667,1418.234778,-1.5524068662099197,-1.5524068662099197,0.0,0.0
50.833333333333336,1417.221003,-1.5524068662099197,-1.5524068662099197,0.0,0.0
50.85,1416.217144,-1.5524068662099197,-1.5524068662099197,0.0,0.0
50.86666666666667,1415.22319,-1.5524068662099197,-1.5524068662099197,0.0,0.0
50.88333333333333,1414.239129,-1.5524068662099197,-1.5524068662099197,0.0,0.0
50.9,1413.264942,-1.5524068662099197,-1.5524068662099197,0.0,0.0
50.916666666666664,1412.300603,-1.5524068662099197,-1.5524068662099197,0.0,0.0
50.93333333333333,1411.34609,-1.5524068662099197,-1.5524068662099197,0.0,0.0
50.95,1410.401267,-1.5524068662099197,-1.5524068662099197,0.0,0.0
50.96666666666667,1409.46583,-1.5524068662099197,-1.5524068662099197,0.0,0.0
50.983333333333334,1408.539639,-1.5524068662099197,-1.5524068662099197,0.0,0.0
51.0,1407.622454,-1.5524068662099197,-1.5524068662099197,0.0,0.0
51.016666666666666,1406.713743,-1.5524068662099197,-1.5524068662099197,0.0,0.0
51.03333333333333,1405.81327,-1.5524068662099197,-1.5524068662099197,0.0,0.0
51.05,1404.920893,-1.5524068662099197,-1.5524068662099197,0.0,0.0
51.06666666666667,1404.036313,-1.5524068662099197,-1.5524068662099197,0.0,0.0
51.083333333333336,1403.159395,-1.5524068662099197,-1.5524068662099197,0.0,0.0
51.1,1402.290123,-1.5524068662099197,-1.5524068662099197,0.0,0.0
51.11666666666667,1401.428472,-1.5524068662099197,-1.5524068662099197,0.0,0.0
51.13333333333333,1400.574429,-1.5524068662099197,-1.5524068662099197,0.0,0.0
51.15,1399.727985,-1.5524068662099197,-1.5524068662099197,0.0,0.0
51.166666666666664,1398.889134,-1.5524068662099197,-1.5524068662099197,0.0,0.0
51.18333333333333,1398.057865,-1.5524068662099197,-1.5524068662099197,0.0,0.0
51.2,1397.234115,-1.5524068662099197,-1.5524068662099197,0.0,0.0
51.21666666666667,1396.417747,-1.5524068662099197,-1.5524068662099197,0.0,0.0
51.233333333333334,1395.608694,-1.5524068662099197,-1.5524068662099197,0.0,0.0
51.25,1394.806849,-1.5524068662099197,-1.5524068662099197,0.0,0.0
51.266666666666666,1394.011973,-1.5524068662099197,-1.5524068662099197,0.0,0.0
51.28333333333333,1393.223959,-1.5524068662099197,-1.5524068662099197,0.0,0.0
51.3,1392.442744,-1.2770211333007233,-1.2770211333007233,0.0,0.0
51.31666666666667,1391.668192,-1.0081065092743458,-1.0081065092743458,0.0,0.0
51.333333333333336,1390.900241,-1.0047786772094873,-1.0047786772094873,0.0,0.0
51.35,1390.138881,-1.0047786772094873,-1.0047786772094873,0.0,0.0
51.36666666666667,1389.384097,-1.0047786772094873,-1.0047786772094873,0.0,0.0
51.38333333333333,1388.635879,-1.0047786772094873,-1.0047786772094873,0.0,0.0
51.4,1387.894224,-1.0047786772094873,-1.0047786772094873,0.0,0.0
51.416666666666664,1387.159129,-1.0047786772094873,-1.0047786772094873,0.0,0.0
51.43333333333333,1386.430591,-1.0047786772094873,-1.0047786772094873,0.0,0.0
51.45,1385.708606,-1.0047786772094873,-1.0047786772094873,0.0,0.0
51.46666666666667,1384.993172,-1.0047786772094873,-1.0047786772094873,0.0,0.0
51.483333333333334,1384.284285,-1.0047786772094873,-1.0047786772094873,0.0,0.0
51.5,1383.581943,-1.0047786772094873,-1.0047786772094873,0.0,0.0
51.516666666666666,1382.886148,-0.8851557366826037,-0.8851557366826037,0.0,0.0
51.53333333333333,1382.196899,-0.5491061394148011,-0.5491061394148011,0.0,0.0
51.55,1381.514192,-0.5476281890004325,-0.5476281890004325,0.0,0.0
51.56666666666667,1380.838027,-0.5476281890004325,-0.5476281890004325,0.0,0.0
51.583333333333336,1380.168402,-0.5476281890004325,-0.5476281890004325,0.0,0.0
51.6,1379.505304,-0.5476281890004325,-0.5476281890004325,0.0,0.0
51.61666666666667,1378.84872,-0.5476281890004325,-0.5476281890004325,0.0,0.0
51.63333333333333,1378.198638,-0.5476281890004325,-0.5476281890004325,0.0,0.0
51.65,1377.555061,-0.5476281890004325,-0.5476281890004325,0.0,0.0
51.666666666666664,1376.917998,-0.5476281890004325,-0.5476281890004325,0.0,0.0
51.68333333333333,1376.287454,-0.5476281890004325,-0.5476281890004325,0.0,0.0
51.7,1375.663543,-0.5476281890004325,-0.5476281890004325,0.0,0.0
51.71666666666667,1375.046539,-0.5476281890004325,-0.5476281890004325,0.0,0.0
51.733333333333334,1374.436564,-0.5476281890004325,-0.5476281890004325,0.0,0.0
51.75,1373.83383,-0.5476281890004325,-0.5476281890004325,0.0,0.0
51.766666666666666,1373.238838,-0.5476281890004325,-0.5476281890004325,0.0,0.0
51.78333333333333,1372.6518,-0.5476281890004325,-0.5476281890004325,0.0,0.0
51.8,1372.072837,-0.5476281890004325,-0.5476281890004325,0.0,0.0
51.81666666666667,1371.50223,-0.5476281890004325,-0.5476281890004325,0.0,0.0
51.833333333333336,1370.940093,-0.5476281890004325,-0.5476281890004325,0.0,0.0
51.85,1370.386424,-0.5476281890004325,-0.5476281890004325,0.0,0.0
51.86666666666667,1369.841214,-0.5476281890004325,-0.5476281890004325,0.0,0.0
51.88333333333333,1369.304455,-0.5476281890004325,-0.5476281890004325,0.0,0.0
51.9,1368.776155,-0.5476281890004325,-0.5476281890004325,0.0,0.0
51.916666666666664,1368.256339,-0.5476281890004325,-0.5476281890004325,0.0,0.0
51.93333333333333,1367.745021,-0.5476281890004325,-0.5476281890004325,0.0,0.0
51.95,1367.242459,-0.5476281890004325,-0.5476281890004325,0.0,0.0
51.96666666666667,1366.749274,-0.5476281890004325,-0.5476281890004325,0.0,0.0
51.983333333333334,1366.265738,-0.5476281890004325,-0.5476281890004325,0.0,0.0
52.0,1365.792328,-0.5476281890004325,-0.5476281890004325,0.0,0.0
52.016666666666666,1365.33016,-0.5476281890004325,-0.5476281890004325,0.0,0.0
52.03333333333333,1364.879708,-0.5476281890004325,-0.5476281890004325,0.0,0.0
52.05,1364.441245,-0.5476281890004325,-0.5476281890004325,0.0,0.0
52.06666666666667,1364.01539,-0.5476281890004325,-0.5476281890004325,0.0,0.0
52.083333333333336,1363.602399,-0.5476281890004325,-0.5476281890004325,0.0,0.0
52.1,1363.202287,-0.5476281890004325,-0.5476281890004325,0.0,0.0
52.11666666666667,1362.815076,-0.5476281890004325,-0.5476281890004325,0.0,0.0
52.13333333333333,1362.440771,-0.5476281890004325,-0.5476281890004325,0.0,0.0
52.15,1362.079366,-0.5476281890004325,-0.5476281890004325,0.0,0.0
52.166666666666664,1361.730852,-0.5476281890004325,-0.5476281890004325,0.0,0.0
52.18333333333333,1361.395225,-0.5476281890004325,-0.5476281890004325,0.0,0.0
52.2,1361.072599,-0.5476281890004325,-0.5476281890004325,0.0,0.0
52.21666666666667,1360.763253,-0.5476281890004325,-0.5476281890004325,0.0,0.0
52.233333333333334,1360.467306,-0.5476281890004325,-0.5476281890004325,0.0,0.0
52.25,1360.18497,-0.5476281890004325,-0.5476281890004325,0.0,0.0
52.266666666666666,1359.916743,-0.5476281890004325,-0.5476281890004325,0.0,0.0
52.28333333333333,1359.662835,-0.5476281890004325,-0.5476281890004325,0.0,0.0
52.3,1359.423366,-0.5476281890004325,-0.5476281890004325,0.0,0.0
52.31666666666667,1359.198612,-0.5476281890004325,-0.5476281890004325,0.0,0.0
52.333333333333336,1358.988685,-0.5476281890004325,-0.5476281890004325,0.0,0.0
52.35,1358.793591,-0.5476281890004325,-0.5476281890004325,0.0,0.0
52.36666666666667,1358.613344,-0.5476281890004325,-0.5476281890004325,0.0,0.0
52.38333333333333,1358.447946,-0.5476281890004325,-0.5476281890004325,0.0,0.0
52.4,1358.297389,-0.5476281890004325,-0.5476281890004325,0.0,0.0
52.416666666666664,1358.161659,-0.5476281890004325,-0.5476281890004325,0.0,0.0
52.43333333333333,1358.04075,-0.5476281890004325,-0.5476281890004325,0.0,0.0
52.45,1357.934656,-0.5476281890004325,-0.5476281890004325,0.0,0.0
52.46666666666667,1357.843372,-0.5476281890004325,-0.5476281890004325,0.0,0.0
52.483333333333334,1357.766895,-0.5476281890004325,-0.5476281890004325,0.0,0.0
52.5,1357.705219,-0.5476281890004325,-0.5476281890004325,0.0,0.0
52.516666666666666,1357.658337,-0.5476281890004325,-0.5476281890004325,0.0,0.0
52.53333333333333,1357.626244,-0.5476281890004325,-0.5476281890004325,0.0,0.0
52.55,1357.608937,-0.5476281890004325,-0.5476281890004325,0.0,0.0
52.56666666666667,1357.606409,-0.5476281890004325,-0.5476281890004325,0.0,0.0
52.583333333333336,1357.618657,-0.5476281890004325,-0.5476281890004325,0.0,0.0
52.6,1357.645692,-0.5476281890004325,-0.5476281890004325,0.0,0.0
52.61666666666667,1357.68754,-0.5476281890004325,-0.5476281890004325,0.0,0.0
52.63333333333333,1357.744213,-0.5476281890004325,-0.5476281890004325,0.0,0.0
52.65,1357.815694,-0.5476281890004325,-0.5476281890004325,0.0,0.0
52.666666666666664,1357.901947,-0.5476281890004325,-0.5476281890004325,0.0,0.0
52.68333333333333,1358.002947,-0.5476281890004325,-0.5476281890004325,0.0,0.0
52.7,1358.118407,-0.5476281890004325,-0.5476281890004325,0.0,0.0
52.71666666666667,1358.247646,-0.5476281890004325,-0.5476281890004325,0.0,0.0
52.733333333333334,1358.39036,-0.5476281890004325,-0.5476281890004325,0.0,0.0
52.75,1358.546022,-0.5476281890004325,-0.5476281890004325,0.0,0.0
52.766666666666666,1358.713399,-0.5476281890004325,-0.5476281890004325,0.0,0.0
52.78333333333333,1358.891965,-0.5476281890004325,-0.5476281890004325,0.0,0.0
52.8,1359.08141,-0.5476281890004325,-0.5476281890004325,0.0,0.0
52.81666666666667,1359.281041,-1.0254794195856896,-0.5476281890004325,-0.4778512305852569,0.0
52.833333333333336,1359.490565,-1.095256378000865,-0.5476281890004325,-0.5476281890004325,0.0
52.85,1359.709979,-0.8612705041016082,-0.3136423151011757,-0.5476281890004325,0.0
52.86666666666667,1359.939291,-0.5496886949575607,-0.0020605059571281886,-0.5476281890004325,0.0
52.88333333333333,1360.178505,-0.5476281890004325,0.0,-0.5476281890004325,0.0
52.9,1360.427592,-0.5476281890004325,0.0,-0.5476281890004325,0.0
52.916666666666664,1360.686481,-0.5476281890004325,0.0,-0.5476281890004325,0.0
52.93333333333333,1360.955122,-0.5476281890004325,0.0,-0.5476281890004325,0.0
52.95,1361.23287,-0.5476281890004325,0.0,-0.5476281890004325,0.0
52.96666666666667,1361.518183,-0.5476281890004325,0.0,-0.5476281890004325,0.0
52.983333333333334,1361.810377,-0.5476281890004325,0.0,-0.5476281890004325,0.0
53.0,1362.108265,-0.5476281890004325,0.0,-0.5476281890004325,0.0
53.016666666666666,1362.409086,-0.5476281890004325,0.0,-0.5476281890004325,0.0
53.03333333333333,1362.711652,-0.5476281890004325,0.0,-0.5476281890004325,0.0
53.05,1363.015275,-0.5476281890004325,0.0,-0.5476281890004325,0.0
53.06666666666667,1363.318414,-0.5476281890004325,0.0,-0.5476281890004325,0.0
53.083333333333336,1363.620419,-0.5476281890004325,0.0,-0.5476281890004325,0.0
53.1,1363.921237,-0.5476281890004325,0.0,-0.5476281890004325,0.0
53.11666666666667,1364.220794,-0.5476281890004325,0.0,-0.5476281890004325,0.0
53.13333333333333,1364.519058,-0.5476281890004325,0.0,-0.5476281890004325,0.0
53.15,1364.816029,-0.5476281890004325,0.0,-0.5476281890004325,0.0
53.166666666666664,1365.111714,-0.5476281890004325,0.0,-0.5476281890004325,0.0
53.18333333333333,1365.406107,-1.0254794195856896,0.0,-0.5476281890004325,-0.4778512305852569
53.2,1365.698913,-1.4974878542264274,0.0,-0.949859665225995,-0.5476281890004325
53.21666666666667,1365.989442,-1.552406866209934,0.0,-1.0047786772095013,-0.5476281890004325
53.233333333333334,1366.277381,-1.552406866209934,0.0,-1.0047786772095013,-0.5476281890004325
53.25,1366.562205,-1.954638342435484,0.0,-1.4070101534350514,-0.5476281890004325
53.266666666666666,1366.842684,-2.009557354418989,0.0,-1.4619291654185562,-0.5476281890004325
53.28333333333333,1367.118292,-2.009557354418989,0.0,-1.4619291654185562,-0.5476281890004325
53.3,1367.388722,-2.009557354418989,0.0,-1.4619291654185562,-0.5476281890004325
53.31666666666667,1367.653293,-2.009557354418989,0.0,-1.4619291654185562,-0.5476281890004325
53.333333333333336,1367.911714,-2.009557354418989,0.0,-1.4619291654185562,-0.5476281890004325
53.35,1368.16396,-2.009557354418989,0.0,-1.4619291654185562,-0.5476281890004325
53.36666666666667,1368.409987,-2.009557354418989,0.0,-1.4619291654185562,-0.5476281890004325
53.38333333333333,1368.649777,-2.009557354418989,0.0,-1.4619291654185562,-0.5476281890004325
53.4,1368.883338,-2.009557354418989,0.0,-1.4619291654185562,-0.5476281890004325
53.416666666666664,1369.110696,-1.7742675979151343,0.0,-1.4619291654185562,-0.31233843249657817
53.43333333333333,1369.331858,-1.4640132586827024,0.0,-1.4619291654185562,-0.0020840932641461246
53.45,1369.546824,-1.4619291654185562,0.0,-1.4619291654185562,0.0
53.46666666666667,1369.755594,-1.4619291654185562,0.0,-1.4619291654185562,0.0
53.483333333333334,1369.958168,-1.4619291654185562,0.0,-1.4619291654185562,0.0
53.5,1370.154546,-1.4619291654185562,0.0,-1.4619291654185562,0.0
53.516666666666666,1370.344733,-1.8641606416441063,0.0,-1.8641606416441063,0.0
53.53333333333333,1370.52873,-1.9190796536276111,0.0,-1.9190796536276111,0.0
53.55,1370.70654,-1.9190796536276111,0.0,-1.9190796536276111,0.0
53.56666666666667,1370.878165,-1.9190796536276111,0.0,-1.9190796536276111,0.0
53.583333333333336,1371.043608,-1.9190796536276111,0.0,-1.9190796536276111,0.0
53.6,1371.202854,-1.9190796536276111,0.0,-1.9190796536276111,0.0
53.61666666666667,1371.355863,-1.9190796536276111,0.0,-1.9190796536276111,0.0
53.63333333333333,1371.502622,-1.9190796536276111,0.0,-1.9190796536276111,0.0
53.65,1371.643151,-1.9190796536276111,0.0,-1.9190796536276111,0.0
53.666666666666664,1371.777504,-1.9190796536276111,0.0,-1.9190796536276111,0.0
53.68333333333333,1371.905717,-1.9190796536276111,0.0,-1.9190796536276111,0.0
53.7,1372.028188,-1.9190796536276111,0.0,-1.9190796536276111,0.0
53.71666666666667,1372.145866,-1.9190796536276111,0.0,-1.9190796536276111,0.0
53.733333333333334,1372.259176,-1.9190796536276111,0.0,-1.9190796536276111,0.0
53.75,1372.368853,-1.9190796536276111,0.0,-1.9190796536276111,0.0
53.766666666666666,1372.47661,-2.3213111298531617,0.0,-1.9190796536276111,-0.4022314762255507
53.78333333333333,1372.583182,-2.3762301418366665,0.0,-1.9190796536276111,-0.45715048820905546
53.8,1372.689002,-2.3762301418366665,0.0,-1.9190796536276111,-0.45715048820905546
53.81666666666667,1372.795037,-2.3762301418366665,0.0,-1.9190796536276111,-0.45715048820905546
53.833333333333336,1372.901695,-2.3762301418366665,0.0,-1.9190796536276111,-0.45715048820905546
53.85,1373.008987,-2.3762301418366665,0.0,-1.9190796536276111,-0.45715048820905546
53.86666666666667,1373.116903,-2.3762301418366665,0.0,-1.9190796536276111,-0.45715048820905546
53.88333333333333,1373.225443,-2.3762301418366665,0.0,-1.9190796536276111,-0.45715048820905546
53.9,1373.334649,-2.3762301418366665,0.0,-1.9190796536276111,-0.45715048820905546
53.916666666666664,1373.444628,-2.3762301418366665,0.0,-1.9190796536276111,-0.45715048820905546
53.93333333333333,1373.555452,-2.3762301418366665,0.0,-1.9190796536276111,-0.45715048820905546
53.95,1373.668026,-2.3762301418366665,0.0,-1.9190796536276111,-0.45715048820905546
53.96666666666667,1373.784503,-2.3762301418366665,0.0,-1.9190796536276111,-0.45715048820905546
53.983333333333334,1373.905845,-2.3762301418366665,0.0,-1.9190796536276111,-0.45715048820905546
54.0,1374.033706,-2.778461618062217,0.0,-2.3213111298531617,-0.45715048820905546
54.016666666666666,1374.171946,-2.833380630045722,0.0,-2.3762301418366665,-0.45715048820905546
54.03333333333333,1374.322219,-3.7134633368565173,0.0,-3.256312848647462,-0.45715048820905546
54.05,1374.485493,-4.240390783480747,0.0,-3.7832402952716913,-0.45715048820905546
54.06666666666667,1374.663918,-4.295309795464251,0.0,-3.838159307255196,-0.45715048820905546
54.083333333333336,1374.858405,-4.295309795464251,0.0,-3.838159307255196,-0.45715048820905546
54.1,1375.069031,-4.295309795464251,0.0,-3.838159307255196,-0.45715048820905546
54.11666666666667,1375.295905,-4.295309795464251,0.0,-3.838159307255196,-0.45715048820905546
54.13333333333333,1375.539076,-4.295309795464251,0.0,-3.838159307255196,-0.45715048820905546
54.15,1375.798546,-4.295309795464251,0.0,-3.838159307255196,-0.45715048820905546
54.166666666666664,1376.074314,-4.295309795464251,0.0,-3.838159307255196,-0.45715048820905546
54.18333333333333,1376.366394,-4.295309795464251,0.0,-3.838159307255196,-0.45715048820905546
54.2,1376.675203,-4.773161026049514,0.0,-3.838159307255196,-0.9350017187943174
54.21666666666667,1377.001719,-4.84293798446469,0.0,-3.838159307255196,-1.0047786772094938
54.233333333333334,1377.346381,-4.84293798446469,0.0,-3.838159307255196,-1.0047786772094938
54.25,1377.709938,-5.1609943850807225,0.0,-4.156215707871229,-1.0047786772094938
54.266666666666666,1378.094117,-5.146230671199098,0.0,-4.141451993989604,-1.0047786772094938
54.28333333333333,1378.499666,-5.146230671199098,0.0,-4.141451993989604,-1.0047786772094938
54.3,1378.927024,-5.548462147424661,0.0,-4.543683470215167,-1.0047786772094938
54.31666666666667,1379.377156,-5.603381159408167,0.0,-4.5986024821986735,-1.0047786772094938
54.333333333333336,1379.850477,-5.603381159408167,0.0,-4.5986024821986735,-1.0047786772094938
54.35,1380.347039,-6.483463866218974,0.0,-5.4786851890094805,-1.0047786772094938
54.36666666666667,1380.866911,-6.608159836617656,0.0,-5.603381159408162,-1.0047786772094938
54.38333333333333,1381.410135,-6.608159836617656,0.0,-5.603381159408162,-1.0047786772094938
54.4,1381.97671,-6.926216237233689,0.0,-5.603381159408162,-1.3228350778255265
54.416666666666664,1382.566618,-6.9114525233520645,0.0,-5.603381159408162,-1.308071363943902
54.43333333333333,1383.179865,-6.9114525233520645,0.0,-5.603381159408162,-1.308071363943902
54.45,1383.816468,-6.9114525233520645,0.0,-5.603381159408162,-1.308071363943902
54.46666666666667,1384.476451,-6.9114525233520645,0.0,-5.603381159408162,-1.308071363943902
54.483333333333334,1385.159835,-6.9114525233520645,0.0,-5.603381159408162,-1.308071363943902
54.5,1385.866642,-6.9114525233520645,0.0,-5.603381159408162,-1.308071363943902
54.516666666666666,1386.596893,-6.9114525233520645,0.0,-5.603381159408162,-1.308071363943902
54.53333333333333,1387.350612,-6.9114525233520645,0.0,-5.603381159408162,-1.308071363943902
54.55,1388.12782,-6.9114525233520645,0.0,-5.603381159408162,-1.308071363943902
54.56666666666667,1388.928538,-7.313683999577615,0.0,-6.005612635633712,-1.308071363943902
54.583333333333336,1389.752792,-7.3686030115611185,0.0,-6.060531647617217,-1.308071363943902
54.6,1390.60062,-7.3686030115611185,0.0,-6.060531647617217,-1.308071363943902
54.61666666666667,1391.472089,-7.3686030115611185,0.0,-6.060531647617217,-1.308071363943902
54.63333333333333,1392.36724,-7.663765561984166,0.0,-6.355694198040263,-1.308071363943902
54.65,1393.286077,-7.682893972204843,0.0,-6.37482260826094,-1.308071363943902
54.666666666666664,1394.228571,-7.682893972204843,0.0,-6.37482260826094,-1.308071363943902
54.68333333333333,1395.194713,-7.682893972204843,0.0,-6.37482260826094,-1.308071363943902
54.7,1396.184114,-7.682893972204843,0.0,-6.37482260826094,-1.308071363943902
54.71666666666667,1397.195808,-8.160745202790132,0.0,-6.852673838846229,-1.308071363943902
54.733333333333334,1398.229378,-8.230522161205311,0.0,-6.922450797261409,-1.308071363943902
54.75,1399.284084,-7.782134103807082,0.0,-6.922450797261409,-0.8596833065456727
54.766666666666666,1400.358159,-7.773371672996256,0.0,-6.922450797261409,-0.8509208757348468
54.78333333333333,1401.450857,-7.7323006595729105,0.0,-6.881379783838064,-0.8509208757348468
54.8,1402.561753,-8.279683658453036,0.0,-7.42876278271819,-0.8509208757348468
54.81666666666667,1403.68986,-8.889328793373329,0.0,-8.038407917638482,-0.8509208757348468
54.833333333333336,1404.834775,-8.959105751788504,0.0,-8.108184876053658,-0.8509208757348468
54.85,1405.996512,-8.959105751788504,0.0,-8.108184876053658,-0.8509208757348468
54.86666666666667,1407.175105,-8.959105751788504,0.0,-8.108184876053658,-0.8509208757348468
54.88333333333333,1408.370582,-8.959105751788504,0.0,-8.108184876053658,-0.8509208757348468
54.9,1409.582923,-8.959105751788504,0.0,-8.108184876053658,-0.8509208757348468
54.916666666666664,1410.812044,-9.436956982373793,0.0,-8.108184876053658,-1.3287721063201356
54.93333333333333,1412.057894,-9.506733940788973,0.0,-8.108184876053658,-1.3985490647353158
54.95,1413.319552,-9.014258752174399,0.0,-7.916597555013962,-1.0976611971604373
54.96666666666667,1414.594795,-9.224703426623142,0.0,-8.129447048622234,-1.0952563780009072
54.983333333333334,1415.882637,-9.293918954845942,0.0,-8.198662576845035,-1.0952563780009072
55.0,1417.181367,-9.293918954845942,0.0,-8.198662576845035,-1.0952563780009072
55.016666666666666,1418.486971,-9.293918954845942,0.0,-8.198662576845035,-1.0952563780009072
55.03333333333333,1419.797731,-9.293918954845942,0.0,-8.198662576845035,-1.0952563780009072
55.05,1421.112648,-9.293918954845942,0.0,-8.198662576845035,-1.0952563780009072
55.06666666666667,1422.429483,-9.696150431071493,0.0,-8.600894053070585,-1.0952563780009072
55.083333333333336,1423.747291,-9.751069443054998,0.0,-8.65581306505409,-1.0952563780009072
55.1,1425.065998,-9.751069443054998,0.0,-8.65581306505409,-1.0952563780009072
55.11666666666667,1426.385497,-10.153300919280548,0.0,-9.05804454127964,-1.0952563780009072
55.13333333333333,1427.705743,-10.208219931264052,0.0,-9.112963553263144,-1.0952563780009072
55.15,1429.02674,-11.088302638074849,0.0,-9.59081478384839,-1.4974878542264576
55.166666666666664,1430.348498,-11.212998608473526,0.0,-9.660591742263565,-1.552406866209962
55.18333333333333,1431.671008,-11.212998608473526,0.0,-9.660591742263565,-1.552406866209962
55.2,1432.993849,-11.212998608473526,0.0,-9.660591742263565,-1.552406866209962
55.21666666666667,1434.316017,-11.212998608473526,0.0,-9.660591742263565,-1.552406866209962
55.233333333333334,1435.637062,-11.615230084699077,0.0,-10.062823218489115,-1.552406866209962
55.25,1436.956219,-11.670149096682582,0.0,-10.11774223047262,-1.552406866209962
55.266666666666666,1438.271708,-11.670149096682582,0.0,-10.11774223047262,-1.552406866209962
55.28333333333333,1439.58276,-11.670149096682582,0.0,-10.11774223047262,-1.552406866209962
55.3,1440.888928,-12.466056727883904,0.0,-10.913649861673942,-1.552406866209962
55.31666666666667,1442.189218,-12.92330144864301,0.0,-11.370894582433047,-1.552406866209962
55.333333333333336,1443.483208,-12.85710415603851,0.0,-11.304697289828548,-1.552406866209962
55.35,1444.770849,-12.924570917065004,0.0,-11.372164050855043,-1.552406866209962
55.36666666666667,1446.052074,-12.658436260330701,0.0,-11.425813594416555,-1.2326226659141466
55.38333333333333,1447.32685,-12.430917185553835,0.0,-11.425813594416555,-1.0051035911372794
55.4,1448.595182,-12.430592271626079,0.0,-11.425813594416555,-1.004778677209524
55.416666666666664,1449.857097,-12.430592271626079,0.0,-11.425813594416555,-1.004778677209524
55.43333333333333,1451.112599,-12.832823747851627,0.0,-11.828045070642103,-1.004778677209524
55.45,1452.361678,-12.887742759835135,0.0,-11.88296408262561,-1.004778677209524
55.46666666666667,1453.60432,-12.887742759835135,0.0,-11.88296408262561,-1.004778677209524
55.483333333333334,1454.840514,-12.887742759835135,0.0,-11.88296408262561,-1.004778677209524
55.5,1456.070248,-12.887742759835135,0.0,-11.88296408262561,-1.004778677209524
55.516666666666666,1457.293513,-12.887742759835135,0.0,-11.88296408262561,-1.004778677209524
55.53333333333333,1458.510298,-12.887742759835135,0.0,-11.88296408262561,-1.004778677209524
55.55,1459.720593,-12.887742759835135,0.0,-11.88296408262561,-1.004778677209524
55.56666666666667,1460.924389,-13.205799160451168,0.0,-12.201020483241644,-1.004778677209524
55.583333333333336,1462.121676,-13.593266922795095,0.0,-12.588488245585571,-1.004778677209524
55.6,1463.312437,-13.6481859347786,0.0,-12.643407257569075,-1.004778677209524
55.61666666666667,1464.49665,-14.126037165363888,0.0,-13.121258488154364,-1.004778677209524
55.63333333333333,1465.674297,-14.512794344750645,0.0,-13.508015667541121,-1.004778677209524
55.65,1466.84538,-14.450287187075247,0.0,-13.445508509865723,-1.004778677209524
55.666666666666664,1468.009911,-14.385852663893555,0.0,-13.381073986684031,-1.004778677209524
55.68333333333333,1469.167896,-14.809234907094519,0.0,-13.804456229884995,-1.004778677209524
55.7,1470.319489,-14.880698673289018,0.0,-13.875919996079494,-1.004778677209524
55.71666666666667,1471.465064,-14.693297366771304,0.0,-13.68851868956178,-1.004778677209524
55.733333333333334,1472.604786,-14.589737107085863,0.0,-13.58495842987634,-1.004778677209524
55.75,1473.738943,-14.907640911920925,0.0,-13.902862234711401,-1.004778677209524
55.766666666666666,1474.868222,-14.8928771980393,0.0,-13.888098520829777,-1.004778677209524
55.78333333333333,1475.992911,-14.8928771980393,0.0,-13.888098520829777,-1.004778677209524
55.8,1477.113181,-14.8928771980393,0.0,-13.888098520829777,-1.004778677209524
55.81666666666667,1478.229414,-14.904983388547514,0.0,-13.90020471133799,-1.004778677209524
55.833333333333336,1479.341771,-14.922616277310471,0.0,-13.917837600100947,-1.004778677209524
55.85,1480.450251,-14.900823416298353,0.0,-13.896044739088829,-1.004778677209524
55.86666666666667,1481.554843,-14.785130326135627,0.0,-13.780351648926104,-1.004778677209524
55.88333333333333,1482.655542,-14.813862668670607,0.0,-13.809083991461083,-1.004778677209524
55.9,1483.752361,-14.255784537650447,0.0,-13.251005860440923,-1.004778677209524
55.916666666666664,1484.845336,-14.219838123337384,0.0,-13.21505944612786,-1.004778677209524
55.93333333333333,1485.934492,-14.049555852160003,0.0,-13.044777174950479,-1.004778677209524
55.95,1487.020185,-13.692728071671901,0.0,-12.687949394462377,-1.004778677209524
55.96666666666667,1488.103275,-13.438054311136153,0.0,-12.433275633926629,-1.004778677209524
55.983333333333334,1489.184143,-13.49432813330404,0.0,-12.489549456094515,-1.004778677209524
56.0,1490.263452,-13.972179363889296,0.0,-12.967400686679772,-1.004778677209524
56.016666666666666,1491.342744,-14.041956322304472,0.0,-13.037177645094948,-1.004778677209524
56.03333333333333,1492.422683,-14.041956322304472,0.0,-13.037177645094948,-1.004778677209524
56.05,1493.503656,-13.82393938970725,0.0,-13.037177645094948,-0.786761744612302
56.06666666666667,1494.586526,-14.30052236774245,0.0,-13.841640597546048,-0.45888177019640186
56.083333333333336,1495.671659,-14.886480340307397,0.0,-14.429329852098343,-0.4571504882090548
56.1,1496.759087,-14.95625729872258,0.0,-14.499106810513526,-0.4571504882090548
56.11666666666667,1497.848855,-14.923539233412008,0.0,-14.466388745202954,-0.4571504882090548
56.13333333333333,1498.940984,-15.302975340836108,0.0,-14.845824852627054,-0.4571504882090548
56.15,1500.035476,-15.350027686248366,0.0,-14.892877198039312,-0.4571504882090548
56.166666666666664,1501.132332,-15.827878916833622,0.0,-15.370728428624568,-0.4571504882090548
56.18333333333333,1502.231558,-15.897655875248798,0.0,-15.440505387039744,-0.4571504882090548
56.2,1503.333324,-16.375507105834057,0.0,-15.918356617625001,-0.4571504882090548
56.21666666666667,1504.438024,-16.445284064249233,0.0,-15.988133576040177,-0.4571504882090548
56.233333333333334,1505.545837,-16.847515540474785,0.0,-16.39036505226573,-0.4571504882090548
56.25,1506.657067,-16.74564790235936,0.0,-16.445284064249233,-0.3003638381101279
56.266666666666666,1507.77241,-16.45042201589777,0.0,-16.445284064249233,-0.005137951648540202
56.28333333333333,1508.892172,-16.445284064249233,0.0,-16.445284064249233,0.0
56.3,1510.016528,-16.445284064249233,0.0,-16.445284064249233,0.0
56.31666666666667,1511.14587,-16.445284064249233,0.0,-16.445284064249233,0.0
56.333333333333336,1512.280366,-16.445284064249233,0.0,-16.445284064249233,0.0
56.35,1513.420038,-16.602119711683525,0.0,-16.602119711683525,0.0
56.36666666666667,1514.564912,-16.357069601553206,0.0,-16.357069601553206,0.0
56.38333333333333,1515.715006,-16.356769105351752,0.0,-16.356769105351752,0.0
56.4,1516.87032,-16.77778061546096,0.0,-16.77778061546096,0.0
56.416666666666664,1518.030849,-16.845110721947155,0.0,-16.845110721947155,0.0
56.43333333333333,1519.196592,-16.844664726397845,0.0,-16.844664726397845,0.0
56.45,1520.367561,-16.666911886512167,0.0,-16.666911886512167,0.0
56.46666666666667,1521.543775,-16.7650981705804,0.0,-16.7650981705804,0.0
56.483333333333334,1522.725245,-16.56353402242831,0.0,-16.56353402242831,0.0
56.5,1523.911986,-16.22436493039018,0.0,-16.22436493039018,0.0
56.516666666666666,1525.104021,-16.670389665400688,0.0,-16.670389665400688,0.0
56.53333333333333,1526.301365,-16.55162969139331,0.0,-16.55162969139331,0.0
56.55,1527.50403,-16.50873789939355,0.0,-16.50873789939355,0.0
56.56666666666667,1528.712032,-16.50866416493254,0.0,-16.50866416493254,0.0
56.583333333333336,1529.925385,-16.50866416493254,0.0,-16.50866416493254,0.0
56.6,1531.144093,-16.986515395517795,0.0,-16.986515395517795,0.0
56.61666666666667,1532.368162,-17.05629235393297,0.0,-17.05629235393297,0.0
56.63333333333333,1533.597599,-17.022616058695775,0.0,-17.022616058695775,0.0
56.65,1534.832412,-16.7457490104206,0.0,-16.7457490104206,0.0
56.666666666666664,1536.072613,-17.14423286951479,0.0,-17.14423286951479,0.0
56.68333333333333,1537.318213,-18.95931729511997,0.0,-18.95931729511997,0.0
56.7,1538.569258,-19.170132785652058,0.0,-19.170132785652058,0.0
56.71666666666667,1539.825844,-19.23722982393524,0.0,-19.23722982393524,0.0
56.733333333333334,1541.08802,-19.299186936708722,0.0,-19.299186936708722,0.0
56.75,1542.355863,-19.777038167293977,0.0,-19.777038167293977,0.0
56.766666666666666,1543.629542,-20.24975814588745,0.0,-19.84752666966189,-0.4022314762255624
56.78333333333333,1544.909137,-20.12747259316839,0.0,-19.67032210495932,-0.4571504882090688
56.8,1546.194696,-19.95013457009377,0.0,-19.4929840818847,-0.4571504882090688
56.81666666666667,1547.486319,-19.732447309811157,0.0,-19.275296821602087,-0.4571504882090688
56.833333333333336,1548.784054,-19.45486869917223,0.0,-18.99771821096316,-0.4571504882090688
56.85,1550.08791,-19.45304473818334,0.0,-18.99589424997427,-0.4571504882090688
56.86666666666667,1551.397897,-19.930895968768596,0.0,-19.473745480559526,-0.4571504882090688
56.88333333333333,1552.714024,-20.00067292718377,0.0,-19.5435224389747,-0.4571504882090688
56.9,1554.036303,-20.16409054921728,0.0,-19.70694006100821,-0.4571504882090688
56.916666666666664,1555.364752,-19.68514414920157,0.0,-19.2279936609925,-0.4571504882090688
56.93333333333333,1556.699388,-19.87870987813756,0.0,-19.42155938992849,-0.4571504882090688
56.95,1558.040301,-19.54562975403605,0.0,-19.08847926582698,-0.4571504882090688
56.96666666666667,1559.387694,-19.945753915200267,0.0,-19.488603426991197,-0.4571504882090688
56.983333333333334,1560.741661,-20.318729327799804,0.0,-19.861578839590734,-0.4571504882090688
57.0,1562.102361,-20.170005146549656,0.0,-19.712854658340586,-0.4571504882090688
57.016666666666666,1563.47015,-19.841568262548684,0.0,-19.384417774339614,-0.4571504882090688
57.03333333333333,1564.845186,-19.31009886545807,0.0,-18.852948377249,-0.4571504882090688
57.05,1566.227566,-19.299186936708693,0.0,-18.842036448499623,-0.4571504882090688
57.06666666666667,1567.617493,-19.299186936708693,0.0,-18.842036448499623,-0.4571504882090688
57.083333333333336,1569.01506,-19.604007102904912,0.0,-19.146856614695842,-0.4571504882090688
57.1,1570.420285,-19.30563241843916,0.0,-18.84848193023009,-0.4571504882090688
57.11666666666667,1571.833186,-19.77703816729395,0.0,-19.31988767908488,-0.4571504882090688
57.13333333333333,1573.253781,-19.86200965416156,0.0,-19.40485916595249,-0.4571504882090688
57.15,1574.68208,-19.87793961768598,0.0,-19.42078912947691,-0.4571504882090688
57.166666666666664,1576.118093,-20.26001209205819,0.0,-19.80286160384912,-0.4571504882090688
57.18333333333333,1577.561832,-19.555110636453286,0.0,-19.097960148244216,-0.4571504882090688
57.2,1579.013343,-19.54352243897472,0.0,-19.08637195076565,-0.4571504882090688
57.21666666666667,1580.472719,-19.54352243897472,0.0,-19.08637195076565,-0.4571504882090688
57.233333333333334,1581.940008,-20.021373669559974,0.0,-19.564223181350904,-0.4571504882090688
57.25,1583.415285,-20.09115062797515,0.0,-19.63400013976608,-0.4571504882090688
57.266666666666666,1584.898704,-20.09115062797515,0.0,-19.63400013976608,-0.4571504882090688
57.28333333333333,1586.39034,-20.09115062797515,0.0,-19.63400013976608,-0.4571504882090688
57.3,1587.890243,-20.075822055700996,0.0,-19.618671567491926,-0.4571504882090688
57.31666666666667,1589.398504,-19.885682282770947,0.0,-19.428531794561877,-0.4571504882090688
57.333333333333336,1590.915171,-19.097462621093083,0.0,-18.640312132884013,-0.4571504882090688
57.35,1592.44026,-19.564223181350883,0.0,-19.107072693141813,-0.4571504882090688
57.36666666666667,1593.97379,-19.63400013976606,0.0,-19.17684965155699,-0.4571504882090688
57.38333333333333,1595.515777,-19.63400013976606,0.0,-19.17684965155699,-0.4571504882090688
57.4,1597.066231,-19.63400013976606,0.0,-19.17684965155699,-0.4571504882090688
57.416666666666664,1598.625165,-19.185612082367815,0.0,-19.17684965155699,-0.008762430810826205
57.43333333333333,1600.192587,-19.066689032201023,0.0,-19.066689032201023,0.0
57.45,1601.768509,-18.725857078028845,0.0,-18.725857078028845,0.0
57.46666666666667,1603.35293,-18.719699163347922,0.0,-18.719699163347922,0.0
57.483333333333334,1604.94586,-18.719699163347922,0.0,-18.719699163347922,0.0
57.5,1606.547304,-18.719699163347922,0.0,-18.719699163347922,0.0
57.516666666666666,1608.157254,-18.719699163347922,0.0,-18.719699163347922,0.0
57.53333333333333,1609.775714,-18.719699163347922,0.0,-18.719699163347922,0.0
57.55,1611.402693,-18.719699163347922,0.0,-18.719699163347922,0.0
57.56666666666667,1613.038191,-18.719699163347922,0.0,-18.719699163347922,0.0
57.583333333333336,1614.682217,-18.715027226247123,0.0,-18.715027226247123,0.0
57.6,1616.334792,-18.504143345865156,0.0,-18.504143345865156,0.0
57.61666666666667,1617.995949,-17.899297451653485,0.0,-17.899297451653485,0.0
57.63333333333333,1619.66571,-17.554744312930193,0.0,-17.554744312930193,0.0
57.65,1621.344078,-17.542905368730505,0.0,-17.542905368730505,0.0
57.666666666666664,1623.031037,-17.529460835387543,0.0,-17.529460835387543,0.0
57.68333333333333,1624.726582,-17.550034189445647,0.0,-17.550034189445647,0.0
57.7,1626.430511,-17.5762316988793,0.0,-17.5762316988793,0.0
57.71666666666667,1628.14232,-17.316175339575857,0.0,-17.316175339575857,0.0
57.733333333333334,1629.861791,-17.257858379540902,0.0,-17.257858379540902,0.0
57.75,1631.588536,-17.25776999792938,0.0,-17.25776999792938,0.0
57.766666666666666,1633.321634,-16.956882130354504,0.0,-16.956882130354504,0.0
57.78333333333333,1635.060696,-16.95447731119497,0.0,-16.95447731119497,0.0
57.8,1636.805496,-16.91268436726221,0.0,-16.91268436726221,0.0
57.81666666666667,1638.555517,-17.75169364678594,0.0,-17.273842416200697,-0.4778512305852453
57.833333333333336,1640.310546,-17.597699698426993,0.0,-17.050071509426573,-0.5476281890004193
57.85,1642.070586,-17.592583200986805,0.0,-17.044955011986385,-0.5476281890004193
57.86666666666667,1643.835649,-17.592583200986805,0.0,-17.044955011986385,-0.5476281890004193
57.88333333333333,1645.605745,-17.592583200986805,0.0,-17.044955011986385,-0.5476281890004193
57.9,1647.380857,-17.592583200986805,0.0,-17.044955011986385,-0.5476281890004193
57.916666666666664,1649.16094,-17.588232267800024,0.0,-17.040604078799603,-0.5476281890004193
57.93333333333333,1650.945961,-17.532036135931104,0.0,-16.984407946930684,-0.5476281890004193
57.95,1652.735442,-17.469334191386867,0.0,-16.921706002386447,-0.5476281890004193
57.96666666666667,1654.528237,-17.46088897509407,0.0,-16.913260786093648,-0.5476281890004193
57.983333333333334,1656.323836,-17.137392317722327,0.0,-16.589764128721907,-0.5476281890004193
58.0,1658.121354,-17.13543271277775,0.0,-16.58780452377733,-0.5476281890004193
58.016666666666666,1659.918727,-17.613283943363005,0.0,-17.065655754362584,-0.5476281890004193
58.03333333333333,1661.715067,-17.515145918503194,0.0,-16.967517729502774,-0.5476281890004193
58.05,1663.509856,-17.460361048580236,0.0,-16.594676458963782,-0.8656845896164522
58.06666666666667,1665.301939,-17.916576630097378,0.0,-16.587804523777294,-1.3287721063200848
58.083333333333336,1667.090826,-17.986353588512554,0.0,-16.587804523777294,-1.3985490647352603
58.1,1668.876472,-17.986353588512554,0.0,-16.587804523777294,-1.3985490647352603
58.11666666666667,1670.658817,-18.46420481909781,0.0,-17.06565575436255,-1.3985490647352603
58.13333333333333,1672.437831,-18.072388361991955,0.0,-16.673839297256695,-1.3985490647352603
58.15,1674.213511,-17.535356451193685,0.0,-16.136807386458425,-1.3985490647352603
58.166666666666664,1675.985857,-17.529203100303498,0.0,-16.130654035568238,-1.3985490647352603
58.18333333333333,1677.754858,-17.771049450265764,0.0,-16.372500385530504,-1.3985490647352603
58.2,1679.520291,-17.534264425337536,0.0,-16.135715360602276,-1.3985490647352603
58.21666666666667,1681.281637,-17.529203100303498,0.0,-16.130654035568238,-1.3985490647352603
58.233333333333334,1683.038659,-17.529203100303498,0.0,-16.130654035568238,-1.3985490647352603
58.25,1684.790959,-17.529203100303498,0.0,-16.130654035568238,-1.3985490647352603
58.266666666666666,1686.537618,-17.529203100303498,0.0,-16.130654035568238,-1.3985490647352603
58.28333333333333,1688.278235,-17.529203100303498,0.0,-16.130654035568238,-1.3985490647352603
58.3,1690.012575,-17.529203100303498,0.0,-16.130654035568238,-1.3985490647352603
58.31666666666667,1691.740122,-17.529203100303498,0.0,-16.130654035568238,-1.3985490647352603
58.333333333333336,1693.460652,-17.529203100303498,0.0,-16.130654035568238,-1.3985490647352603
58.35,1695.174135,-17.93143457652905,0.0,-16.53288551179379,-1.3985490647352603
58.36666666666667,1696.88053,-17.986353588512554,0.0,-16.587804523777294,-1.3985490647352603
58.38333333333333,1698.579812,-17.536055474262344,0.0,-16.137506409527084,-1.3985490647352603
58.4,1700.271978,-16.76802296647183,0.0,-15.36947390173657,-1.3985490647352603
58.416666666666664,1701.957038,-16.44944399806287,0.0,-15.050894933327607,-1.3985490647352603
58.43333333333333,1703.634987,-16.464772139177846,0.0,-15.066223074442584,-1.3985490647352603
58.45,1705.305819,-16.46802994840018,0.0,-15.069480883664918,-1.3985490647352603
58.46666666666667,1706.96953,-16.494499860410333,0.0,-14.618099565089816,-1.8764002953205172
58.483333333333334,1708.626113,-16.39919922768322,0.0,-14.453021973947527,-1.946177253735693
58.5,1710.275562,-16.65783896575556,0.0,-14.711661712019866,-1.946177253735693
58.516666666666666,1711.917884,-16.308554465404924,0.0,-14.362377211669232,-1.946177253735693
58.53333333333333,1713.553074,-15.828592284426204,0.0,-13.882415030690511,-1.946177253735693
58.55,1715.181125,-15.827361348833804,0.0,-13.881184095098112,-1.946177253735693
58.56666666666667,1716.802041,-15.827361348833804,0.0,-13.881184095098112,-1.946177253735693
58.583333333333336,1718.415813,-15.827361348833804,0.0,-13.881184095098112,-1.946177253735693
58.6,1720.022419,-15.827361348833804,0.0,-13.881184095098112,-1.946177253735693
58.61666666666667,1721.621814,-16.14541774944984,0.0,-14.199240495714147,-1.946177253735693
58.63333333333333,1723.213972,-16.130654035568213,0.0,-14.184476781832519,-1.946177253735693
58.65,1724.798907,-16.608505266153472,0.0,-14.184476781832519,-2.4240284843209547
58.666666666666664,1726.376659,-16.67828222456865,0.0,-14.184476781832519,-2.4938054427361314
58.68333333333333,1727.947254,-16.619610967570896,0.0,-13.647954294249477,-2.9716566733214203
58.7,1729.511063,-16.53224064475281,0.0,-13.490807013016209,-3.0414336317366004
58.71666666666667,1731.068987,-17.182202750637906,0.0,-13.66291788831605,-3.5192848623218573
58.733333333333334,1732.621425,-17.3163881143605,0.0,-13.727326293623465,-3.589061820737033
58.75,1734.169074,-17.657812413395796,0.0,-14.06875059265876,-3.589061820737033
58.766666666666666,1735.713567,-17.26143782650456,0.0,-13.734944702425967,-3.526493124078595
58.78333333333333,1737.255606,-17.013679397399294,0.0,-13.72732629362345,-3.286353103775844
58.8,1738.7956,-17.013095427626077,0.0,-13.72732629362345,-3.2857691340026243
58.81666666666667,1740.334474,-17.013095427626077,0.0,-13.72732629362345,-3.2857691340026243
58.833333333333336,1741.872616,-17.180677532379242,0.0,-13.894908398376616,-3.2857691340026243
58.85,1743.410035,-17.31141264123151,0.0,-14.025643507228885,-3.2857691340026243
58.86666666666667,1744.946724,-17.198533155819796,0.0,-13.912764021817171,-3.2857691340026243
58.88333333333333,1746.482677,-16.861401320134313,0.0,-13.575632186131688,-3.2857691340026243
58.9,1748.017938,-16.56019851754481,0.0,-13.274429383542184,-3.2857691340026243
58.916666666666664,1749.552605,-16.555944939416996,0.0,-13.270175805414373,-3.2857691340026243
58.93333333333333,1751.086749,-16.555944939416996,0.0,-13.270175805414373,-3.2857691340026243
58.95,1752.621232,-16.555944939416996,0.0,-13.270175805414373,-3.2857691340026243
58.96666666666667,1754.158108,-16.555944939416996,0.0,-13.270175805414373,-3.2857691340026243
58.983333333333334,1755.698298,-16.728430359699107,0.0,-13.270175805414373,-3.458254554284734
59.0,1757.243387,-16.46633243479107,0.0,-13.270175805414373,-3.1961566293766985
59.016666666666666,1758.797058,-16.46546723862562,0.0,-13.270175805414373,-3.1952914332112474
59.03333333333333,1760.360904,-16.45665967301003,0.0,-13.261368239798783,-3.1952914332112474
59.05,1761.935854,-15.618878689621093,0.0,-12.423587256409846,-3.1952914332112474
59.06666666666667,1763.523975,-14.259177511197848,0.0,-11.600408565569607,-2.65876894562824
59.083333333333336,1765.12615,-14.209038380432679,0.0,-11.561375136221864,-2.647663244210815
59.1,1766.742468,-14.20975097418765,0.0,-11.562087729976835,-2.647663244210815
59.11666666666667,1768.373046,-13.63655174740611,0.0,-10.988888503195295,-2.647663244210815
59.13333333333333,1770.017948,-13.364048968799557,0.0,-10.716385724588742,-2.647663244210815
59.15,1771.677192,-13.360653506205756,0.0,-10.71299026199494,-2.647663244210815
59.166666666666664,1773.35079,-13.1638461779196,0.0,-10.516182933708786,-2.647663244210815
59.18333333333333,1775.038773,-12.819232239385483,0.0,-10.171568995174669,-2.647663244210815
59.2,1776.741549,-12.495320809836315,0.0,-9.8476575656255,-2.647663244210815
59.21666666666667,1778.46006,-11.908133894633464,0.0,-9.260470650422649,-2.647663244210815
59.233333333333334,1780.194741,-11.362201853204207,0.0,-8.714538608993392,-2.647663244210815
59.25,1781.946315,-11.35109615178678,0.0,-8.703432907575966,-2.647663244210815
59.266666666666666,1783.716437,-11.35109615178678,0.0,-8.703432907575966,-2.647663244210815
59.28333333333333,1785.505834,-11.35109615178678,0.0,-8.703432907575966,-2.647663244210815
59.3,1787.31494,-11.35109615178678,0.0,-8.703432907575966,-2.647663244210815
59.31666666666667,1789.14469,-11.35109615178678,0.0,-8.703432907575966,-2.647663244210815
59.333333333333336,1790.995495,-11.35109615178678,0.0,-8.703432907575966,-2.647663244210815
59.35,1792.867424,-11.35109615178678,0.0,-8.703432907575966,-2.647663244210815
59.36666666666667,1794.760563,-11.35109615178678,0.0,-8.703432907575966,-2.647663244210815
59.38333333333333,1796.67497,-11.35109615178678,0.0,-8.703432907575966,-2.647663244210815
59.4,1798.610665,-10.995220351573918,0.0,-8.347557107363103,-2.647663244210815
59.416666666666664,1800.567648,-10.8036670689095,0.0,-8.156003824698685,-2.647663244210815
59.43333333333333,1802.545942,-10.803467962786312,0.0,-8.155804718575498,-2.647663244210815
59.45,1804.54558,-10.803467962786312,0.0,-8.155804718575498,-2.647663244210815
59.46666666666667,1806.566596,-10.803467962786312,0.0,-8.155804718575498,-2.647663244210815
59.483333333333334,1808.609027,-10.803467962786312,0.0,-8.155804718575498,-2.647663244210815
59.5,1810.672905,-10.803467962786312,0.0,-8.155804718575498,-2.647663244210815
59.516666666666666,1812.758257,-10.266945475203304,0.0,-8.155804718575498,-2.1111407566278073
59.53333333333333,1814.865118,-10.25583977378588,0.0,-8.155804718575498,-2.100035055210382
59.55,1816.993523,-10.12746933217405,0.0,-8.027434276963668,-2.100035055210382
59.56666666666667,1819.143502,-9.716024582360603,0.0,-7.615989527150222,-2.100035055210382
59.583333333333336,1821.315091,-9.708211584785447,0.0,-7.608176529575065,-2.100035055210382
59.6,1823.508345,-9.708211584785447,0.0,-7.608176529575065,-2.100035055210382
59.61666666666667,1825.723338,-9.708211584785447,0.0,-7.608176529575065,-2.100035055210382
59.63333333333333,1827.960128,-9.259823527387217,0.0,-7.608176529575065,-1.6516469978121524
59.65,1830.218731,-9.251061096576391,0.0,-7.608176529575065,-1.6428845670013266
59.666666666666664,1832.499133,-9.728912327161648,-0.4778512305852569,-7.608176529575065,-1.6428845670013266
59.68333333333333,1834.801338,-9.798689285576824,-0.5476281890004325,-7.608176529575065,-1.6428845670013266
59.7,1837.124981,-9.798689285576824,-0.5476281890004325,-7.608176529575065,-1.6428845670013266
59.71666666666667,1839.469137,-9.798689285576824,-0.5476281890004325,-7.608176529575065,-1.6428845670013266
59.733333333333334,1841.83341,-10.200920761802385,-0.5476281890004325,-8.010408005800626,-1.6428845670013266
59.75,1844.217096,-10.255839773785892,-0.5476281890004325,-8.065327017784133,-1.6428845670013266
59.766666666666666,1846.618487,-9.719317286202848,-0.5476281890004325,-7.52880453020109,-1.6428845670013266
59.78333333333333,1849.03687,-9.708211584785424,-0.5476281890004325,-7.517698828783664,-1.6428845670013266
59.8,1851.47184,-9.708211584785424,-0.5476281890004325,-7.517698828783664,-1.6428845670013266
59.81666666666667,1853.922445,-9.708211584785424,-0.5476281890004325,-7.517698828783664,-1.6428845670013266
59.833333333333336,1856.388304,-9.708211584785424,-0.5476281890004325,-7.517698828783664,-1.6428845670013266
59.85,1858.869435,-9.708211584785424,-0.5476281890004325,-7.517698828783664,-1.6428845670013266
59.86666666666667,1861.365879,-9.708211584785424,-0.5476281890004325,-7.517698828783664,-1.6428845670013266
59.88333333333333,1863.877667,-9.708211584785424,-0.5476281890004325,-7.517698828783664,-1.6428845670013266
59.9,1866.404788,-10.026267985401457,-0.8656845896164654,-7.517698828783664,-1.6428845670013266
59.916666666666664,1868.947164,-10.011504271519833,-0.850920875734841,-7.517698828783664,-1.6428845670013266
59.93333333333333,1871.504755,-10.011504271519833,-0.850920875734841,-7.517698828783664,-1.6428845670013266
59.95,1874.076672,-10.011504271519833,-0.850920875734841,-7.517698828783664,-1.6428845670013266
59.96666666666667,1876.660765,-10.487096865960302,-0.850920875734841,-7.515440192638872,-2.1207357975865886
59.983333333333334,1879.256085,-10.505095849758202,-0.850920875734841,-7.463662218021597,-2.1905127560017648
