simulation_time_hrs,base_load_kW,total_demand_kW,HOME,WORK,DESTINATION
12.0,1810.067511,0.0,0.0,0.0,0.0
12.016666666666667,1812.497206,0.0,0.0,0.0,0.0
12.033333333333333,1814.926926,0.0,0.0,0.0,0.0
12.05,1817.356626,0.0,0.0,0.0,0.0
12.066666666666666,1819.786207,0.0,0.0,0.0,0.0
12.083333333333334,1822.215628,0.0,0.0,0.0,0.0
12.1,1824.644884,0.0,0.0,0.0,0.0
12.116666666666667,1827.073971,0.0,0.0,0.0,0.0
12.133333333333333,1829.502886,0.0,0.0,0.0,0.0
12.15,1831.931628,0.0,0.0,0.0,0.0
12.166666666666666,1834.3602,0.0,0.0,0.0,0.0
12.183333333333334,1836.788599,0.0,0.0,0.0,0.0
12.2,1839.216811,0.0,0.0,0.0,0.0
12.216666666666667,1841.644799,0.0,0.0,0.0,0.0
12.233333333333333,1844.072543,0.0,0.0,0.0,0.0
12.25,1846.500016,0.0,0.0,0.0,0.0
12.266666666666667,1848.92715,0.0,0.0,0.0,0.0
12.283333333333333,1851.353919,0.0,0.0,0.0,0.0
12.3,1853.780302,0.0,0.0,0.0,0.0
12.316666666666666,1856.206264,0.0,0.0,0.0,0.0
12.333333333333334,1858.631789,0.0,0.0,0.0,0.0
12.35,1861.056874,0.0,0.0,0.0,0.0
12.366666666666667,1863.481515,0.0,0.0,0.0,0.0
12.383333333333333,1865.90571,0.0,0.0,0.0,0.0
12.4,1868.329462,0.0,0.0,0.0,0.0
12.416666666666666,1870.752768,0.0,0.0,0.0,0.0
12.433333333333334,1873.175631,0.0,0.0,0.0,0.0
12.45,1875.598051,0.0,0.0,0.0,0.0
12.466666666666667,1878.020038,0.0,0.0,0.0,0.0
12.483333333333333,1880.441593,0.0,0.0,0.0,0.0
12.5,1882.862724,0.0,0.0,0.0,0.0
12.516666666666667,1885.283442,0.0,0.0,0.0,0.0
12.533333333333333,1887.703756,0.0,0.0,0.0,0.0
12.55,1890.123667,0.0,0.0,0.0,0.0
12.566666666666666,1892.543184,0.0,0.0,0.0,0.0
12.583333333333334,1894.96231,0.0,0.0,0.0,0.0
12.6,1897.381042,0.0,0.0,0.0,0.0
12.616666666666667,1899.799377,0.0,0.0,0.0,0.0
12.633333333333333,1902.217315,0.0,0.0,0.0,0.0
12.65,1904.634856,0.0,0.0,0.0,0.0
12.666666666666666,1907.052004,0.0,0.0,0.0,0.0
12.683333333333334,1909.468759,0.0,0.0,0.0,0.0
12.7,1911.885154,0.0,0.0,0.0,0.0
12.716666666666667,1914.30126,0.0,0.0,0.0,0.0
12.733333333333333,1916.717112,0.0,0.0,0.0,0.0
12.75,1919.132764,0.0,0.0,0.0,0.0
12.766666666666667,1921.548349,0.0,0.0,0.0,0.0
12.783333333333333,1923.963925,0.0,0.0,0.0,0.0
12.8,1926.379527,0.0,0.0,0.0,0.0
12.816666666666666,1928.795227,0.0,0.0,0.0,0.0
12.833333333333334,1931.211058,0.0,0.0,0.0,0.0
12.85,1933.627023,0.0,0.0,0.0,0.0
12.866666666666667,1936.043118,0.0,0.0,0.0,0.0
12.883333333333333,1938.459348,0.0,0.0,0.0,0.0
12.9,1940.875714,0.0,0.0,0.0,0.0
12.916666666666666,1943.292225,0.0,0.0,0.0,0.0
12.933333333333334,1945.708883,0.0,0.0,0.0,0.0
12.95,1948.125754,0.0,0.0,0.0,0.0
12.966666666666667,1950.542988,0.0,0.0,0.0,0.0
12.983333333333333,1952.960652,0.0,0.0,0.0,0.0
13.0,1955.378862,0.0,0.0,0.0,0.0
13.016666666666667,1957.797887,0.0,0.0,0.0,0.0
13.033333333333333,1960.217843,0.0,0.0,0.0,0.0
13.05,1962.638799,0.0,0.0,0.0,0.0
13.066666666666666,1965.060904,0.0,0.0,0.0,0.0
13.083333333333334,1967.484226,0.0,0.0,0.0,0.0
13.1,1969.908771,0.0,0.0,0.0,0.0
13.116666666666667,1972.334548,0.0,0.0,0.0,0.0
13.133333333333333,1974.761561,0.0,0.0,0.0,0.0
13.15,1977.189814,0.0,0.0,0.0,0.0
13.166666666666666,1979.619306,0.0,0.0,0.0,0.0
13.183333333333334,1982.050042,0.0,0.0,0.0,0.0
13.2,1984.482051,0.0,0.0,0.0,0.0
13.216666666666667,1986.9154,0.0,0.0,0.0,0.0
13.233333333333333,1989.350122,0.0,0.0,0.0,0.0
13.25,1991.786268,0.0,0.0,0.0,0.0
13.266666666666667,1994.223958,0.0,0.0,0.0,0.0
13.283333333333333,1996.663243,0.0,0.0,0.0,0.0
13.3,1999.104157,0.0,0.0,0.0,0.0
13.316666666666666,2001.546767,0.0,0.0,0.0,0.0
13.333333333333334,2003.991103,0.0,0.0,0.0,0.0
13.35,2006.43717,0.0,0.0,0.0,0.0
13.366666666666667,2008.884976,0.0,0.0,0.0,0.0
13.383333333333333,2011.334526,0.0,0.0,0.0,0.0
13.4,2013.785821,0.0,0.0,0.0,0.0
13.416666666666666,2016.238861,0.0,0.0,0.0,0.0
13.433333333333334,2018.69365,0.0,0.0,0.0,0.0
13.45,2021.150185,0.0,0.0,0.0,0.0
13.466666666666667,2023.608466,0.0,0.0,0.0,0.0
13.483333333333333,2026.06849,0.0,0.0,0.0,0.0
13.5,2028.530257,0.0,0.0,0.0,0.0
13.516666666666667,2030.993759,0.0,0.0,0.0,0.0
13.533333333333333,2033.458993,0.0,0.0,0.0,0.0
13.55,2035.925959,0.0,0.0,0.0,0.0
13.566666666666666,2038.394653,0.0,0.0,0.0,0.0
13.583333333333334,2040.865073,0.0,0.0,0.0,0.0
13.6,2043.33723,0.0,0.0,0.0,0.0
13.616666666666667,2045.811138,0.0,0.0,0.0,0.0
13.633333333333333,2048.286807,0.0,0.0,0.0,0.0
13.65,2050.764231,0.0,0.0,0.0,0.0
13.666666666666666,2053.24339,0.0,0.0,0.0,0.0
13.683333333333334,2055.724276,0.0,0.0,0.0,0.0
13.7,2058.206735,0.0,0.0,0.0,0.0
13.716666666666667,2060.690403,0.0,0.0,0.0,0.0
13.733333333333333,2063.175112,0.0,0.0,0.0,0.0
13.75,2065.660583,0.0,0.0,0.0,0.0
13.766666666666667,2068.146149,0.0,0.0,0.0,0.0
13.783333333333333,2070.631524,0.0,0.0,0.0,0.0
13.8,2073.116543,0.0,0.0,0.0,0.0
13.816666666666666,2075.600825,0.0,0.0,0.0,0.0
13.833333333333334,2078.084214,0.0,0.0,0.0,0.0
13.85,2080.566702,0.0,0.0,0.0,0.0
13.866666666666667,2083.048291,0.0,0.0,0.0,0.0
13.883333333333333,2085.528981,0.0,0.0,0.0,0.0
13.9,2088.008752,0.0,0.0,0.0,0.0
13.916666666666666,2090.487561,0.0,0.0,0.0,0.0
13.933333333333334,2092.965379,0.0,0.0,0.0,0.0
13.95,2095.441857,0.0,0.0,0.0,0.0
13.966666666666667,2097.916165,0.0,0.0,0.0,0.0
13.983333333333333,2100.387933,0.0,0.0,0.0,0.0
14.0,2102.856516,0.0,0.0,0.0,0.0
14.016666666666667,2105.320434,0.0,0.0,0.0,0.0
14.033333333333333,2107.779041,0.0,0.0,0.0,0.0
14.05,2110.231961,0.0,0.0,0.0,0.0
14.066666666666666,2112.678358,0.0,0.0,0.0,0.0
14.083333333333334,2115.117876,0.0,0.0,0.0,0.0
14.1,2117.550475,0.0,0.0,0.0,0.0
14.116666666666667,2119.976105,0.0,0.0,0.0,0.0
14.133333333333333,2122.394737,0.0,0.0,0.0,0.0
14.15,2124.806362,0.0,0.0,0.0,0.0
14.166666666666666,2127.210972,0.0,0.0,0.0,0.0
14.183333333333334,2129.608552,0.0,0.0,0.0,0.0
14.2,2131.998934,0.0,0.0,0.0,0.0
14.216666666666667,2134.381732,0.0,0.0,0.0,0.0
14.233333333333333,2136.756767,0.0,0.0,0.0,0.0
14.25,2139.123744,0.0,0.0,0.0,0.0
14.266666666666667,2141.481989,0.0,0.0,0.0,0.0
14.283333333333333,2143.831203,0.0,0.0,0.0,0.0
14.3,2146.171206,0.0,0.0,0.0,0.0
14.316666666666666,2148.501621,0.0,0.0,0.0,0.0
14.333333333333334,2150.822275,0.0,0.0,0.0,0.0
14.35,2153.133142,0.0,0.0,0.0,0.0
14.366666666666667,2155.434183,0.0,0.0,0.0,0.0
14.383333333333333,2157.725374,0.0,0.0,0.0,0.0
14.4,2160.006707,0.0,0.0,0.0,0.0
14.416666666666666,2162.278182,0.0,0.0,0.0,0.0
14.433333333333334,2164.53979,0.0,0.0,0.0,0.0
14.45,2166.791514,0.0,0.0,0.0,0.0
14.466666666666667,2169.033341,0.0,0.0,0.0,0.0
14.483333333333333,2171.265256,0.0,0.0,0.0,0.0
14.5,2173.487243,0.0,0.0,0.0,0.0
14.516666666666667,2175.699287,0.0,0.0,0.0,0.0
14.533333333333333,2177.901375,0.0,0.0,0.0,0.0
14.55,2180.093491,0.0,0.0,0.0,0.0
14.566666666666666,2182.275628,0.0,0.0,0.0,0.0
14.583333333333334,2184.447768,0.0,0.0,0.0,0.0
14.6,2186.609887,0.0,0.0,0.0,0.0
14.616666666666667,2188.76194,0.0,0.0,0.0,0.0
14.633333333333333,2190.903901,0.0,0.0,0.0,0.0
14.65,2193.035775,0.0,0.0,0.0,0.0
14.666666666666666,2195.157595,0.0,0.0,0.0,0.0
14.683333333333334,2197.269379,0.0,0.0,0.0,0.0
14.7,2199.371455,0.0,0.0,0.0,0.0
14.716666666666667,2201.464618,0.0,0.0,0.0,0.0
14.733333333333333,2203.549219,0.0,0.0,0.0,0.0
14.75,2205.625875,0.0,0.0,0.0,0.0
14.766666666666667,2207.696034,0.0,0.0,0.0,0.0
14.783333333333333,2209.760316,0.0,0.0,0.0,0.0
14.8,2211.819082,0.0,0.0,0.0,0.0
14.816666666666666,2213.873148,0.0,0.0,0.0,0.0
14.833333333333334,2215.922857,0.0,0.0,0.0,0.0
14.85,2217.968212,0.0,0.0,0.0,0.0
14.866666666666667,2220.009199,0.0,0.0,0.0,0.0
14.883333333333333,2222.045812,0.0,0.0,0.0,0.0
14.9,2224.078083,0.0,0.0,0.0,0.0
14.916666666666666,2226.106096,0.0,0.0,0.0,0.0
14.933333333333334,2228.12991,0.0,0.0,0.0,0.0
14.95,2230.150296,0.0,0.0,0.0,0.0
14.966666666666667,2232.169095,0.0,0.0,0.0,0.0
14.983333333333333,2234.18713,0.0,0.0,0.0,0.0
15.0,2236.205818,0.0,0.0,0.0,0.0
15.016666666666667,2238.228466,0.0,0.0,0.0,0.0
15.033333333333333,2240.256498,0.0,0.0,0.0,0.0
15.05,2242.290745,0.0,0.0,0.0,0.0
15.066666666666666,2244.333059,0.0,0.0,0.0,0.0
15.083333333333334,2246.384225,0.0,0.0,0.0,0.0
15.1,2248.444318,0.0,0.0,0.0,0.0
15.116666666666667,2250.513436,0.0,0.0,0.0,0.0
15.133333333333333,2252.591629,8.446720000000203,8.446720000000203,0.0,0.0
15.15,2254.678908,9.599999999999996,9.599999999999996,0.0,0.0
15.166666666666666,2256.775276,9.599999999999996,9.599999999999996,0.0,0.0
15.183333333333334,2258.880753,9.599999999999996,9.599999999999996,0.0,0.0
15.2,2260.995701,9.599999999999996,9.599999999999996,0.0,0.0
15.216666666666667,2263.120963,9.599999999999996,9.599999999999996,0.0,0.0
15.233333333333333,2265.256924,9.599999999999996,9.599999999999996,0.0,0.0
15.25,2267.404229,19.634708333333283,19.634708333333283,0.0,0.0
15.266666666666667,2269.564362,21.10000000000004,21.10000000000004,0.0,0.0
15.283333333333333,2271.737974,21.10000000000004,21.10000000000004,0.0,0.0
15.3,2273.925445,21.10000000000004,21.10000000000004,0.0,0.0
15.316666666666666,2276.127611,21.10000000000004,21.10000000000004,0.0,0.0
15.333333333333334,2278.344834,31.13470833333333,31.13470833333333,0.0,0.0
15.35,2280.577165,32.60000000000009,32.60000000000009,0.0,0.0
15.366666666666667,2282.824672,32.60000000000009,32.60000000000009,0.0,0.0
15.383333333333333,2285.087394,41.0467200000003,41.0467200000003,0.0,0.0
15.4,2287.365342,42.200000000000095,42.200000000000095,0.0,0.0
15.416666666666666,2289.658505,50.64672000000029,50.64672000000029,0.0,0.0
15.433333333333334,2291.966891,51.80000000000009,51.80000000000009,0.0,0.0
15.45,2294.290524,51.80000000000009,51.80000000000009,0.0,0.0
15.466666666666667,2296.629437,51.80000000000009,51.80000000000009,0.0,0.0
15.483333333333333,2298.983651,51.80000000000009,51.80000000000009,0.0,0.0
15.5,2301.353195,51.80000000000009,51.80000000000009,0.0,0.0
15.516666666666667,2303.7381,51.80000000000009,51.80000000000009,0.0,0.0
15.533333333333333,2306.138393,51.80000000000009,51.80000000000009,0.0,0.0
15.55,2308.554099,51.80000000000009,51.80000000000009,0.0,0.0
15.566666666666666,2310.985241,51.80000000000009,51.80000000000009,0.0,0.0
15.583333333333334,2313.431847,51.80000000000009,51.80000000000009,0.0,0.0
15.6,2315.893948,51.80000000000009,51.80000000000009,0.0,0.0
15.616666666666667,2318.371595,51.80000000000009,51.80000000000009,0.0,0.0
15.633333333333333,2320.864824,51.80000000000009,51.80000000000009,0.0,0.0
15.65,2323.37364,51.80000000000009,51.80000000000009,0.0,0.0
15.666666666666666,2325.898023,51.80000000000009,51.80000000000009,0.0,0.0
15.683333333333334,2328.437969,51.80000000000009,51.80000000000009,0.0,0.0
15.7,2330.993199,51.80000000000009,51.80000000000009,0.0,0.0
15.716666666666667,2333.563017,51.80000000000009,51.80000000000009,0.0,0.0
15.733333333333333,2336.147122,51.80000000000009,51.80000000000009,0.0,0.0
15.75,2338.744979,51.80000000000009,51.80000000000009,0.0,0.0
15.766666666666667,2341.355314,51.80000000000009,51.80000000000009,0.0,0.0
15.783333333333333,2343.977587,51.80000000000009,51.80000000000009,0.0,0.0
15.8,2346.611491,51.80000000000009,51.80000000000009,0.0,0.0
15.816666666666666,2349.256311,51.80000000000009,51.80000000000009,0.0,0.0
15.833333333333334,2351.911756,51.80000000000009,51.80000000000009,0.0,0.0
15.85,2354.577834,51.80000000000009,51.80000000000009,0.0,0.0
15.866666666666667,2357.25457,51.80000000000009,51.80000000000009,0.0,0.0
15.883333333333333,2359.941983,51.80000000000009,51.80000000000009,0.0,0.0
15.9,2362.640053,51.80000000000009,51.80000000000009,0.0,0.0
15.916666666666666,2365.348721,51.80000000000009,51.80000000000009,0.0,0.0
15.933333333333334,2368.067944,51.80000000000009,51.80000000000009,0.0,0.0
15.95,2370.797044,51.80000000000009,51.80000000000009,0.0,0.0
15.966666666666667,2373.534391,51.80000000000009,51.80000000000009,0.0,0.0
15.983333333333333,2376.279261,51.80000000000009,51.80000000000009,0.0,0.0
16.0,2379.030395,51.80000000000009,51.80000000000009,0.0,0.0
16.016666666666666,2381.784852,51.80000000000009,51.80000000000009,0.0,0.0
16.033333333333335,2384.541369,51.80000000000009,51.80000000000009,0.0,0.0
16.05,2387.29921,51.80000000000009,51.80000000000009,0.0,0.0
16.066666666666666,2390.056733,51.80000000000009,51.80000000000009,0.0,0.0
16.083333333333332,2392.813243,51.80000000000009,51.80000000000009,0.0,0.0
16.1,2395.568682,51.80000000000009,51.80000000000009,0.0,0.0
16.116666666666667,2398.322967,51.80000000000009,51.80000000000009,0.0,0.0
16.133333333333333,2401.076061,51.80000000000009,51.80000000000009,0.0,0.0
16.15,2403.827964,51.80000000000009,51.80000000000009,0.0,0.0
16.166666666666668,2406.578681,51.80000000000009,51.80000000000009,0.0,0.0
16.183333333333334,2409.328204,51.80000000000009,51.80000000000009,0.0,0.0
16.2,2412.076224,51.80000000000009,51.80000000000009,0.0,0.0
16.216666666666665,2414.822019,51.80000000000009,51.80000000000009,0.0,0.0
16.233333333333334,2417.565262,51.80000000000009,51.80000000000009,0.0,0.0
16.25,2420.305402,51.80000000000009,51.80000000000009,0.0,0.0
16.266666666666666,2423.041157,51.80000000000009,51.80000000000009,0.0,0.0
16.283333333333335,2425.771975,51.80000000000009,51.80000000000009,0.0,0.0
16.3,2428.497532,51.80000000000009,51.80000000000009,0.0,0.0
16.316666666666666,2431.217112,51.80000000000009,51.80000000000009,0.0,0.0
16.333333333333332,2433.930411,51.80000000000009,51.80000000000009,0.0,0.0
16.35,2436.637392,51.80000000000009,51.80000000000009,0.0,0.0
16.366666666666667,2439.338005,51.80000000000009,51.80000000000009,0.0,0.0
16.383333333333333,2442.032225,51.80000000000009,51.80000000000009,0.0,0.0
16.4,2444.720053,51.80000000000009,51.80000000000009,0.0,0.0
16.416666666666668,2447.401505,60.18227338205443,60.18227338205443,0.0,0.0
16.433333333333334,2450.076581,60.20628517770838,60.20628517770838,0.0,0.0
16.45,2452.745274,58.877765437004555,58.877765437004555,0.0,0.0
16.466666666666665,2455.407574,54.996679728890406,54.996679728890406,0.0,0.0
16.483333333333334,2458.063469,51.80664562775485,51.80664562775485,0.0,0.0
16.5,2460.712954,51.80000000000009,51.80000000000009,0.0,0.0
16.516666666666666,2463.356025,51.80000000000009,51.80000000000009,0.0,0.0
16.533333333333335,2465.992673,51.80000000000009,51.80000000000009,0.0,0.0
16.55,2468.622891,51.80000000000009,51.80000000000009,0.0,0.0
16.566666666666666,2471.246667,51.80000000000009,51.80000000000009,0.0,0.0
16.583333333333332,2473.863989,51.80000000000009,51.80000000000009,0.0,0.0
16.6,2476.474866,51.80000000000009,51.80000000000009,0.0,0.0
16.616666666666667,2479.079322,51.80000000000009,51.80000000000009,0.0,0.0
16.633333333333333,2481.677362,51.80000000000009,51.80000000000009,0.0,0.0
16.65,2484.268955,51.80000000000009,51.80000000000009,0.0,0.0
16.666666666666668,2486.854036,51.80000000000009,51.80000000000009,0.0,0.0
16.683333333333334,2489.432561,51.80000000000009,51.80000000000009,0.0,0.0
16.7,2492.00412,51.80000000000009,51.80000000000009,0.0,0.0
16.716666666666665,2494.567755,51.80000000000009,51.80000000000009,0.0,0.0
16.733333333333334,2497.123026,51.80000000000009,51.80000000000009,0.0,0.0
16.75,2499.669187,51.80000000000009,51.80000000000009,0.0,0.0
16.766666666666666,2502.204513,51.80000000000009,51.80000000000009,0.0,0.0
16.783333333333335,2504.728248,51.80000000000009,51.80000000000009,0.0,0.0
16.8,2507.239947,59.40897035685657,59.40897035685657,0.0,0.0
16.816666666666666,2509.738621,53.782625249759796,53.782625249759796,0.0,0.0
16.833333333333332,2512.223848,51.80357289978715,51.80357289978715,0.0,0.0
16.85,2514.695597,51.80000000000009,51.80000000000009,0.0,0.0
16.866666666666667,2517.153858,51.80000000000009,51.80000000000009,0.0,0.0
16.883333333333333,2519.598617,51.80000000000009,51.80000000000009,0.0,0.0
16.9,2522.029811,51.80000000000009,51.80000000000009,0.0,0.0
16.916666666666668,2524.447312,51.80000000000009,51.80000000000009,0.0,0.0
16.933333333333334,2526.851029,51.80000000000009,51.80000000000009,0.0,0.0
16.95,2529.240023,51.80000000000009,51.80000000000009,0.0,0.0
16.966666666666665,2531.612093,51.80000000000009,51.80000000000009,0.0,0.0
16.983333333333334,2533.966237,51.80000000000009,51.80000000000009,0.0,0.0
17.0,2536.300757,51.80000000000009,51.80000000000009,0.0,0.0
17.016666666666666,2538.611713,51.80000000000009,51.80000000000009,0.0,0.0
17.033333333333335,2540.897395,51.80000000000009,51.80000000000009,0.0,0.0
17.05,2543.1568,51.80000000000009,51.80000000000009,0.0,0.0
17.066666666666666,2545.387714,51.80000000000009,51.80000000000009,0.0,0.0
17.083333333333332,2547.589185,51.80000000000009,51.80000000000009,0.0,0.0
17.1,2549.761105,51.80000000000009,51.80000000000009,0.0,0.0
17.116666666666667,2551.903337,51.80000000000009,51.80000000000009,0.0,0.0
17.133333333333333,2554.015804,51.80000000000009,51.80000000000009,0.0,0.0
17.15,2556.098473,51.80000000000009,51.80000000000009,0.0,0.0
17.166666666666668,2558.151325,41.33402228080496,41.33402228080496,0.0,0.0
17.183333333333334,2560.174319,40.30123713671989,40.30123713671989,0.0,0.0
17.2,2562.167015,32.1247114901547,32.1247114901547,0.0,0.0
17.216666666666665,2564.128417,30.702258808285833,30.702258808285833,0.0,0.0
17.233333333333334,2566.058063,23.922666860365695,23.922666860365695,0.0,0.0
17.25,2567.955184,19.2103878623469,19.2103878623469,0.0,0.0
17.266666666666666,2569.81804,19.200000000000006,19.200000000000006,0.0,0.0
17.283333333333335,2571.645863,19.200000000000006,19.200000000000006,0.0,0.0
17.3,2573.438196,19.200000000000006,19.200000000000006,0.0,0.0
17.316666666666666,2575.194058,19.200000000000006,19.200000000000006,0.0,0.0
17.333333333333332,2576.913017,27.646720000000222,27.646720000000222,0.0,0.0
17.35,2578.595004,28.80000000000002,28.80000000000002,0.0,0.0
17.366666666666667,2580.239931,28.80000000000002,28.80000000000002,0.0,0.0
17.383333333333333,2581.847743,28.80000000000002,28.80000000000002,0.0,0.0
17.4,2583.418426,28.80000000000002,28.80000000000002,0.0,0.0
17.416666666666668,2584.951985,28.80000000000002,28.80000000000002,0.0,0.0
17.433333333333334,2586.448408,28.80000000000002,28.80000000000002,0.0,0.0
17.45,2587.90767,38.8347083333333,38.8347083333333,0.0,0.0
17.466666666666665,2589.329755,40.30000000000006,40.30000000000006,0.0,0.0
17.483333333333334,2590.714641,40.30000000000006,40.30000000000006,0.0,0.0
17.5,2592.062311,40.30000000000006,40.30000000000006,0.0,0.0
17.516666666666666,2593.372764,40.30000000000006,40.30000000000006,0.0,0.0
17.533333333333335,2594.645985,40.30000000000006,40.30000000000006,0.0,0.0
17.55,2595.881957,40.30000000000006,40.30000000000006,0.0,0.0
17.566666666666666,2597.080674,40.30000000000006,40.30000000000006,0.0,0.0
17.583333333333332,2598.242119,40.30000000000006,40.30000000000006,0.0,0.0
17.6,2599.366254,40.30000000000006,40.30000000000006,0.0,0.0
17.616666666666667,2600.45302,40.30000000000006,40.30000000000006,0.0,0.0
17.633333333333333,2601.502377,40.30000000000006,40.30000000000006,0.0,0.0
17.65,2602.514333,40.30000000000006,40.30000000000006,0.0,0.0
17.666666666666668,2603.488931,40.30000000000006,40.30000000000006,0.0,0.0
17.683333333333334,2604.42619,40.30000000000006,40.30000000000006,0.0,0.0
17.7,2605.32654,40.30000000000006,40.30000000000006,0.0,0.0
17.716666666666665,2606.191025,40.30000000000006,40.30000000000006,0.0,0.0
17.733333333333334,2607.020103,40.30000000000006,40.30000000000006,0.0,0.0
17.75,2607.814578,40.30000000000006,40.30000000000006,0.0,0.0
17.766666666666666,2608.57635,50.334708333333346,50.334708333333346,0.0,0.0
17.783333333333335,2609.306227,60.2467200000003,60.2467200000003,0.0,0.0
17.8,2610.004679,59.10600889264973,59.10600889264973,0.0,0.0
17.816666666666666,2610.672772,51.818183418322576,51.818183418322576,0.0,0.0
17.833333333333332,2611.310953,51.80000000000009,51.80000000000009,0.0,0.0
17.85,2611.919223,51.80000000000009,51.80000000000009,0.0,0.0
17.866666666666667,2612.497563,51.80000000000009,51.80000000000009,0.0,0.0
17.883333333333333,2613.045961,51.80000000000009,51.80000000000009,0.0,0.0
17.9,2613.56446,51.80000000000009,51.80000000000009,0.0,0.0
17.916666666666668,2614.053165,51.80000000000009,51.80000000000009,0.0,0.0
17.933333333333334,2614.512151,51.80000000000009,51.80000000000009,0.0,0.0
17.95,2614.942416,51.80000000000009,51.80000000000009,0.0,0.0
17.966666666666665,2615.346334,51.80000000000009,51.80000000000009,0.0,0.0
17.983333333333334,2615.724967,51.80000000000009,51.80000000000009,0.0,0.0
18.0,2616.080146,60.24672000000029,60.24672000000029,0.0,0.0
18.016666666666666,2616.416136,61.400000000000084,61.400000000000084,0.0,0.0
18.033333333333335,2616.73477,61.400000000000084,61.400000000000084,0.0,0.0
18.05,2617.037111,64.41158333516522,64.41158333516522,0.0,0.0
18.066666666666666,2617.325538,73.16051778338874,73.16051778338874,0.0,0.0
18.083333333333332,2617.601055,74.31379778338854,74.31379778338854,0.0,0.0
18.1,2617.863739,74.31379778338854,74.31379778338854,0.0,0.0
18.116666666666667,2618.113705,74.31379778338854,74.31379778338854,0.0,0.0
18.133333333333333,2618.351002,65.97611951827,65.97611951827,0.0,0.0
18.15,2618.575625,64.71571271422631,64.71571271422631,0.0,0.0
18.166666666666668,2618.787561,64.71379778338854,64.71379778338854,0.0,0.0
18.183333333333334,2618.986822,64.71379778338854,64.71379778338854,0.0,0.0
18.2,2619.173853,64.71379778338854,64.71379778338854,0.0,0.0
18.216666666666665,2619.349717,64.71379778338854,64.71379778338854,0.0,0.0
18.233333333333334,2619.51489,64.71379778338854,64.71379778338854,0.0,0.0
18.25,2619.670179,64.71379778338854,64.71379778338854,0.0,0.0
18.266666666666666,2619.817465,64.71379778338854,64.71379778338854,0.0,0.0
18.283333333333335,2619.957557,64.71379778338854,64.71379778338854,0.0,0.0
18.3,2620.090923,64.71379778338854,64.71379778338854,0.0,0.0
18.316666666666666,2620.218604,64.71379778338854,64.71379778338854,0.0,0.0
18.333333333333332,2620.341042,64.71379778338854,64.71379778338854,0.0,0.0
18.35,2620.458274,67.72538111855387,67.72538111855387,0.0,0.0
18.366666666666667,2620.570362,68.027595566777,68.027595566777,0.0,0.0
18.383333333333333,2620.677331,68.027595566777,68.027595566777,0.0,0.0
18.4,2620.779165,68.027595566777,68.027595566777,0.0,0.0
18.416666666666668,2620.875822,68.027595566777,68.027595566777,0.0,0.0
18.433333333333334,2620.967286,68.027595566777,68.027595566777,0.0,0.0
18.45,2621.053555,68.027595566777,68.027595566777,0.0,0.0
18.466666666666665,2621.134624,68.027595566777,68.027595566777,0.0,0.0
18.483333333333334,2621.210487,68.027595566777,68.027595566777,0.0,0.0
18.5,2621.28114,68.027595566777,68.027595566777,0.0,0.0
18.516666666666666,2621.346567,68.027595566777,68.027595566777,0.0,0.0
18.533333333333335,2621.40676,68.027595566777,68.027595566777,0.0,0.0
18.55,2621.461714,68.027595566777,68.027595566777,0.0,0.0
18.566666666666666,2621.51142,68.027595566777,68.027595566777,0.0,0.0
18.583333333333332,2621.555872,68.027595566777,68.027595566777,0.0,0.0
18.6,2621.595082,68.027595566777,68.027595566777,0.0,0.0
18.616666666666667,2621.629075,68.027595566777,68.027595566777,0.0,0.0
18.633333333333333,2621.657865,68.027595566777,68.027595566777,0.0,0.0
18.65,2621.681431,68.027595566777,68.027595566777,0.0,0.0
18.666666666666668,2621.699734,68.027595566777,68.027595566777,0.0,0.0
18.683333333333334,2621.712744,68.027595566777,68.027595566777,0.0,0.0
18.7,2621.720165,68.027595566777,68.027595566777,0.0,0.0
18.716666666666665,2621.721283,68.027595566777,68.027595566777,0.0,0.0
18.733333333333334,2621.715779,68.027595566777,68.027595566777,0.0,0.0
18.75,2621.703103,76.4743155667772,76.4743155667772,0.0,0.0
18.766666666666666,2621.681971,77.62759556677699,77.62759556677699,0.0,0.0
18.783333333333335,2621.651833,77.62759556677699,77.62759556677699,0.0,0.0
18.8,2621.612364,77.62759556677699,77.62759556677699,0.0,0.0
18.816666666666666,2621.562843,77.62759556677699,77.62759556677699,0.0,0.0
18.833333333333332,2621.50296,76.48474559154668,76.48474559154668,0.0,0.0
18.85,2621.432712,68.04952274956021,68.04952274956021,0.0,0.0
18.866666666666667,2621.352105,68.027595566777,68.027595566777,0.0,0.0
18.883333333333333,2621.26114,68.027595566777,68.027595566777,0.0,0.0
18.9,2621.159784,68.027595566777,68.027595566777,0.0,0.0
18.916666666666668,2621.047963,68.027595566777,68.027595566777,0.0,0.0
18.933333333333334,2620.925625,68.027595566777,68.027595566777,0.0,0.0
18.95,2620.792098,68.027595566777,68.027595566777,0.0,0.0
18.966666666666665,2620.645799,68.027595566777,68.027595566777,0.0,0.0
18.983333333333334,2620.486018,68.027595566777,68.027595566777,0.0,0.0
19.0,2620.311533,76.47431556677721,76.47431556677721,0.0,0.0
19.016666666666666,2620.119498,87.66230390011074,87.66230390011074,0.0,0.0
19.033333333333335,2619.908697,89.12759556677676,89.12759556677676,0.0,0.0
19.05,2619.678417,89.12759556677676,89.12759556677676,0.0,0.0
19.066666666666666,2619.427074,89.12759556677676,89.12759556677676,0.0,0.0
19.083333333333332,2619.154005,89.12759556677676,89.12759556677676,0.0,0.0
19.1,2618.859154,89.12759556677676,89.12759556677676,0.0,0.0
19.116666666666667,2618.54245,89.12759556677676,89.12759556677676,0.0,0.0
19.133333333333333,2618.203863,89.12759556677676,89.12759556677676,0.0,0.0
19.15,2617.843398,97.57431556677696,97.57431556677696,0.0,0.0
19.166666666666668,2617.461067,98.72759556677676,98.72759556677676,0.0,0.0
19.183333333333334,2617.056865,98.72759556677676,98.72759556677676,0.0,0.0
19.2,2616.630496,98.72759556677676,98.72759556677676,0.0,0.0
19.216666666666665,2616.181248,98.72759556677676,98.72759556677676,0.0,0.0
19.233333333333334,2615.708808,98.72759556677676,98.72759556677676,0.0,0.0
19.25,2615.212636,98.72759556677676,98.72759556677676,0.0,0.0
19.266666666666666,2614.691471,98.72759556677676,98.72759556677676,0.0,0.0
19.283333333333335,2614.144777,98.72759556677676,98.72759556677676,0.0,0.0
19.3,2613.572245,98.72759556677676,98.72759556677676,0.0,0.0
19.316666666666666,2612.97318,98.72759556677676,98.72759556677676,0.0,0.0
19.333333333333332,2612.347295,98.72759556677676,98.72759556677676,0.0,0.0
19.35,2611.694571,108.76230390011085,108.76230390011085,0.0,0.0
19.366666666666667,2611.014975,118.67431556677712,118.67431556677712,0.0,0.0
19.383333333333333,2610.308501,119.82759556677692,119.82759556677692,0.0,0.0
19.4,2609.575168,119.82759556677692,119.82759556677692,0.0,0.0
19.416666666666668,2608.815015,119.82759556677692,119.82759556677692,0.0,0.0
19.433333333333334,2608.028059,119.82759556677692,119.82759556677692,0.0,0.0
19.45,2607.214315,119.82759556677692,119.82759556677692,0.0,0.0
19.466666666666665,2606.373789,119.82759556677692,119.82759556677692,0.0,0.0
19.483333333333334,2605.506492,119.82759556677692,119.82759556677692,0.0,0.0
19.5,2604.612438,119.82759556677692,119.82759556677692,0.0,0.0
19.516666666666666,2603.691637,119.82759556677692,119.82759556677692,0.0,0.0
19.533333333333335,2602.744104,113.25317732743412,113.25317732743412,0.0,0.0
19.55,2601.769851,109.85412118450063,109.85412118450063,0.0,0.0
19.566666666666666,2600.768895,108.46367487043327,108.46367487043327,0.0,0.0
19.583333333333332,2599.741248,107.22326018889927,107.22326018889927,0.0,0.0
19.6,2598.686916,103.28758159142944,103.28758159142944,0.0,0.0
19.616666666666667,2597.605888,100.63292399434863,100.63292399434863,0.0,0.0
19.633333333333333,2596.498169,117.52103556677736,117.52103556677736,0.0,0.0
19.65,2595.363791,119.82759556677692,119.82759556677692,0.0,0.0
19.666666666666668,2594.202804,119.82759556677692,119.82759556677692,0.0,0.0
19.683333333333334,2593.015249,119.82759556677692,119.82759556677692,0.0,0.0
19.7,2591.801412,128.27431556677715,128.27431556677715,0.0,0.0
19.716666666666665,2590.561944,129.42759556677694,129.42759556677694,0.0,0.0
19.733333333333334,2589.297149,129.42759556677694,129.42759556677694,0.0,0.0
19.75,2588.007534,129.42759556677694,129.42759556677694,0.0,0.0
19.766666666666666,2586.694267,129.42759556677694,129.42759556677694,0.0,0.0
19.783333333333335,2585.357857,129.42759556677694,129.42759556677694,0.0,0.0
19.8,2583.99861,129.42759556677694,129.42759556677694,0.0,0.0
19.816666666666666,2582.617191,129.42759556677694,129.42759556677694,0.0,0.0
19.833333333333332,2581.213887,139.4623039001116,139.4623039001116,0.0,0.0
19.85,2579.788721,140.92759556677777,140.92759556677777,0.0,0.0
19.866666666666667,2578.341706,140.92759556677777,140.92759556677777,0.0,0.0
19.883333333333333,2576.872854,140.92759556677777,140.92759556677777,0.0,0.0
19.9,2575.382213,140.92759556677777,140.92759556677777,0.0,0.0
19.916666666666668,2573.869866,149.37431556677797,149.37431556677797,0.0,0.0
19.933333333333334,2572.335882,150.52759556677773,150.52759556677773,0.0,0.0
19.95,2570.78088,150.52759556677773,150.52759556677773,0.0,0.0
19.966666666666665,2569.206313,150.52759556677773,150.52759556677773,0.0,0.0
19.983333333333334,2567.612841,150.52759556677773,150.52759556677773,0.0,0.0
20.0,2566.00158,150.52759556677773,150.52759556677773,0.0,0.0
20.016666666666666,2564.375122,150.52759556677773,150.52759556677773,0.0,0.0
20.033333333333335,2562.734584,150.52759556677773,150.52759556677773,0.0,0.0
20.05,2561.080619,150.52759556677773,150.52759556677773,0.0,0.0
20.066666666666666,2559.414676,150.52759556677773,150.52759556677773,0.0,0.0
20.083333333333332,2557.737369,150.52759556677773,150.52759556677773,0.0,0.0
20.1,2556.048757,149.7270827391594,149.7270827391594,0.0,0.0
20.116666666666667,2554.34892,148.34009573912198,148.34009573912198,0.0,0.0
20.133333333333333,2552.637897,147.16604980993765,147.16604980993765,0.0,0.0
20.15,2550.915694,145.16692981120235,145.16692981120235,0.0,0.0
20.166666666666668,2549.182318,140.9370223960339,140.9370223960339,0.0,0.0
20.183333333333334,2547.437787,140.9275955667777,140.9275955667777,0.0,0.0
20.2,2545.682386,140.9275955667777,140.9275955667777,0.0,0.0
20.216666666666665,2543.916786,140.59712978900535,140.59712978900535,0.0,0.0
20.233333333333334,2542.141293,139.22650673459032,139.22650673459032,0.0,0.0
20.25,2540.356415,137.97558533191471,137.97558533191471,0.0,0.0
20.266666666666666,2538.563331,136.9220528285831,136.9220528285831,0.0,0.0
20.283333333333335,2536.762549,136.03554816633516,136.03554816633516,0.0,0.0
20.3,2534.954369,132.60321311066122,132.60321311066122,0.0,0.0
20.316666666666666,2533.139445,131.3298786308879,131.3298786308879,0.0,0.0
20.333333333333332,2531.318056,131.32759556677775,131.32759556677775,0.0,0.0
20.35,2529.490235,131.32759556677775,131.32759556677775,0.0,0.0
20.366666666666667,2527.656024,131.32759556677775,131.32759556677775,0.0,0.0
20.383333333333333,2525.815446,131.32759556677775,131.32759556677775,0.0,0.0
20.4,2523.968497,141.3623039001124,141.3623039001124,0.0,0.0
20.416666666666668,2522.115159,142.82759556677854,142.82759556677854,0.0,0.0
20.433333333333334,2520.255427,142.82759556677854,142.82759556677854,0.0,0.0
20.45,2518.389313,142.82759556677854,142.82759556677854,0.0,0.0
20.466666666666665,2516.516838,137.14236380080794,137.14236380080794,0.0,0.0
20.483333333333334,2514.638011,133.23595802090756,133.23595802090756,0.0,0.0
20.5,2512.752849,133.22759556677855,133.22759556677855,0.0,0.0
20.516666666666666,2510.861375,133.22759556677855,133.22759556677855,0.0,0.0
20.533333333333335,2508.963605,133.22759556677855,133.22759556677855,0.0,0.0
20.55,2507.059551,133.22759556677855,133.22759556677855,0.0,0.0
20.566666666666666,2505.149223,133.22759556677855,133.22759556677855,0.0,0.0
20.583333333333332,2503.232633,133.22759556677855,133.22759556677855,0.0,0.0
20.6,2501.309806,133.22759556677855,133.22759556677855,0.0,0.0
20.616666666666667,2499.380788,133.22759556677855,133.22759556677855,0.0,0.0
20.633333333333333,2497.445605,133.22759556677855,133.22759556677855,0.0,0.0
20.65,2495.504236,133.22759556677855,133.22759556677855,0.0,0.0
20.666666666666668,2493.556623,133.22759556677855,133.22759556677855,0.0,0.0
20.683333333333334,2491.602729,133.22759556677855,133.22759556677855,0.0,0.0
20.7,2489.642091,133.22759556677855,133.22759556677855,0.0,0.0
20.716666666666665,2487.673601,133.22759556677855,133.22759556677855,0.0,0.0
20.733333333333334,2485.69677,133.22759556677855,133.22759556677855,0.0,0.0
20.75,2483.710743,133.22759556677855,133.22759556677855,0.0,0.0
20.766666666666666,2481.713518,131.37830768834488,131.37830768834488,0.0,0.0
20.783333333333335,2479.704241,129.9165230684399,129.9165230684399,0.0,0.0
20.8,2477.682421,129.9137977833901,129.9137977833901,0.0,0.0
20.816666666666666,2475.646933,129.9137977833901,129.9137977833901,0.0,0.0
20.833333333333332,2473.597314,129.9137977833901,129.9137977833901,0.0,0.0
20.85,2471.533567,129.9137977833901,129.9137977833901,0.0,0.0
20.866666666666667,2469.455721,126.72774653003682,126.72774653003682,0.0,0.0
20.883333333333333,2467.363793,110.81150370678773,110.81150370678773,0.0,0.0
20.9,2465.257746,106.69255950579796,106.69255950579796,0.0,0.0
20.916666666666668,2463.137473,99.23251919033044,99.23251919033044,0.0,0.0
20.933333333333334,2461.002906,93.99151101752291,93.99151101752291,0.0,0.0
20.95,2458.852985,89.62341690599919,89.62341690599919,0.0,0.0
20.966666666666665,2456.685183,99.64850611672404,99.64850611672404,0.0,0.0
20.983333333333334,2454.498378,101.11379778339008,101.11379778339008,0.0,0.0
21.0,2452.290633,101.11379778339008,101.11379778339008,0.0,0.0
21.016666666666666,2450.057403,101.11379778339008,101.11379778339008,0.0,0.0
21.033333333333335,2447.796755,101.11379778339008,101.11379778339008,0.0,0.0
21.05,2445.507586,101.11379778339008,101.11379778339008,0.0,0.0
21.066666666666666,2443.18738,101.11379778339008,101.11379778339008,0.0,0.0
21.083333333333332,2440.835103,101.11379778339008,101.11379778339008,0.0,0.0
21.1,2438.45071,101.11379778339008,101.11379778339008,0.0,0.0
21.116666666666667,2436.034119,101.11379778339008,101.11379778339008,0.0,0.0
21.133333333333333,2433.585322,111.14850611672473,111.14850611672473,0.0,0.0
21.15,2431.104365,112.6137977833909,112.6137977833909,0.0,0.0
21.166666666666668,2428.591301,112.6137977833909,112.6137977833909,0.0,0.0
21.183333333333334,2426.046163,112.6137977833909,112.6137977833909,0.0,0.0
21.2,2423.468508,121.06051778339112,121.06051778339112,0.0,0.0
21.216666666666665,2420.857223,122.21379778339092,122.21379778339092,0.0,0.0
21.233333333333334,2418.211839,122.21379778339092,122.21379778339092,0.0,0.0
21.25,2415.531522,122.21379778339092,122.21379778339092,0.0,0.0
21.266666666666666,2412.814272,122.21379778339092,122.21379778339092,0.0,0.0
21.283333333333335,2410.059261,122.21379778339092,122.21379778339092,0.0,0.0
21.3,2407.266037,122.21379778339092,122.21379778339092,0.0,0.0
21.316666666666666,2404.433523,122.21379778339092,122.21379778339092,0.0,0.0
21.333333333333332,2401.561296,122.21379778339092,122.21379778339092,0.0,0.0
21.35,2398.649382,122.21379778339092,122.21379778339092,0.0,0.0
21.366666666666667,2395.697777,122.21379778339092,122.21379778339092,0.0,0.0
21.383333333333333,2392.706521,122.21379778339092,122.21379778339092,0.0,0.0
21.4,2389.675701,122.21379778339092,122.21379778339092,0.0,0.0
21.416666666666668,2386.605423,122.21379778339092,122.21379778339092,0.0,0.0
21.433333333333334,2383.495775,122.21379778339092,122.21379778339092,0.0,0.0
21.45,2380.346819,122.21379778339092,122.21379778339092,0.0,0.0
21.466666666666665,2377.158605,122.21379778339092,122.21379778339092,0.0,0.0
21.483333333333334,2373.931193,122.21379778339092,122.21379778339092,0.0,0.0
21.5,2370.664644,122.21379778339092,122.21379778339092,0.0,0.0
21.516666666666666,2367.358999,122.21379778339092,122.21379778339092,0.0,0.0
21.533333333333335,2364.014317,122.21379778339092,122.21379778339092,0.0,0.0
21.55,2360.630669,122.21379778339092,122.21379778339092,0.0,0.0
21.566666666666666,2357.208117,122.21379778339092,122.21379778339092,0.0,0.0
21.583333333333332,2353.74673,116.99053564375579,116.99053564375579,0.0,0.0
21.6,2350.246565,112.62341428806626,112.62341428806626,0.0,0.0
21.616666666666667,2346.70765,112.61379778339092,112.61379778339092,0.0,0.0
21.633333333333333,2343.130042,112.61379778339092,112.61379778339092,0.0,0.0
21.65,2339.513855,112.61379778339092,112.61379778339092,0.0,0.0
21.666666666666668,2335.85925,112.61379778339092,112.61379778339092,0.0,0.0
21.683333333333334,2332.166359,112.61379778339092,112.61379778339092,0.0,0.0
21.7,2328.435837,112.61379778339092,112.61379778339092,0.0,0.0
21.716666666666665,2324.66911,112.61379778339092,112.61379778339092,0.0,0.0
21.733333333333334,2320.866867,112.61379778339092,112.61379778339092,0.0,0.0
21.75,2317.030228,112.61379778339092,112.61379778339092,0.0,0.0
21.766666666666666,2313.161709,112.61379778339092,112.61379778339092,0.0,0.0
21.783333333333335,2309.262425,112.61379778339092,112.61379778339092,0.0,0.0
21.8,2305.333065,112.61379778339092,112.61379778339092,0.0,0.0
21.816666666666666,2301.375071,112.61379778339092,112.61379778339092,0.0,0.0
21.833333333333332,2297.389091,112.61379778339092,112.61379778339092,0.0,0.0
21.85,2293.375206,112.61379778339092,112.61379778339092,0.0,0.0
21.866666666666667,2289.333468,112.61379778339092,112.61379778339092,0.0,0.0
21.883333333333333,2285.263939,112.61379778339092,112.61379778339092,0.0,0.0
21.9,2281.166753,109.23493177120274,109.23493177120274,0.0,0.0
21.916666666666668,2277.042125,103.02864571292601,103.02864571292601,0.0,0.0
21.933333333333334,2272.890229,103.01379778339091,103.01379778339091,0.0,0.0
21.95,2268.712443,103.01379778339091,103.01379778339091,0.0,0.0
21.966666666666665,2264.511937,103.01379778339091,103.01379778339091,0.0,0.0
21.983333333333334,2260.290159,103.01379778339091,103.01379778339091,0.0,0.0
22.0,2256.049557,103.01379778339091,103.01379778339091,0.0,0.0
22.016666666666666,2251.795755,113.04850611672491,113.04850611672491,0.0,0.0
22.033333333333335,2247.531178,114.51379778339096,114.51379778339096,0.0,0.0
22.05,2243.257251,114.51379778339096,114.51379778339096,0.0,0.0
22.066666666666666,2238.977107,114.51379778339096,114.51379778339096,0.0,0.0
22.083333333333332,2234.692078,114.51379778339096,114.51379778339096,0.0,0.0
22.1,2230.402279,114.51379778339096,114.51379778339096,0.0,0.0
22.116666666666667,2226.107883,107.67526397919781,107.67526397919781,0.0,0.0
22.133333333333333,2221.808963,104.91916179606129,104.91916179606129,0.0,0.0
22.15,2217.50553,104.91379778339095,104.91379778339095,0.0,0.0
22.166666666666668,2213.197585,104.91379778339095,104.91379778339095,0.0,0.0
22.183333333333334,2208.885156,104.91379778339095,104.91379778339095,0.0,0.0
22.2,2204.568841,104.91379778339095,104.91379778339095,0.0,0.0
22.216666666666665,2200.250043,104.91379778339095,104.91379778339095,0.0,0.0
22.233333333333334,2195.929391,104.91379778339095,104.91379778339095,0.0,0.0
22.25,2191.607949,104.91379778339095,104.91379778339095,0.0,0.0
22.266666666666666,2187.288184,104.91379778339095,104.91379778339095,0.0,0.0
22.283333333333335,2182.971149,104.91379778339095,104.91379778339095,0.0,0.0
22.3,2178.65745,104.91379778339095,104.91379778339095,0.0,0.0
22.316666666666666,2174.348443,104.91379778339095,104.91379778339095,0.0,0.0
22.333333333333332,2170.044691,104.91379778339095,104.91379778339095,0.0,0.0
22.35,2165.746231,104.91379778339095,104.91379778339095,0.0,0.0
22.366666666666667,2161.453128,104.91379778339095,104.91379778339095,0.0,0.0
22.383333333333333,2157.1654,104.91379778339095,104.91379778339095,0.0,0.0
22.4,2152.88301,104.91379778339095,104.91379778339095,0.0,0.0
22.416666666666668,2148.605895,104.91379778339095,104.91379778339095,0.0,0.0
22.433333333333334,2144.334016,104.91379778339095,104.91379778339095,0.0,0.0
22.45,2140.067364,104.91379778339095,104.91379778339095,0.0,0.0
22.466666666666665,2135.805929,104.91379778339095,104.91379778339095,0.0,0.0
22.483333333333334,2131.549698,104.91379778339095,104.91379778339095,0.0,0.0
22.5,2127.29866,104.91379778339095,104.91379778339095,0.0,0.0
22.516666666666666,2123.052801,104.91379778339095,104.91379778339095,0.0,0.0
22.533333333333335,2118.812105,104.91379778339095,104.91379778339095,0.0,0.0
22.55,2114.57656,105.4888098918664,105.4888098918664,0.0,0.0
22.566666666666666,2110.346153,97.19492332254217,97.19492332254217,0.0,0.0
22.583333333333332,2106.120871,93.42161022777125,93.42161022777125,0.0,0.0
22.6,2101.900697,103.44850611672517,103.44850611672517,0.0,0.0
22.616666666666667,2097.685613,104.91379778339123,104.91379778339123,0.0,0.0
22.633333333333333,2093.475599,104.91379778339123,104.91379778339123,0.0,0.0
22.65,2089.270647,104.91379778339123,104.91379778339123,0.0,0.0
22.666666666666668,2085.070747,104.91379778339123,104.91379778339123,0.0,0.0
22.683333333333334,2080.875893,104.91379778339123,104.91379778339123,0.0,0.0
22.7,2076.686129,113.36051778339144,113.36051778339144,0.0,0.0
22.716666666666665,2072.501589,114.51379778339124,114.51379778339124,0.0,0.0
22.733333333333334,2068.322322,107.43933752429554,107.43933752429554,0.0,0.0
22.75,2064.148428,103.02337337583536,103.02337337583536,0.0,0.0
22.766666666666666,2059.980159,102.0922963598327,102.0922963598327,0.0,0.0
22.783333333333335,2055.817612,99.70479788794431,99.70479788794431,0.0,0.0
22.8,2051.660838,99.70000000000275,99.70000000000275,0.0,0.0
22.816666666666666,2047.509975,99.70000000000275,99.70000000000275,0.0,0.0
22.833333333333332,2043.365065,99.70000000000275,99.70000000000275,0.0,0.0
22.85,2039.226097,99.70000000000275,99.70000000000275,0.0,0.0
22.866666666666667,2035.093049,99.70000000000275,99.70000000000275,0.0,0.0
22.883333333333333,2030.965905,99.70000000000275,99.70000000000275,0.0,0.0
22.9,2026.844656,99.70000000000275,99.70000000000275,0.0,0.0
22.916666666666668,2022.729303,99.70000000000275,99.70000000000275,0.0,0.0
22.933333333333334,2018.619843,99.70000000000275,99.70000000000275,0.0,0.0
22.95,2014.516417,99.70000000000275,99.70000000000275,0.0,0.0
22.966666666666665,2010.419388,99.70000000000275,99.70000000000275,0.0,0.0
22.983333333333334,2006.328904,99.70000000000275,99.70000000000275,0.0,0.0
23.0,2002.245238,99.70000000000275,99.70000000000275,0.0,0.0
23.016666666666666,1998.169048,99.70000000000275,99.70000000000275,0.0,0.0
23.033333333333335,1994.100603,99.70000000000275,99.70000000000275,0.0,0.0
23.05,1990.040049,99.70000000000275,99.70000000000275,0.0,0.0
23.066666666666666,1985.987741,99.70000000000275,99.70000000000275,0.0,0.0
23.083333333333332,1981.943814,99.70000000000275,99.70000000000275,0.0,0.0
23.1,1977.908256,99.70000000000275,99.70000000000275,0.0,0.0
23.116666666666667,1973.881062,99.70000000000275,99.70000000000275,0.0,0.0
23.133333333333333,1969.862215,99.70000000000275,99.70000000000275,0.0,0.0
23.15,1965.851689,99.70000000000275,99.70000000000275,0.0,0.0
23.166666666666668,1961.849457,99.70000000000275,99.70000000000275,0.0,0.0
23.183333333333334,1957.855493,99.70000000000275,99.70000000000275,0.0,0.0
23.2,1953.869835,108.14672000000296,108.14672000000296,0.0,0.0
23.216666666666665,1949.892599,109.30000000000275,109.30000000000275,0.0,0.0
23.233333333333334,1945.923826,109.30000000000275,109.30000000000275,0.0,0.0
23.25,1941.963598,109.30000000000275,109.30000000000275,0.0,0.0
23.266666666666666,1938.012144,109.30000000000275,109.30000000000275,0.0,0.0
23.283333333333335,1934.069545,109.30000000000275,109.30000000000275,0.0,0.0
23.3,1930.13584,109.30000000000275,109.30000000000275,0.0,0.0
23.316666666666666,1926.211138,109.30000000000275,109.30000000000275,0.0,0.0
23.333333333333332,1922.295473,109.30000000000275,109.30000000000275,0.0,0.0
23.35,1918.388823,109.30000000000275,109.30000000000275,0.0,0.0
23.366666666666667,1914.491169,109.30000000000275,109.30000000000275,0.0,0.0
23.383333333333333,1910.602488,109.30000000000275,109.30000000000275,0.0,0.0
23.4,1906.722751,109.30000000000275,109.30000000000275,0.0,0.0
23.416666666666668,1902.851923,109.30000000000275,109.30000000000275,0.0,0.0
23.433333333333334,1898.989974,109.30000000000275,109.30000000000275,0.0,0.0
23.45,1895.13687,109.30000000000275,109.30000000000275,0.0,0.0
23.466666666666665,1891.29256,109.30000000000275,109.30000000000275,0.0,0.0
23.483333333333334,1887.457008,109.30000000000275,109.30000000000275,0.0,0.0
23.5,1883.63017,109.30000000000275,109.30000000000275,0.0,0.0
23.516666666666666,1879.811977,109.30000000000275,109.30000000000275,0.0,0.0
23.533333333333335,1876.002388,109.30000000000275,109.30000000000275,0.0,0.0
23.55,1872.201365,109.30000000000275,109.30000000000275,0.0,0.0
23.566666666666666,1868.40886,109.30000000000275,109.30000000000275,0.0,0.0
23.583333333333332,1864.624839,109.30000000000275,109.30000000000275,0.0,0.0
23.6,1860.849269,109.30000000000275,109.30000000000275,0.0,0.0
23.616666666666667,1857.082108,109.30000000000275,109.30000000000275,0.0,0.0
23.633333333333333,1853.323323,109.30000000000275,109.30000000000275,0.0,0.0
23.65,1849.572897,104.68260591557615,104.68260591557615,0.0,0.0
23.666666666666668,1845.83083,97.81673742745674,97.81673742745674,0.0,0.0
23.683333333333334,1842.09711,97.38335898857838,97.38335898857838,0.0,0.0
23.7,1838.371879,95.99071483967668,95.99071483967668,0.0,0.0
23.716666666666665,1834.655507,93.43848877626039,93.43848877626039,0.0,0.0
23.733333333333334,1830.948143,88.21209096986111,88.21209096986111,0.0,0.0
23.75,1827.250068,91.21158333516726,91.21158333516726,0.0,0.0
23.766666666666666,1823.561968,91.51379778339039,91.51379778339039,0.0,0.0
23.783333333333335,1819.884121,91.51379778339039,91.51379778339039,0.0,0.0
23.8,1816.216676,91.51379778339039,91.51379778339039,0.0,0.0
23.816666666666666,1812.560005,91.51379778339039,91.51379778339039,0.0,0.0
23.833333333333332,1808.914246,91.51379778339039,91.51379778339039,0.0,0.0
23.85,1805.279371,91.51379778339039,91.51379778339039,0.0,0.0
23.866666666666667,1801.655338,91.51379778339039,91.51379778339039,0.0,0.0
23.883333333333333,1798.042114,91.51379778339039,91.51379778339039,0.0,0.0
23.9,1794.439684,91.51379778339039,91.51379778339039,0.0,0.0
23.916666666666668,1790.848063,99.9605177833906,99.9605177833906,0.0,0.0
23.933333333333334,1787.267249,101.1137977833904,101.1137977833904,0.0,0.0
23.95,1783.69761,101.1137977833904,101.1137977833904,0.0,0.0
23.966666666666665,1780.140066,101.1137977833904,101.1137977833904,0.0,0.0
23.983333333333334,1776.595003,101.1137977833904,101.1137977833904,0.0,0.0
24.0,1773.063121,101.1137977833904,101.1137977833904,0.0,0.0
24.016666666666666,1769.546088,101.1137977833904,101.1137977833904,0.0,0.0
24.033333333333335,1766.044593,101.1137977833904,101.1137977833904,0.0,0.0
24.05,1762.559016,101.1137977833904,101.1137977833904,0.0,0.0
24.066666666666666,1759.090264,101.1137977833904,101.1137977833904,0.0,0.0
24.083333333333332,1755.638688,101.1137977833904,101.1137977833904,0.0,0.0
24.1,1752.204267,101.1137977833904,101.1137977833904,0.0,0.0
24.116666666666667,1748.786997,101.1137977833904,101.1137977833904,0.0,0.0
24.133333333333333,1745.386846,101.1137977833904,101.1137977833904,0.0,0.0
24.15,1742.003761,101.1137977833904,101.1137977833904,0.0,0.0
24.166666666666668,1738.637687,101.1137977833904,101.1137977833904,0.0,0.0
24.183333333333334,1735.288577,101.1137977833904,101.1137977833904,0.0,0.0
24.2,1731.95656,95.86745976224121,95.86745976224121,0.0,0.0
24.216666666666665,1728.642012,89.62860643992879,89.62860643992879,0.0,0.0
24.233333333333334,1725.345074,89.61379778339023,89.61379778339023,0.0,0.0
24.25,1722.066016,89.61379778339023,89.61379778339023,0.0,0.0
24.266666666666666,1718.805545,89.61379778339023,89.61379778339023,0.0,0.0
24.283333333333335,1715.563929,89.61379778339023,89.61379778339023,0.0,0.0
24.3,1712.341302,89.61379778339023,89.61379778339023,0.0,0.0
24.316666666666666,1709.138025,85.44711669239766,85.44711669239766,0.0,0.0
24.333333333333332,1705.954221,80.02634277587617,80.02634277587617,0.0,0.0
24.35,1702.789845,80.01379778339022,80.01379778339022,0.0,0.0
24.366666666666667,1699.644867,80.01379778339022,80.01379778339022,0.0,0.0
24.383333333333333,1696.519238,80.01379778339022,80.01379778339022,0.0,0.0
24.4,1693.412896,80.01379778339022,80.01379778339022,0.0,0.0
24.416666666666668,1690.32577,80.01379778339022,80.01379778339022,0.0,0.0
24.433333333333334,1687.257798,80.01379778339022,80.01379778339022,0.0,0.0
24.45,1684.208926,80.01379778339022,80.01379778339022,0.0,0.0
24.466666666666665,1681.179105,80.01379778339022,80.01379778339022,0.0,0.0
24.483333333333334,1678.168282,80.01379778339022,80.01379778339022,0.0,0.0
24.5,1675.176407,80.01379778339022,80.01379778339022,0.0,0.0
24.516666666666666,1672.203431,80.01379778339022,80.01379778339022,0.0,0.0
24.533333333333335,1669.249303,80.01379778339022,80.01379778339022,0.0,0.0
24.55,1666.313973,80.01379778339022,80.01379778339022,0.0,0.0
24.566666666666666,1663.397391,80.01379778339022,80.01379778339022,0.0,0.0
24.583333333333332,1660.499508,80.01379778339022,80.01379778339022,0.0,0.0
24.6,1657.620266,80.01379778339022,80.01379778339022,0.0,0.0
24.616666666666667,1654.759608,80.01379778339022,80.01379778339022,0.0,0.0
24.633333333333333,1651.917479,80.01379778339022,80.01379778339022,0.0,0.0
24.65,1649.093831,80.01379778339022,80.01379778339022,0.0,0.0
24.666666666666668,1646.288625,80.01379778339022,80.01379778339022,0.0,0.0
24.683333333333334,1643.501818,80.01379778339022,80.01379778339022,0.0,0.0
24.7,1640.733442,80.01379778339022,80.01379778339022,0.0,0.0
24.716666666666665,1637.983649,80.01379778339022,80.01379778339022,0.0,0.0
24.733333333333334,1635.252477,80.01379778339022,80.01379778339022,0.0,0.0
24.75,1632.540031,80.01379778339022,80.01379778339022,0.0,0.0
24.766666666666666,1629.846624,80.01379778339022,80.01379778339022,0.0,0.0
24.783333333333335,1627.172359,80.01379778339022,80.01379778339022,0.0,0.0
24.8,1624.517277,80.01379778339022,80.01379778339022,0.0,0.0
24.816666666666666,1621.881531,80.01379778339022,80.01379778339022,0.0,0.0
24.833333333333332,1619.265158,80.01379778339022,80.01379778339022,0.0,0.0
24.85,1616.668108,80.01379778339022,80.01379778339022,0.0,0.0
24.866666666666667,1614.09033,80.01379778339022,80.01379778339022,0.0,0.0
24.883333333333333,1611.531772,77.45965450836286,77.45965450836286,0.0,0.0
24.9,1608.992395,76.70130658344732,76.70130658344732,0.0,0.0
24.916666666666668,1606.47217,76.70000000000176,76.70000000000176,0.0,0.0
24.933333333333334,1603.971067,76.70000000000176,76.70000000000176,0.0,0.0
24.95,1601.489229,76.70000000000176,76.70000000000176,0.0,0.0
24.966666666666665,1599.027073,76.70000000000176,76.70000000000176,0.0,0.0
24.983333333333334,1596.584754,76.70000000000176,76.70000000000176,0.0,0.0
25.0,1594.162582,76.70000000000176,76.70000000000176,0.0,0.0
25.016666666666666,1591.761335,76.70000000000176,76.70000000000176,0.0,0.0
25.033333333333335,1589.381319,67.10454365799298,67.10454365799298,0.0,0.0
25.05,1587.022689,65.2031162203927,65.2031162203927,0.0,0.0
25.066666666666666,1584.685857,65.20000000000095,65.20000000000095,0.0,0.0
25.083333333333332,1582.370962,56.17743984406962,56.17743984406962,0.0,0.0
25.1,1580.077969,53.70446817059232,53.70446817059232,0.0,0.0
25.116666666666667,1577.806847,53.70000000000014,53.70000000000014,0.0,0.0
25.133333333333333,1575.557552,53.70000000000014,53.70000000000014,0.0,0.0
25.15,1573.330032,47.487918272283736,47.487918272283736,0.0,0.0
25.166666666666668,1571.124234,44.10696385465989,44.10696385465989,0.0,0.0
25.183333333333334,1568.940109,44.10000000000013,44.10000000000013,0.0,0.0
25.2,1566.777696,44.10000000000013,44.10000000000013,0.0,0.0
25.216666666666665,1564.637158,44.10000000000013,44.10000000000013,0.0,0.0
25.233333333333334,1562.51854,44.10000000000013,44.10000000000013,0.0,0.0
25.25,1560.421954,36.649319546563405,36.649319546563405,0.0,0.0
25.266666666666666,1558.347727,34.50388422544574,34.50388422544574,0.0,0.0
25.283333333333335,1556.295974,34.500000000000135,34.500000000000135,0.0,0.0
25.3,1554.266737,34.500000000000135,34.500000000000135,0.0,0.0
25.316666666666666,1552.260177,34.500000000000135,34.500000000000135,0.0,0.0
25.333333333333332,1550.276332,34.500000000000135,34.500000000000135,0.0,0.0
25.35,1548.315163,34.500000000000135,34.500000000000135,0.0,0.0
25.366666666666667,1546.376632,34.500000000000135,34.500000000000135,0.0,0.0
25.383333333333333,1544.460699,34.500000000000135,34.500000000000135,0.0,0.0
25.4,1542.56731,34.500000000000135,34.500000000000135,0.0,0.0
25.416666666666668,1540.696411,34.500000000000135,34.500000000000135,0.0,0.0
25.433333333333334,1538.847955,34.500000000000135,34.500000000000135,0.0,0.0
25.45,1537.021895,34.500000000000135,34.500000000000135,0.0,0.0
25.466666666666665,1535.218191,34.500000000000135,34.500000000000135,0.0,0.0
25.483333333333334,1533.4368,34.500000000000135,34.500000000000135,0.0,0.0
25.5,1531.67768,34.500000000000135,34.500000000000135,0.0,0.0
25.516666666666666,1529.940795,34.500000000000135,34.500000000000135,0.0,0.0
25.533333333333335,1528.226105,34.500000000000135,34.500000000000135,0.0,0.0
25.55,1526.533569,34.500000000000135,34.500000000000135,0.0,0.0
25.566666666666666,1524.863144,34.500000000000135,34.500000000000135,0.0,0.0
25.583333333333332,1523.214792,34.500000000000135,34.500000000000135,0.0,0.0
25.6,1521.588481,34.500000000000135,34.500000000000135,0.0,0.0
25.616666666666667,1519.9842,34.500000000000135,34.500000000000135,0.0,0.0
25.633333333333333,1518.40192,34.500000000000135,34.500000000000135,0.0,0.0
25.65,1516.841583,34.500000000000135,34.500000000000135,0.0,0.0
25.666666666666668,1515.303112,34.500000000000135,34.500000000000135,0.0,0.0
25.683333333333334,1513.78644,34.500000000000135,34.500000000000135,0.0,0.0
25.7,1512.291229,34.500000000000135,34.500000000000135,0.0,0.0
25.716666666666665,1510.816733,34.500000000000135,34.500000000000135,0.0,0.0
25.733333333333334,1509.362596,34.500000000000135,34.500000000000135,0.0,0.0
25.75,1507.928235,34.500000000000135,34.500000000000135,0.0,0.0
25.766666666666666,1506.512328,34.500000000000135,34.500000000000135,0.0,0.0
25.783333333333335,1505.114297,34.500000000000135,34.500000000000135,0.0,0.0
25.8,1503.733786,34.500000000000135,34.500000000000135,0.0,0.0
25.816666666666666,1502.370042,34.500000000000135,34.500000000000135,0.0,0.0
25.833333333333332,1501.022731,34.500000000000135,34.500000000000135,0.0,0.0
25.85,1499.691822,34.500000000000135,34.500000000000135,0.0,0.0
25.866666666666667,1498.377296,34.500000000000135,34.500000000000135,0.0,0.0
25.883333333333333,1497.07913,34.500000000000135,34.500000000000135,0.0,0.0
25.9,1495.797265,34.500000000000135,34.500000000000135,0.0,0.0
25.916666666666668,1494.5316,34.500000000000135,34.500000000000135,0.0,0.0
25.933333333333334,1493.282053,34.500000000000135,34.500000000000135,0.0,0.0
25.95,1492.047913,34.500000000000135,34.500000000000135,0.0,0.0
25.966666666666665,1490.827523,34.500000000000135,34.500000000000135,0.0,0.0
25.983333333333334,1489.620132,34.500000000000135,34.500000000000135,0.0,0.0
26.0,1488.424463,34.500000000000135,34.500000000000135,0.0,0.0
26.016666666666666,1487.237566,34.500000000000135,34.500000000000135,0.0,0.0
26.033333333333335,1486.05817,34.500000000000135,34.500000000000135,0.0,0.0
26.05,1484.885531,34.500000000000135,34.500000000000135,0.0,0.0
26.066666666666666,1483.718005,29.772719567495955,29.772719567495955,0.0,0.0
26.083333333333332,1482.554896,23.016395765426815,23.016395765426815,0.0,0.0
26.1,1481.39614,23.00000000000009,23.00000000000009,0.0,0.0
26.116666666666667,1480.241652,23.00000000000009,23.00000000000009,0.0,0.0
26.133333333333333,1479.091392,23.00000000000009,23.00000000000009,0.0,0.0
26.15,1477.945356,23.00000000000009,23.00000000000009,0.0,0.0
26.166666666666668,1476.803545,23.00000000000009,23.00000000000009,0.0,0.0
26.183333333333334,1475.665946,23.00000000000009,23.00000000000009,0.0,0.0
26.2,1474.532244,23.00000000000009,23.00000000000009,0.0,0.0
26.216666666666665,1473.401704,23.00000000000009,23.00000000000009,0.0,0.0
26.233333333333334,1472.273995,23.00000000000009,23.00000000000009,0.0,0.0
26.25,1471.148558,23.00000000000009,23.00000000000009,0.0,0.0
26.266666666666666,1470.024095,23.00000000000009,23.00000000000009,0.0,0.0
26.283333333333335,1468.90005,23.00000000000009,23.00000000000009,0.0,0.0
26.3,1467.776101,23.00000000000009,23.00000000000009,0.0,0.0
26.316666666666666,1466.65153,23.00000000000009,23.00000000000009,0.0,0.0
26.333333333333332,1465.526036,23.00000000000009,23.00000000000009,0.0,0.0
26.35,1464.399594,23.00000000000009,23.00000000000009,0.0,0.0
26.366666666666667,1463.272162,23.00000000000009,23.00000000000009,0.0,0.0
26.383333333333333,1462.143726,23.00000000000009,23.00000000000009,0.0,0.0
26.4,1461.014296,23.00000000000009,23.00000000000009,0.0,0.0
26.416666666666668,1459.883903,23.00000000000009,23.00000000000009,0.0,0.0
26.433333333333334,1458.752557,23.00000000000009,23.00000000000009,0.0,0.0
26.45,1457.62026,23.00000000000009,23.00000000000009,0.0,0.0
26.466666666666665,1456.487008,23.00000000000009,23.00000000000009,0.0,0.0
26.483333333333334,1455.352802,23.00000000000009,23.00000000000009,0.0,0.0
26.5,1454.217642,23.00000000000009,23.00000000000009,0.0,0.0
26.516666666666666,1453.081527,23.00000000000009,23.00000000000009,0.0,0.0
26.533333333333335,1451.944457,23.00000000000009,23.00000000000009,0.0,0.0
26.55,1450.806435,23.00000000000009,23.00000000000009,0.0,0.0
26.566666666666666,1449.66746,23.00000000000009,23.00000000000009,0.0,0.0
26.583333333333332,1448.527534,23.00000000000009,23.00000000000009,0.0,0.0
26.6,1447.386653,23.00000000000009,23.00000000000009,0.0,0.0
26.616666666666667,1446.244808,23.00000000000009,23.00000000000009,0.0,0.0
26.633333333333333,1445.101997,23.00000000000009,23.00000000000009,0.0,0.0
26.65,1443.958227,23.00000000000009,23.00000000000009,0.0,0.0
26.666666666666668,1442.813515,23.00000000000009,23.00000000000009,0.0,0.0
26.683333333333334,1441.667874,23.00000000000009,23.00000000000009,0.0,0.0
26.7,1440.521417,23.00000000000009,23.00000000000009,0.0,0.0
26.716666666666665,1439.374414,23.00000000000009,23.00000000000009,0.0,0.0
26.733333333333334,1438.226986,23.00000000000009,23.00000000000009,0.0,0.0
26.75,1437.079341,23.00000000000009,23.00000000000009,0.0,0.0
26.766666666666666,1435.931963,23.00000000000009,23.00000000000009,0.0,0.0
26.783333333333335,1434.785059,23.00000000000009,23.00000000000009,0.0,0.0
26.8,1433.638751,23.00000000000009,23.00000000000009,0.0,0.0
26.816666666666666,1432.49331,23.00000000000009,23.00000000000009,0.0,0.0
26.833333333333332,1431.348849,23.00000000000009,23.00000000000009,0.0,0.0
26.85,1430.205371,23.00000000000009,23.00000000000009,0.0,0.0
26.866666666666667,1429.06287,23.00000000000009,23.00000000000009,0.0,0.0
26.883333333333333,1427.921345,23.00000000000009,23.00000000000009,0.0,0.0
26.9,1426.780806,23.00000000000009,23.00000000000009,0.0,0.0
26.916666666666668,1425.641279,23.00000000000009,23.00000000000009,0.0,0.0
26.933333333333334,1424.502785,23.00000000000009,23.00000000000009,0.0,0.0
26.95,1423.365576,23.00000000000009,23.00000000000009,0.0,0.0
26.966666666666665,1422.230254,23.00000000000009,23.00000000000009,0.0,0.0
26.983333333333334,1421.097087,23.00000000000009,23.00000000000009,0.0,0.0
27.0,1419.966539,23.00000000000009,23.00000000000009,0.0,0.0
27.016666666666666,1418.839689,23.00000000000009,23.00000000000009,0.0,0.0
27.033333333333335,1417.717,23.00000000000009,23.00000000000009,0.0,0.0
27.05,1416.598735,23.00000000000009,23.00000000000009,0.0,0.0
27.066666666666666,1415.485494,23.00000000000009,23.00000000000009,0.0,0.0
27.083333333333332,1414.377526,23.00000000000009,23.00000000000009,0.0,0.0
27.1,1413.274844,23.00000000000009,23.00000000000009,0.0,0.0
27.116666666666667,1412.17747,23.00000000000009,23.00000000000009,0.0,0.0
27.133333333333333,1411.08541,23.00000000000009,23.00000000000009,0.0,0.0
27.15,1409.998656,23.00000000000009,23.00000000000009,0.0,0.0
27.166666666666668,1408.917199,23.00000000000009,23.00000000000009,0.0,0.0
27.183333333333334,1407.841035,23.00000000000009,23.00000000000009,0.0,0.0
27.2,1406.77027,23.00000000000009,23.00000000000009,0.0,0.0
27.216666666666665,1405.705171,23.00000000000009,23.00000000000009,0.0,0.0
27.233333333333334,1404.645852,23.00000000000009,23.00000000000009,0.0,0.0
27.25,1403.59251,23.00000000000009,23.00000000000009,0.0,0.0
27.266666666666666,1402.545621,23.00000000000009,23.00000000000009,0.0,0.0
27.283333333333335,1401.505383,23.00000000000009,23.00000000000009,0.0,0.0
27.3,1400.471905,23.00000000000009,23.00000000000009,0.0,0.0
27.316666666666666,1399.445446,23.00000000000009,23.00000000000009,0.0,0.0
27.333333333333332,1398.42611,23.00000000000009,23.00000000000009,0.0,0.0
27.35,1397.413896,23.00000000000009,23.00000000000009,0.0,0.0
27.366666666666667,1396.408811,23.00000000000009,23.00000000000009,0.0,0.0
27.383333333333333,1395.410851,23.00000000000009,23.00000000000009,0.0,0.0
27.4,1394.420003,23.00000000000009,23.00000000000009,0.0,0.0
27.416666666666668,1393.436249,23.00000000000009,23.00000000000009,0.0,0.0
27.433333333333334,1392.459576,15.703129989139438,15.703129989139438,0.0,0.0
27.45,1391.489976,11.50896796361432,11.50896796361432,0.0,0.0
27.466666666666665,1390.527445,11.500000000000044,11.500000000000044,0.0,0.0
27.483333333333334,1389.571977,11.500000000000044,11.500000000000044,0.0,0.0
27.5,1388.623566,11.500000000000044,11.500000000000044,0.0,0.0
27.516666666666666,1387.682208,11.500000000000044,11.500000000000044,0.0,0.0
27.533333333333335,1386.747898,11.500000000000044,11.500000000000044,0.0,0.0
27.55,1385.820629,11.500000000000044,11.500000000000044,0.0,0.0
27.566666666666666,1384.900397,11.500000000000044,11.500000000000044,0.0,0.0
27.583333333333332,1383.987196,11.500000000000044,11.500000000000044,0.0,0.0
27.6,1383.081013,11.500000000000044,11.500000000000044,0.0,0.0
27.616666666666667,1382.181831,11.500000000000044,11.500000000000044,0.0,0.0
27.633333333333333,1381.289635,11.500000000000044,11.500000000000044,0.0,0.0
27.65,1380.404426,11.500000000000044,11.500000000000044,0.0,0.0
27.666666666666668,1379.526209,11.500000000000044,11.500000000000044,0.0,0.0
27.683333333333334,1378.654987,11.500000000000044,11.500000000000044,0.0,0.0
27.7,1377.790866,11.500000000000044,11.500000000000044,0.0,0.0
27.716666666666665,1376.934108,11.500000000000044,11.500000000000044,0.0,0.0
27.733333333333334,1376.084828,11.500000000000044,11.500000000000044,0.0,0.0
27.75,1375.243227,11.500000000000044,11.500000000000044,0.0,0.0
27.766666666666666,1374.409786,11.500000000000044,11.500000000000044,0.0,0.0
27.783333333333335,1373.584708,11.500000000000044,11.500000000000044,0.0,0.0
27.8,1372.768105,11.500000000000044,11.500000000000044,0.0,0.0
27.816666666666666,1371.960247,11.500000000000044,11.500000000000044,0.0,0.0
27.833333333333332,1371.161241,11.500000000000044,11.500000000000044,0.0,0.0
27.85,1370.37108,11.500000000000044,11.500000000000044,0.0,0.0
27.866666666666667,1369.589753,11.500000000000044,11.500000000000044,0.0,0.0
27.883333333333333,1368.817249,11.500000000000044,11.500000000000044,0.0,0.0
27.9,1368.053574,11.500000000000044,11.500000000000044,0.0,0.0
27.916666666666668,1367.298747,11.500000000000044,11.500000000000044,0.0,0.0
27.933333333333334,1366.552781,11.500000000000044,11.500000000000044,0.0,0.0
27.95,1365.815929,11.500000000000044,11.500000000000044,0.0,0.0
27.966666666666665,1365.088802,11.500000000000044,11.500000000000044,0.0,0.0
27.983333333333334,1364.371668,11.500000000000044,11.500000000000044,0.0,0.0
28.0,1363.664995,11.500000000000044,11.500000000000044,0.0,0.0
28.016666666666666,1362.969886,11.500000000000044,11.500000000000044,0.0,0.0
28.033333333333335,1362.286807,11.500000000000044,11.500000000000044,0.0,0.0
28.05,1361.616026,11.500000000000044,11.500000000000044,0.0,0.0
28.066666666666666,1360.958151,11.500000000000044,11.500000000000044,0.0,0.0
28.083333333333332,1360.313432,11.500000000000044,11.500000000000044,0.0,0.0
28.1,1359.681879,11.500000000000044,11.500000000000044,0.0,0.0
28.116666666666667,1359.06351,11.500000000000044,11.500000000000044,0.0,0.0
28.133333333333333,1358.458326,11.500000000000044,11.500000000000044,0.0,0.0
28.15,1357.866317,11.500000000000044,11.500000000000044,0.0,0.0
28.166666666666668,1357.287469,11.500000000000044,11.500000000000044,0.0,0.0
28.183333333333334,1356.721773,11.500000000000044,11.500000000000044,0.0,0.0
28.2,1356.169335,11.500000000000044,11.500000000000044,0.0,0.0
28.216666666666665,1355.630421,11.500000000000044,11.500000000000044,0.0,0.0
28.233333333333334,1355.105143,11.500000000000044,11.500000000000044,0.0,0.0
28.25,1354.5937,11.500000000000044,11.500000000000044,0.0,0.0
28.266666666666666,1354.096573,11.500000000000044,11.500000000000044,0.0,0.0
28.283333333333335,1353.613958,11.500000000000044,11.500000000000044,0.0,0.0
28.3,1353.145968,11.500000000000044,11.500000000000044,0.0,0.0
28.316666666666666,1352.692864,11.500000000000044,11.500000000000044,0.0,0.0
28.333333333333332,1352.25475,11.500000000000044,11.500000000000044,0.0,0.0
28.35,1351.831629,11.500000000000044,11.500000000000044,0.0,0.0
28.366666666666667,1351.423506,11.500000000000044,11.500000000000044,0.0,0.0
28.383333333333333,1351.030379,11.500000000000044,11.500000000000044,0.0,0.0
28.4,1350.652237,11.500000000000044,11.500000000000044,0.0,0.0
28.416666666666668,1350.289061,11.500000000000044,11.500000000000044,0.0,0.0
28.433333333333334,1349.940839,11.500000000000044,11.500000000000044,0.0,0.0
28.45,1349.607561,11.500000000000044,11.500000000000044,0.0,0.0
28.466666666666665,1349.289217,11.500000000000044,11.500000000000044,0.0,0.0
28.483333333333334,1348.985797,11.500000000000044,11.500000000000044,0.0,0.0
28.5,1348.697292,11.500000000000044,11.500000000000044,0.0,0.0
28.516666666666666,1348.423687,11.500000000000044,11.500000000000044,0.0,0.0
28.533333333333335,1348.164973,11.500000000000044,11.500000000000044,0.0,0.0
28.55,1347.921141,11.500000000000044,11.500000000000044,0.0,0.0
28.566666666666666,1347.692179,11.500000000000044,11.500000000000044,0.0,0.0
28.583333333333332,1347.478081,11.500000000000044,11.500000000000044,0.0,0.0
28.6,1347.278849,11.500000000000044,11.500000000000044,0.0,0.0
28.616666666666667,1347.094494,11.500000000000044,11.500000000000044,0.0,0.0
28.633333333333333,1346.925018,11.500000000000044,11.500000000000044,0.0,0.0
28.65,1346.770408,11.500000000000044,11.500000000000044,0.0,0.0
28.666666666666668,1346.630637,11.500000000000044,11.500000000000044,0.0,0.0
28.683333333333334,1346.505684,11.500000000000044,11.500000000000044,0.0,0.0
28.7,1346.395371,11.500000000000044,11.500000000000044,0.0,0.0
28.716666666666665,1346.299273,11.500000000000044,11.500000000000044,0.0,0.0
28.733333333333334,1346.217198,11.500000000000044,11.500000000000044,0.0,0.0
28.75,1346.148817,11.500000000000044,11.500000000000044,0.0,0.0
28.766666666666666,1346.093368,11.500000000000044,11.500000000000044,0.0,0.0
28.783333333333335,1346.050521,11.500000000000044,11.500000000000044,0.0,0.0
28.8,1346.020085,11.500000000000044,11.500000000000044,0.0,0.0
28.816666666666666,1346.001628,11.500000000000044,11.500000000000044,0.0,0.0
28.833333333333332,1345.994967,11.500000000000044,11.500000000000044,0.0,0.0
28.85,1346.0001,11.500000000000044,11.500000000000044,0.0,0.0
28.866666666666667,1346.017029,11.500000000000044,11.500000000000044,0.0,0.0
28.883333333333333,1346.045755,11.500000000000044,11.500000000000044,0.0,0.0
28.9,1346.086259,11.500000000000044,11.500000000000044,0.0,0.0
28.916666666666668,1346.138496,11.500000000000044,11.500000000000044,0.0,0.0
28.933333333333334,1346.202435,11.500000000000044,11.500000000000044,0.0,0.0
28.95,1346.277674,11.500000000000044,11.500000000000044,0.0,0.0
28.966666666666665,1346.363265,11.500000000000044,11.500000000000044,0.0,0.0
28.983333333333334,1346.458783,11.500000000000044,11.500000000000044,0.0,0.0
29.0,1346.563497,11.500000000000044,11.500000000000044,0.0,0.0
29.016666666666666,1346.675703,11.500000000000044,11.500000000000044,0.0,0.0
29.033333333333335,1346.794669,11.500000000000044,11.500000000000044,0.0,0.0
29.05,1346.919972,11.500000000000044,11.500000000000044,0.0,0.0
29.066666666666666,1347.050661,11.500000000000044,11.500000000000044,0.0,0.0
29.083333333333332,1347.186336,11.500000000000044,11.500000000000044,0.0,0.0
29.1,1347.326967,11.500000000000044,11.500000000000044,0.0,0.0
29.116666666666667,1347.472507,11.500000000000044,11.500000000000044,0.0,0.0
29.133333333333333,1347.622939,11.500000000000044,11.500000000000044,0.0,0.0
29.15,1347.778265,11.500000000000044,11.500000000000044,0.0,0.0
29.166666666666668,1347.938489,11.500000000000044,11.500000000000044,0.0,0.0
29.183333333333334,1348.103608,11.500000000000044,11.500000000000044,0.0,0.0
29.2,1348.273446,11.500000000000044,11.500000000000044,0.0,0.0
29.216666666666665,1348.447575,11.500000000000044,11.500000000000044,0.0,0.0
29.233333333333334,1348.625808,11.500000000000044,11.500000000000044,0.0,0.0
29.25,1348.807822,11.500000000000044,11.500000000000044,0.0,0.0
29.266666666666666,1348.992865,19.946720000000248,11.500000000000044,8.446720000000203,0.0
29.283333333333335,1349.180613,21.10000000000004,11.500000000000044,9.599999999999996,0.0
29.3,1349.370881,21.10000000000004,11.500000000000044,9.599999999999996,0.0
29.316666666666666,1349.563251,21.10000000000004,11.500000000000044,9.599999999999996,0.0
29.333333333333332,1349.757548,21.10000000000004,11.500000000000044,9.599999999999996,0.0
29.35,1349.953757,21.10000000000004,11.500000000000044,9.599999999999996,0.0
29.366666666666667,1350.151854,21.10000000000004,11.500000000000044,9.599999999999996,0.0
29.383333333333333,1350.351829,21.10000000000004,11.500000000000044,9.599999999999996,0.0
29.4,1350.553689,21.10000000000004,11.500000000000044,9.599999999999996,0.0
29.416666666666668,1350.757451,21.10000000000004,11.500000000000044,9.599999999999996,0.0
29.433333333333334,1350.963122,21.10000000000004,11.500000000000044,9.599999999999996,0.0
29.45,1351.170703,21.10000000000004,11.500000000000044,9.599999999999996,0.0
29.466666666666665,1351.380192,21.10000000000004,11.500000000000044,9.599999999999996,0.0
29.483333333333334,1351.591592,21.10000000000004,11.500000000000044,9.599999999999996,0.0
29.5,1351.804902,21.10000000000004,11.500000000000044,9.599999999999996,0.0
29.516666666666666,1352.020126,31.134708333334025,11.500000000000044,19.634708333333982,0.0
29.533333333333335,1352.237264,42.63470833333417,11.500000000000044,31.134708333334125,0.0
29.55,1352.456317,44.10000000000024,11.500000000000044,32.6000000000002,0.0
29.566666666666666,1352.677289,44.10000000000024,11.500000000000044,32.6000000000002,0.0
29.583333333333332,1352.900179,44.10000000000024,11.500000000000044,32.6000000000002,0.0
29.6,1353.124984,52.54672000000045,11.500000000000044,41.046720000000406,0.0
29.616666666666667,1353.35169,53.70000000000024,11.500000000000044,42.200000000000195,0.0
29.633333333333333,1353.58029,53.70000000000024,11.500000000000044,42.200000000000195,0.0
29.65,1353.810796,53.70000000000024,11.500000000000044,42.200000000000195,0.0
29.666666666666668,1354.04323,62.14672000000046,11.500000000000044,50.646720000000414,0.0
29.683333333333334,1354.277604,63.30000000000025,11.500000000000044,51.80000000000021,0.0
29.7,1354.514076,63.30000000000025,11.500000000000044,51.80000000000021,0.0
29.716666666666665,1354.753012,63.30000000000025,11.500000000000044,51.80000000000021,0.0
29.733333333333334,1354.994578,63.30000000000025,11.500000000000044,51.80000000000021,0.0
29.75,1355.239058,63.30000000000025,11.500000000000044,51.80000000000021,0.0
29.766666666666666,1355.487116,63.30000000000025,11.500000000000044,51.80000000000021,0.0
29.783333333333335,1355.739037,63.30000000000025,11.500000000000044,51.80000000000021,0.0
29.8,1355.99499,63.30000000000025,11.500000000000044,51.80000000000021,0.0
29.816666666666666,1356.255349,63.30000000000025,11.500000000000044,51.80000000000021,0.0
29.833333333333332,1356.520273,63.30000000000025,11.500000000000044,51.80000000000021,0.0
29.85,1356.789769,63.30000000000025,11.500000000000044,51.80000000000021,0.0
29.866666666666667,1357.063834,63.30000000000025,11.500000000000044,51.80000000000021,0.0
29.883333333333333,1357.34247,63.30000000000025,11.500000000000044,51.80000000000021,0.0
29.9,1357.625694,59.003224573295654,7.203224573295445,51.80000000000021,0.0
29.916666666666668,1357.91355,51.817745558520066,0.017745558519855334,51.80000000000021,0.0
29.933333333333334,1358.206067,51.80000000000021,0.0,51.80000000000021,0.0
29.95,1358.503597,51.80000000000021,0.0,51.80000000000021,0.0
29.966666666666665,1358.806971,51.80000000000021,0.0,51.80000000000021,0.0
29.983333333333334,1359.116565,51.80000000000021,0.0,51.80000000000021,0.0
30.0,1359.43302,51.80000000000021,0.0,51.80000000000021,0.0
30.016666666666666,1359.757827,51.80000000000021,0.0,51.80000000000021,0.0
30.033333333333335,1360.091628,60.24672000000067,0.0,51.80000000000021,8.44672000000046
30.05,1360.434801,61.4000000000005,0.0,51.80000000000021,9.60000000000029
30.066666666666666,1360.788178,61.4000000000005,0.0,51.80000000000021,9.60000000000029
30.083333333333332,1361.152115,61.4000000000005,0.0,51.80000000000021,9.60000000000029
30.1,1361.526645,61.4000000000005,0.0,51.80000000000021,9.60000000000029
30.116666666666667,1361.911814,71.43470833333424,0.0,61.83470833333395,9.60000000000029
30.133333333333333,1362.307644,72.90000000000026,0.0,63.299999999999976,9.60000000000029
30.15,1362.71414,72.90000000000026,0.0,63.299999999999976,9.60000000000029
30.166666666666668,1363.131305,81.34672000000047,0.0,71.74672000000018,9.60000000000029
30.183333333333334,1363.55915,82.50000000000027,0.0,72.89999999999998,9.60000000000029
30.2,1363.997839,82.50000000000027,0.0,72.89999999999998,9.60000000000029
30.216666666666665,1364.447759,82.50000000000027,0.0,72.89999999999998,9.60000000000029
30.233333333333334,1364.909084,82.50000000000027,0.0,72.89999999999998,9.60000000000029
30.25,1365.38211,82.50000000000027,0.0,72.89999999999998,9.60000000000029
30.266666666666666,1365.867514,82.50000000000027,0.0,72.89999999999998,9.60000000000029
30.283333333333335,1366.365593,72.92584844769092,0.0,72.89999999999998,0.02584844769095413
30.3,1366.876521,72.89999999999998,0.0,72.89999999999998,0.0
30.316666666666666,1367.400678,72.89999999999998,0.0,72.89999999999998,0.0
30.333333333333332,1367.938231,72.89999999999998,0.0,72.89999999999998,0.0
30.35,1368.489203,72.89999999999998,0.0,72.89999999999998,0.0
30.366666666666667,1369.053625,72.89999999999998,0.0,72.89999999999998,0.0
30.383333333333333,1369.631518,72.89999999999998,0.0,72.89999999999998,0.0
30.4,1370.222886,72.89999999999998,0.0,72.89999999999998,0.0
30.416666666666668,1370.827725,72.89999999999998,0.0,72.89999999999998,0.0
30.433333333333334,1371.446042,72.89999999999998,0.0,72.89999999999998,0.0
30.45,1372.077851,84.35830333516552,0.0,84.35830333516552,0.0
30.466666666666665,1372.723173,95.8485061167224,0.0,95.8485061167224,0.0
30.483333333333334,1373.382024,107.34850611672245,0.0,107.34850611672245,0.0
30.5,1374.05442,108.81379778338851,0.0,108.81379778338851,0.0
30.516666666666666,1374.740388,108.81379778338851,0.0,108.81379778338851,0.0
30.533333333333335,1375.439947,108.81379778338851,0.0,108.81379778338851,0.0
30.55,1376.153112,108.81379778338851,0.0,108.81379778338851,0.0
30.566666666666666,1376.879903,108.81379778338851,0.0,108.81379778338851,0.0
30.583333333333332,1377.620337,108.81379778338851,0.0,108.81379778338851,0.0
30.6,1378.374431,117.26051778338872,0.0,108.81379778338851,8.446720000000214
30.616666666666667,1379.142214,118.41379778338852,0.0,108.81379778338851,9.60000000000001
30.633333333333333,1379.923705,118.41379778338852,0.0,108.81379778338851,9.60000000000001
30.65,1380.718911,118.41379778338852,0.0,108.81379778338851,9.60000000000001
30.666666666666668,1381.527824,118.41379778338852,0.0,108.81379778338851,9.60000000000001
30.683333333333334,1382.350449,118.41379778338852,0.0,108.81379778338851,9.60000000000001
30.7,1383.186658,118.41379778338852,0.0,108.81379778338851,9.60000000000001
30.716666666666665,1384.03613,128.4485061167225,0.0,118.84850611672249,9.60000000000001
30.733333333333334,1384.898731,129.91379778338856,0.0,120.31379778338855,9.60000000000001
30.75,1385.774215,139.9485061167226,0.0,130.34850611672258,9.60000000000001
30.766666666666666,1386.661991,141.41379778338865,0.0,131.81379778338862,9.60000000000001
30.783333333333335,1387.561815,141.41379778338865,0.0,131.81379778338862,9.60000000000001
30.8,1388.473546,141.41379778338865,0.0,131.81379778338862,9.60000000000001
30.816666666666666,1389.396859,149.86051778338884,0.0,140.26051778338882,9.60000000000001
30.833333333333332,1390.331623,151.01379778338867,0.0,141.41379778338865,9.60000000000001
30.85,1391.277848,151.01379778338867,0.0,141.41379778338865,9.60000000000001
30.866666666666667,1392.235552,151.01379778338867,0.0,141.41379778338865,9.60000000000001
30.883333333333333,1393.204752,161.04850611672268,0.0,151.44850611672265,9.60000000000001
30.9,1394.185445,172.5485061167227,0.0,162.94850611672268,9.60000000000001
30.916666666666668,1395.177609,174.01379778338878,0.0,164.41379778338876,9.60000000000001
30.933333333333334,1396.181231,184.04850611672276,0.0,174.44850611672274,9.60000000000001
30.95,1397.196,185.51379778338884,0.0,175.91379778338882,9.60000000000001
30.966666666666665,1398.221152,185.51379778338884,0.0,175.91379778338882,9.60000000000001
30.983333333333334,1399.256353,185.51379778338884,0.0,175.91379778338882,9.60000000000001
31.0,1400.301018,185.51379778338884,0.0,175.91379778338882,9.60000000000001
31.016666666666666,1401.353766,195.54850611672282,0.0,185.9485061167228,9.60000000000001
31.033333333333335,1402.414009,207.04850611672288,0.0,187.41379778338887,19.634708333333997
31.05,1403.48141,208.51379778338892,0.0,187.41379778338887,21.100000000000055
31.066666666666666,1404.555201,208.51379778338892,0.0,187.41379778338887,21.100000000000055
31.083333333333332,1405.635064,216.96051778338912,0.0,195.86051778338907,21.100000000000055
31.1,1406.72098,218.11379778338895,0.0,197.0137977833889,21.100000000000055
31.116666666666667,1407.81292,221.1253811185543,0.0,197.0137977833889,24.11158333516538
31.133333333333333,1408.910877,221.4275955667774,0.0,197.0137977833889,24.413797783388507
31.15,1410.014859,224.4391789019427,0.0,200.0253811185542,24.413797783388507
31.166666666666668,1411.124878,217.90356774394093,0.0,197.47473837001968,20.42882937392125
31.183333333333334,1412.240939,205.57090211941974,0.0,190.7440371473828,14.826864972036928
31.2,1413.362903,208.55297668533115,0.0,190.72759556677732,17.82538111855382
31.216666666666665,1414.49043,208.85519113355429,0.0,190.72759556677732,18.127595566776947
31.233333333333334,1415.623373,204.8575879593534,0.0,186.72999239257643,18.127595566776947
31.25,1416.761474,207.4086007772736,0.0,189.28100521049663,18.127595566776947
31.266666666666666,1417.904125,211.64705789695586,0.0,193.51946233017892,18.127595566776947
31.283333333333335,1419.051069,211.4872863006634,0.0,193.35969073388648,18.127595566776947
31.3,1420.202158,221.12740859104963,0.0,202.99981302427267,18.127595566776947
31.316666666666666,1421.357057,232.29143925324956,0.0,214.1638436864726,18.127595566776947
31.333333333333332,1422.515629,232.903079399832,0.0,214.77548383305503,18.127595566776947
31.35,1423.677865,231.85709008614378,0.0,213.72949451936685,18.127595566776947
31.366666666666667,1424.843752,240.30191113355528,0.0,222.17431556677832,18.127595566776947
31.383333333333333,1426.013289,241.45519113355505,0.0,223.32759556677811,18.127595566776947
31.4,1427.186483,241.45519113355505,0.0,223.32759556677811,18.127595566776947
31.416666666666668,1428.363354,251.48989946688903,0.0,233.3623039001121,18.127595566776947
31.433333333333334,1429.543912,252.9551911335551,0.0,234.82759556677817,18.127595566776947
31.45,1430.728157,252.9551911335551,0.0,234.82759556677817,18.127595566776947
31.466666666666665,1431.916085,252.9551911335551,0.0,234.82759556677817,18.127595566776947
31.483333333333334,1433.107696,252.9551911335551,0.0,234.82759556677817,18.127595566776947
31.5,1434.30299,252.9551911335551,0.0,234.82759556677817,18.127595566776947
31.516666666666666,1435.501956,252.9551911335551,0.0,234.82759556677817,18.127595566776947
31.533333333333335,1436.704592,252.9551911335551,0.0,234.82759556677817,18.127595566776947
31.55,1437.910899,252.9551911335551,0.0,234.82759556677817,18.127595566776947
31.566666666666666,1439.120873,252.9551911335551,0.0,234.82759556677817,18.127595566776947
31.583333333333332,1440.334515,252.9551911335551,0.0,234.82759556677817,18.127595566776947
31.6,1441.551833,251.93594523979442,0.0,233.80834967301746,18.127595566776947
31.616666666666667,1442.772845,243.3775326615019,0.0,225.24993709472497,18.127595566776947
31.633333333333333,1443.99756,242.40135591790988,0.0,224.27376035113295,18.127595566776947
31.65,1445.225976,233.77775289343333,0.0,215.6501573266564,18.127595566776947
31.666666666666668,1446.458081,243.78989946688907,0.0,215.62759556677813,28.162303900110935
31.683333333333334,1447.693871,245.25519113355512,0.0,215.62759556677813,29.62759556677699
31.7,1448.933224,245.25519113355512,0.0,215.62759556677813,29.62759556677699
31.716666666666665,1450.175844,253.7019111335553,0.0,224.07431556677832,29.62759556677699
31.733333333333334,1451.421601,254.8551911335551,0.0,225.22759556677812,29.62759556677699
31.75,1452.670266,263.30191113355534,0.0,233.67431556677835,29.62759556677699
31.766666666666666,1453.9213,264.4551911335551,0.0,234.82759556677814,29.62759556677699
31.783333333333335,1455.174472,264.4551911335551,0.0,234.82759556677814,29.62759556677699
31.8,1456.42965,264.4551911335551,0.0,234.82759556677814,29.62759556677699
31.816666666666666,1457.686527,274.48989946688914,0.0,234.82759556677814,39.66230390011098
31.833333333333332,1458.944978,275.95519113355516,0.0,234.82759556677814,41.12759556677704
31.85,1460.205,275.95519113355516,0.0,234.82759556677814,41.12759556677704
31.866666666666667,1461.466599,275.95519113355516,0.0,234.82759556677814,41.12759556677704
31.883333333333333,1462.729776,285.98989946688914,0.0,244.86230390011212,41.12759556677704
31.9,1463.99452,297.4898994668899,0.0,256.36230390011286,41.12759556677704
31.916666666666668,1465.2608,291.79397980056126,0.0,250.6663842337842,41.12759556677704
31.933333333333334,1466.528595,287.4645318586018,0.0,246.33693629182477,41.12759556677704
31.95,1467.797625,286.0751154052251,0.0,244.9475198384481,41.12759556677704
31.966666666666665,1469.06722,284.14513919436837,0.0,243.01754362759135,41.12759556677704
31.983333333333334,1470.337081,284.14139335016756,0.0,243.01379778339052,41.12759556677704
32.0,1471.606694,284.14139335016756,0.0,243.01379778339052,41.12759556677704
32.016666666666666,1472.874855,292.54813091565296,0.0,243.01379778339052,49.534333132262425
32.03333333333333,1474.141047,293.29912400987183,0.0,243.01379778339052,50.285326226481295
32.05,1475.404968,292.86895160645633,0.0,243.01379778339052,49.85515382306585
32.06666666666667,1476.665944,292.50278925582734,0.0,243.01379778339052,49.48899147243682
32.083333333333336,1477.923691,299.2050207935263,0.0,253.0485061167245,46.15651467680178
32.1,1479.178179,299.7388793776697,0.0,264.19521533320176,35.54366404446798
32.11666666666667,1480.429374,308.51188769643375,0.0,274.3180537676367,34.19383392879708
32.13333333333333,1481.677257,303.84925030217994,0.0,269.835159478238,34.01409082394195
32.15,1482.921823,286.44466141426545,0.0,252.43086363087693,34.013797783388505
32.166666666666664,1484.163073,276.84354063598215,0.0,242.82974285259363,34.013797783388505
32.18333333333333,1485.400998,290.18582905417986,0.0,256.17203127079136,34.013797783388505
32.2,1486.635469,320.4003681308695,0.0,276.351862014147,44.048506116722486
32.21666666666667,1487.866184,334.01281041779976,0.0,288.4990126344112,45.51379778338855
32.233333333333334,1489.093004,333.25305979571505,0.0,287.7392620123265,45.51379778338855
32.25,1490.315697,342.66337032701534,0.0,297.1495725436268,45.51379778338855
32.266666666666666,1491.533731,354.16230390011407,0.0,308.6485061167255,45.51379778338855
32.28333333333333,1492.746872,355.6275955667801,0.0,310.11379778339153,45.51379778338855
32.3,1493.954982,355.6275955667801,0.0,310.11379778339153,45.51379778338855
32.31666666666667,1495.157763,355.6275955667801,0.0,310.11379778339153,45.51379778338855
32.333333333333336,1496.355083,355.6275955667801,0.0,310.11379778339153,45.51379778338855
32.35,1497.546924,364.0743155667803,0.0,318.56051778339173,45.51379778338855
32.36666666666667,1498.733259,361.7200528930557,0.0,316.20625510966715,45.51379778338855
32.38333333333333,1499.914074,362.19950052765654,0.0,316.685702744268,45.51379778338855
32.4,1501.089366,363.32759556677973,0.0,317.8137977833912,45.51379778338855
32.416666666666664,1502.259141,363.32759556677973,0.0,317.8137977833912,45.51379778338855
32.43333333333333,1503.423396,363.32759556677973,0.0,317.8137977833912,45.51379778338855
32.45,1504.582129,373.3623039001135,0.0,317.8137977833912,55.54850611672229
32.46666666666667,1505.735348,367.2598979785117,0.0,310.24610019512335,57.01379778338831
32.483333333333334,1506.88305,375.2659159264776,0.0,318.25211814308926,57.01379778338831
32.5,1508.025238,386.7623039001136,0.0,329.74850611672525,57.01379778338831
32.516666666666666,1509.161929,386.4733154462199,0.0,331.2137977833913,55.259517662828564
32.53333333333333,1510.293129,384.9167249393587,0.0,331.2137977833913,53.70292715596735
32.55,1511.418835,403.3952261167254,0.0,339.6605177833915,63.73470833333384
32.56666666666667,1512.539059,424.4952261167257,0.0,359.2952261167258,65.1999999999999
32.583333333333336,1513.653801,427.11379778339153,0.0,361.91379778339166,65.1999999999999
32.6,1514.763039,427.11379778339153,0.0,361.91379778339166,65.1999999999999
32.61666666666667,1515.86673,444.007237783392,0.0,370.36051778339186,73.64672000000012
32.63333333333333,1516.964852,446.3137977833916,0.0,371.5137977833917,74.79999999999991
32.65,1518.057421,454.76051778339183,0.0,371.5137977833917,83.24672000000012
32.666666666666664,1519.144489,458.9253811185569,0.0,374.525381118557,84.39999999999992
32.68333333333333,1520.226086,459.22759556678005,0.0,374.82759556678013,84.39999999999992
32.7,1521.302623,459.22759556678005,0.0,374.82759556678013,84.39999999999992
32.71666666666667,1522.375086,450.6589330800929,0.0,374.65392137531506,76.00501170477783
32.733333333333334,1523.443914,454.34285596903493,0.0,381.436815390643,72.90604057839194
32.75,1524.509872,464.05126051516163,0.0,381.1165521818271,82.93470833333453
32.766666666666666,1525.574746,483.99522611672637,0.0,391.14850611672546,92.84672000000091
32.78333333333333,1526.639304,486.6137977833922,0.0,392.6137977833915,94.00000000000071
32.8,1527.703995,486.6137977833922,0.0,392.6137977833915,94.00000000000071
32.81666666666667,1528.769833,486.6137977833922,0.0,392.6137977833915,94.00000000000071
32.833333333333336,1529.837242,495.06051778339236,0.0,401.0605177833917,94.00000000000071
32.85,1530.906238,496.2137977833921,0.0,402.21379778339144,94.00000000000071
32.86666666666667,1531.976814,506.2485061167268,0.0,402.21379778339144,104.03470833333535
32.88333333333333,1533.04897,516.1605177833932,0.0,410.66051778339164,105.5000000000015
32.9,1534.122753,525.7605177833932,0.0,420.26051778339166,105.5000000000015
32.916666666666664,1535.198276,542.534191667547,0.0,441.48321445006,101.05097721748697
32.93333333333333,1536.275616,550.3602504847217,0.0,444.4137977833923,105.94645270132949
32.95,1537.355717,551.8137977833939,0.0,444.4137977833923,107.40000000000154
32.96666666666667,1538.440813,551.8137977833939,0.0,444.4137977833923,107.40000000000154
32.983333333333334,1539.531911,554.5551578908724,0.0,454.44850611672626,100.10665177414614
33.0,1540.630735,553.7180535786752,0.0,455.91379778339234,97.80425579528287
33.016666666666666,1541.741295,573.7832144500617,0.0,465.9485061167261,107.83470833333553
33.03333333333333,1542.865322,569.2182532201666,0.0,459.91825322016507,109.30000000000157
33.05,1544.003833,564.6535928725648,0.0,455.35359287256324,109.30000000000157
33.06666666666667,1545.159074,555.6376699635284,0.0,446.3376699635268,109.30000000000157
33.083333333333336,1546.332007,544.1466290676168,0.0,446.3137977833924,97.83283128422445
33.1,1547.52273,552.5605177833941,0.0,454.7605177833926,97.80000000000155
33.11666666666667,1548.731373,563.7485061167285,0.0,465.948506116727,97.80000000000155
33.13333333333333,1549.958006,565.2137977833947,0.0,467.41379778339314,97.80000000000155
33.15,1551.202649,575.2485061167287,0.0,477.4485061167271,97.80000000000155
33.166666666666664,1552.465318,569.2121320800763,0.0,471.41213208007485,97.80000000000155
33.18333333333333,1553.746045,558.7911409042024,0.0,460.9911409042008,97.80000000000155
33.2,1555.045278,553.7251511216145,0.0,455.92515112161306,97.80000000000155
33.21666666666667,1556.364033,553.7137977833946,0.0,455.9137977833931,97.80000000000155
33.233333333333334,1557.702784,553.7137977833946,0.0,455.9137977833931,97.80000000000155
33.25,1559.062317,553.7137977833946,0.0,455.9137977833931,97.80000000000155
33.266666666666666,1560.444422,562.1605177833949,0.0,464.3605177833933,97.80000000000155
33.28333333333333,1561.849888,563.3137977833946,0.0,465.51379778339304,97.80000000000155
33.3,1563.279189,581.7952261167288,0.0,473.96051778339324,107.83470833333564
33.31666666666667,1564.733335,584.4137977833948,0.0,475.11379778339307,109.30000000000172
33.333333333333336,1566.212778,584.4137977833948,0.0,475.11379778339307,109.30000000000172
33.35,1567.717594,579.3102225257792,0.0,475.11379778339307,104.19642474238611
33.36666666666667,1569.247882,567.0925168583461,0.0,469.2772760957433,97.81524076260288
33.38333333333333,1570.803708,563.3217544501063,0.0,465.5217544501046,97.80000000000166
33.4,1572.385098,563.3137977833946,0.0,465.51379778339304,97.80000000000166
33.416666666666664,1573.992057,563.3137977833946,0.0,465.51379778339304,97.80000000000166
33.43333333333333,1575.624612,563.3137977833946,0.0,465.51379778339304,97.80000000000166
33.45,1577.2828,563.3137977833946,0.0,465.51379778339304,97.80000000000166
33.46666666666667,1578.966649,545.9341648709324,0.0,469.040147606402,76.89401726453039
33.483333333333334,1580.676199,540.3277121542314,0.0,465.52423488371295,74.80347727051856
33.5,1582.411479,540.313797783395,0.0,465.5137977833931,74.80000000000186
33.516666666666666,1584.172502,539.750456012154,0.0,464.97038956575494,74.78006644639902
33.53333333333333,1585.959301,519.2703412409704,0.0,454.0445629117866,65.22577832918383
33.55,1587.771912,517.0365477270285,0.0,451.83654772702664,65.20000000000184
33.56666666666667,1589.610363,509.63235133761725,0.0,444.4323513376154,65.20000000000184
33.583333333333336,1591.474693,509.61379778339517,0.0,444.4137977833933,65.20000000000184
33.6,1593.364971,506.5933490676182,0.0,432.94662906761613,73.64672000000205
33.61666666666667,1595.281294,507.7137977833951,0.0,432.91379778339325,74.80000000000184
33.63333333333333,1597.223734,494.8596134310476,0.0,431.526782146823,63.33283128422458
33.65,1599.192312,484.5061895995557,0.0,421.4414446666926,63.06474493286312
33.666666666666664,1601.187009,481.6655596082959,0.0,421.4137977833932,60.2517618249027
33.68333333333333,1603.207833,468.2916053722495,0.0,414.5757489153849,53.7158564568646
33.7,1605.25431,465.5191630032675,0.0,411.8191630032659,53.700000000001666
33.71666666666667,1607.325241,473.96051778339506,0.0,420.26051778339337,53.700000000001666
33.733333333333334,1609.420117,475.11379778339483,0.0,421.41379778339314,53.700000000001666
33.75,1611.538022,483.560517783395,8.446720000000203,421.41379778339314,53.700000000001666
33.766666666666666,1613.676746,481.17369888552673,9.599999999999996,417.8736988855251,53.700000000001666
33.78333333333333,1615.835365,475.12816617623423,9.599999999999996,411.82816617623257,53.700000000001666
33.8,1618.013353,482.1537078088449,9.599999999999996,418.85370780884324,53.700000000001666
33.81666666666667,1620.209479,463.66863903326004,9.599999999999996,400.3686390332584,53.700000000001666
33.833333333333336,1622.423246,466.6253811185601,9.599999999999996,403.3253811185584,53.700000000001666
33.85,1624.654678,466.9275955667832,9.599999999999996,403.62759556678157,53.700000000001666
33.86666666666667,1626.903826,455.4604268510053,9.599999999999996,403.62759556678157,42.23283128422377
33.88333333333333,1629.170732,465.4623039001171,9.599999999999996,413.6623039001162,42.20000000000086
33.9,1631.455378,475.37431556678365,9.599999999999996,423.5743155667828,42.20000000000086
33.916666666666664,1633.757667,484.97431556678373,9.599999999999996,433.17431556678287,42.20000000000086
33.93333333333333,1636.077545,483.10714685100663,9.599999999999996,442.7743155667829,30.732831284223728
33.95,1638.413876,494.26230390011756,9.599999999999996,443.92759556678266,40.7347083333349
33.96666666666667,1640.763906,504.17431556678383,9.599999999999996,452.37431556678285,42.200000000000976
33.983333333333334,1643.126415,504.6078570797616,9.599999999999996,452.8078570797606,42.200000000000976
34.0,1645.499287,495.75095095504895,9.599999999999996,443.950950955048,42.200000000000976
34.016666666666666,1647.877541,505.7623039001176,9.599999999999996,453.96230390011664,42.200000000000976
34.03333333333333,1650.259044,507.2275955667837,9.599999999999996,455.4275955667827,42.200000000000976
34.05,1652.642554,502.8338001030959,9.599999999999996,451.0338001030949,42.200000000000976
34.06666666666667,1655.02529,497.63949550870404,9.599999999999996,445.83949550870307,42.200000000000976
34.083333333333336,1657.406076,496.872243114355,9.599999999999996,445.072243114354,42.200000000000976
34.1,1659.784812,488.05082966933475,9.599999999999996,436.25082966933377,42.200000000000976
34.11666666666667,1662.16136,488.02759556678365,9.599999999999996,436.22759556678267,42.200000000000976
34.13333333333333,1664.535658,491.03917890194896,9.599999999999996,439.239178901948,42.200000000000976
34.15,1666.907704,472.9662565514251,9.599999999999996,432.633425267202,30.732831284223078
34.166666666666664,1669.277508,458.7794163385463,9.599999999999996,418.4794163385461,30.700000000000166
34.18333333333333,1671.64505,458.7413933501713,9.599999999999996,418.4413933501711,30.700000000000166
34.2,1674.009805,458.7413933501713,9.599999999999996,418.4413933501711,30.700000000000166
34.21666666666667,1676.370528,468.77610168350526,9.599999999999996,428.4761016835051,30.700000000000166
34.233333333333334,1678.726657,470.24139335017134,9.599999999999996,429.94139335017115,30.700000000000166
34.25,1681.077241,458.7742246343942,9.599999999999996,418.47422463439403,30.700000000000166
34.266666666666666,1683.420078,456.9262323269611,9.599999999999996,417.9245851962018,29.401647130759308
34.28333333333333,1685.754209,447.2410447663791,9.599999999999996,416.51963547463436,21.121409291744754
34.3,1688.079072,442.8613511235505,9.599999999999996,412.16135112355033,21.100000000000172
34.31666666666667,1690.393431,439.5483216371409,9.599999999999996,408.8483216371407,21.100000000000172
34.333333333333336,1692.696753,439.5413933501713,9.599999999999996,408.84139335017113,21.100000000000172
34.35,1694.988967,439.5413933501713,9.599999999999996,408.84139335017113,21.100000000000172
34.36666666666667,1697.269979,439.5413933501713,9.599999999999996,408.84139335017113,21.100000000000172
34.38333333333333,1699.539733,439.5413933501713,9.599999999999996,408.84139335017113,21.100000000000172
34.4,1701.798227,439.5413933501713,9.599999999999996,408.84139335017113,21.100000000000172
34.416666666666664,1704.045483,439.5413933501713,9.599999999999996,408.84139335017113,21.100000000000172
34.43333333333333,1706.281498,439.5413933501713,9.599999999999996,408.84139335017113,21.100000000000172
34.45,1708.506255,439.5413933501713,9.599999999999996,408.84139335017113,21.100000000000172
34.46666666666667,1710.719748,439.5413933501713,9.599999999999996,408.84139335017113,21.100000000000172
34.483333333333334,1712.921961,439.5413933501713,9.599999999999996,408.84139335017113,21.100000000000172
34.5,1715.112886,436.9710565168093,9.599999999999996,408.84139335017113,18.52966316663816
34.516666666666666,1717.292539,428.06485205122704,9.599999999999996,408.84139335017113,9.623458701055895
34.53333333333333,1719.460911,414.99412702350486,9.599999999999996,395.79412702350487,9.60000000000001
34.55,1721.61799,416.9965822833805,9.599999999999996,397.79658228338053,9.60000000000001
34.56666666666667,1723.763778,418.4413933501711,9.599999999999996,399.2413933501711,9.60000000000001
34.583333333333336,1725.898262,418.4413933501711,9.599999999999996,399.2413933501711,9.60000000000001
34.6,1728.021402,415.4712721367286,9.599999999999996,396.2712721367286,9.60000000000001
34.61666666666667,1730.133133,408.85747579582755,9.599999999999996,389.65747579582757,9.60000000000001
34.63333333333333,1732.233413,399.267241797862,9.599999999999996,380.06724179786204,9.60000000000001
34.65,1734.322251,393.19197912574657,9.599999999999996,373.9919791257466,9.60000000000001
34.666666666666664,1736.399692,387.75383421479194,9.599999999999996,368.55383421479195,9.60000000000001
34.68333333333333,1738.465762,387.74139335017105,9.599999999999996,368.54139335017106,9.60000000000001
34.7,1740.520936,387.74139335017105,9.599999999999996,368.54139335017106,9.60000000000001
34.71666666666667,1742.566383,387.74139335017105,9.599999999999996,368.54139335017106,9.60000000000001
34.733333333333334,1744.602616,387.74139335017105,9.599999999999996,368.54139335017106,9.60000000000001
34.75,1746.630535,381.6651860907501,9.599999999999996,362.46518609075014,9.60000000000001
34.766666666666666,1748.652266,377.6406125299591,9.599999999999996,358.44061252995914,9.60000000000001
34.78333333333333,1750.668715,366.6722913601816,9.599999999999996,347.4722913601816,9.60000000000001
34.8,1752.680413,376.6761016835057,9.599999999999996,357.4761016835057,9.60000000000001
34.81666666666667,1754.688558,378.1413933501718,9.599999999999996,358.94139335017184,9.60000000000001
34.833333333333336,1756.693653,378.1413933501718,9.599999999999996,358.94139335017184,9.60000000000001
34.85,1758.695704,377.3641408416561,9.599999999999996,358.1641408416561,9.60000000000001
34.86666666666667,1760.694699,374.2036739175768,9.599999999999996,355.0036739175768,9.60000000000001
34.88333333333333,1762.690628,361.2028175132628,2.23917036366442,349.36364714959836,9.60000000000001
34.9,1764.683541,364.0853881498338,0.004095651056879207,346.0345724987767,18.046720000000224
34.916666666666664,1766.673562,375.26230390011744,0.0,346.0275955667834,29.234708333334005
34.93333333333333,1768.660776,370.3179812400125,0.0,339.61798124001245,30.700000000000067
34.95,1770.646292,365.2390093823972,0.0,334.5390093823972,30.700000000000067
34.96666666666667,1772.63275,365.2275955667834,0.0,334.52759556678336,30.700000000000067
34.983333333333334,1774.621336,363.3121369576805,0.0,332.61213695768043,30.700000000000067
35.0,1776.614086,353.7533451012862,0.0,323.05334510128614,30.700000000000067
35.016666666666666,1778.615748,362.1743155667839,0.0,323.0275955667836,39.14672000000027
35.03333333333333,1780.628368,355.4277389587036,0.0,315.12773895870356,40.30000000000006
35.05,1782.653149,351.83493298713415,0.0,311.5349329871341,40.30000000000006
35.06666666666667,1784.692752,347.0117224474508,0.0,311.5275955667838,35.484126880666985
35.083333333333336,1786.748316,340.34371731496486,0.0,311.5275955667838,28.816121748181033
35.1,1788.819959,340.3275955667838,0.0,311.5275955667838,28.80000000000002
35.11666666666667,1790.907836,333.0756206570941,0.0,304.27562065709407,28.80000000000002
35.13333333333333,1793.01203,330.73195011407046,0.0,301.93195011407045,28.80000000000002
35.15,1795.132567,330.7275955667838,0.0,301.9275955667838,28.80000000000002
35.166666666666664,1797.269466,327.8840540843817,0.0,299.0840540843817,28.80000000000002
35.18333333333333,1799.42277,319.25011851821216,0.0,290.45011851821215,28.80000000000002
35.2,1801.59301,319.22759556678375,0.0,290.42759556678374,28.80000000000002
35.21666666666667,1803.781408,327.67431556678395,0.0,290.42759556678374,37.24672000000022
35.233333333333334,1805.988532,328.82759556678377,0.0,290.42759556678374,38.40000000000001
35.25,1808.215322,327.9590119413651,0.0,290.42759556678374,37.53141637458136
35.266666666666666,1810.463924,319.2504453595695,0.0,290.42759556678374,28.82284979278576
35.28333333333333,1812.735286,319.22759556678375,0.0,290.42759556678374,28.800000000000004
35.3,1815.029975,319.22759556678375,0.0,290.42759556678374,28.800000000000004
35.31666666666667,1817.349206,319.22759556678375,0.0,290.42759556678374,28.800000000000004
35.333333333333336,1819.693519,319.22759556678375,0.0,290.42759556678374,28.800000000000004
35.35,1822.063009,329.26230390011773,0.0,290.42759556678374,38.834708333333985
35.36666666666667,1824.457795,340.7623039001178,0.0,290.42759556678374,50.33470833333403
35.38333333333333,1826.877957,342.2275955667838,0.0,290.42759556678374,51.80000000000009
35.4,1829.323525,342.2275955667838,0.0,290.42759556678374,51.80000000000009
35.416666666666664,1831.794509,342.2275955667838,0.0,290.42759556678374,51.80000000000009
35.43333333333333,1834.290942,342.2275955667838,0.0,290.42759556678374,51.80000000000009
35.45,1836.812873,342.2275955667838,0.0,290.42759556678374,51.80000000000009
35.46666666666667,1839.360352,350.674315566784,0.0,298.87431556678393,51.80000000000009
35.483333333333334,1841.93343,360.274315566784,0.0,308.47431556678396,51.80000000000009
35.5,1844.532154,357.1527085390881,0.0,305.35270853908804,51.80000000000009
35.516666666666666,1847.156565,351.8398321751608,0.0,300.0398321751607,51.80000000000009
35.53333333333333,1849.806711,344.7345405791383,0.0,292.93454057913823,51.80000000000009
35.55,1852.482642,340.33712082511107,0.0,288.537120825111,51.80000000000009
35.56666666666667,1855.184401,332.5936303317763,0.0,288.5275955667834,44.06603476499286
35.583333333333336,1857.912042,322.7161362495985,0.0,280.51290470623024,42.203231543368226
35.6,1860.665645,321.130201970889,0.0,278.9302019708889,42.20000000000008
35.61666666666667,1863.445332,321.1275955667835,0.0,278.9275955667834,42.20000000000008
35.63333333333333,1866.251187,321.0020074403948,0.0,278.8020074403947,42.20000000000008
35.65,1869.083229,299.2893985580069,0.0,268.55656727378397,30.732831284222947
35.666666666666664,1871.941421,296.71860637498634,0.0,266.0186063749863,30.70000000000004
35.68333333333333,1874.825764,296.713797783395,0.0,266.013797783395,30.70000000000004
35.7,1877.73562,270.2194410694839,0.0,251.29042607357266,18.9290149959112
35.71666666666667,1880.669395,254.553657042224,0.0,244.92890002538607,9.624757016837929
35.733333333333334,1883.626409,254.5137977833949,0.0,244.9137977833949,9.599999999999996
35.75,1886.605434,254.5137977833949,0.0,244.9137977833949,9.599999999999996
35.766666666666666,1889.603543,254.5137977833949,0.0,244.9137977833949,9.599999999999996
35.78333333333333,1892.619502,254.5137977833949,0.0,244.9137977833949,9.599999999999996
35.8,1895.6526,243.72039034585725,0.0,234.12039034585726,9.599999999999996
35.81666666666667,1898.701199,243.01438654847234,0.0,233.41438654847235,9.599999999999996
35.833333333333336,1901.764626,243.01379778339484,0.0,233.41379778339484,9.599999999999996
35.85,1904.842897,243.01379778339484,0.0,233.41379778339484,9.599999999999996
35.86666666666667,1907.936063,243.01379778339484,0.0,233.41379778339484,9.599999999999996
35.88333333333333,1911.044165,243.01379778339484,0.0,233.41379778339484,9.599999999999996
35.9,1914.167158,243.01379778339484,0.0,233.41379778339484,9.599999999999996
35.916666666666664,1917.304899,243.01379778339484,0.0,233.41379778339484,9.599999999999996
35.93333333333333,1920.457294,231.5466290676177,0.0,221.9466290676177,9.599999999999996
35.95,1923.622812,231.51379778339478,0.0,221.91379778339478,9.599999999999996
35.96666666666667,1926.797763,241.54850611672853,0.0,221.91379778339478,19.634708333333737
35.983333333333334,1929.980501,243.01379778339455,0.0,221.91379778339478,21.09999999999976
36.0,1933.168185,243.01379778339455,0.0,221.91379778339478,21.09999999999976
36.016666666666666,1936.354157,243.01379778339455,0.0,221.91379778339478,21.09999999999976
36.03333333333333,1939.535551,238.8327534236346,0.0,217.73275342363485,21.09999999999976
36.05,1942.710693,231.5319113431682,0.0,210.43191134316842,21.09999999999976
36.06666666666667,1945.875851,222.50917978999425,0.0,201.40917978999448,21.09999999999976
36.083333333333336,1949.029438,215.03278988347142,0.0,193.93278988347166,21.09999999999976
36.1,1952.171298,218.87077709069777,0.0,197.770777090698,21.09999999999976
36.11666666666667,1955.301227,220.01379778339398,0.0,198.91379778339422,21.09999999999976
36.13333333333333,1958.41912,228.46051778339418,0.0,198.91379778339422,29.546719999999972
36.15,1961.524953,238.0605177833942,0.0,207.36051778339444,30.69999999999977
36.166666666666664,1964.618713,239.213797783394,0.0,208.51379778339424,30.69999999999977
36.18333333333333,1967.700359,239.213797783394,0.0,208.51379778339424,30.69999999999977
36.2,1970.769163,239.213797783394,0.0,208.51379778339424,30.69999999999977
36.21666666666667,1973.823439,237.28423602862696,0.0,206.5842360286272,30.69999999999977
36.233333333333334,1976.862415,216.27232856044725,0.0,185.5723285604475,30.69999999999977
36.25,1979.884797,216.21379778339312,0.0,185.51379778339336,30.69999999999977
36.266666666666666,1982.887614,216.21379778339312,0.0,185.51379778339336,30.69999999999977
36.28333333333333,1985.869569,216.21379778339312,0.0,185.51379778339336,30.69999999999977
36.3,1988.829883,216.21379778339312,0.0,185.51379778339336,30.69999999999977
36.31666666666667,1991.766889,216.21379778339312,0.0,185.51379778339336,30.69999999999977
36.333333333333336,1994.67985,216.21379778339312,0.0,185.51379778339336,30.69999999999977
36.35,1997.568653,216.21379778339312,0.0,185.51379778339336,30.69999999999977
36.36666666666667,2000.433153,216.21379778339312,0.0,185.51379778339336,30.69999999999977
36.38333333333333,2003.273259,216.21379778339312,0.0,185.51379778339336,30.69999999999977
36.4,2006.088945,216.21379778339312,0.0,185.51379778339336,30.69999999999977
36.416666666666664,2008.880225,216.21379778339312,0.0,185.51379778339336,30.69999999999977
36.43333333333333,2011.647073,216.21379778339312,0.0,185.51379778339336,30.69999999999977
36.45,2014.389443,216.21379778339312,0.0,185.51379778339336,30.69999999999977
36.46666666666667,2017.107288,213.42159241944083,0.0,182.72159241944107,30.69999999999977
36.483333333333334,2019.800562,212.90085954915955,0.0,182.2008595491598,30.69999999999977
36.5,2022.469224,206.69481615997324,0.0,175.99481615997348,30.69999999999977
36.516666666666666,2025.113242,203.3069818840358,0.0,172.60698188403603,30.69999999999977
36.53333333333333,2027.732573,203.30000000000464,0.0,172.60000000000488,30.69999999999977
36.55,2030.327178,203.30000000000464,0.0,172.60000000000488,30.69999999999977
36.56666666666667,2032.897021,202.84481577385742,0.0,172.60000000000488,30.244815773852537
36.583333333333336,2035.442061,191.83109752499314,0.0,172.60000000000488,19.23109752498827
36.6,2037.962233,191.8000000000049,0.0,172.60000000000488,19.200000000000006
36.61666666666667,2040.457451,191.75125486774706,0.0,172.55125486774705,19.200000000000006
36.63333333333333,2042.927647,190.6596801260695,0.0,171.4596801260695,19.200000000000006
36.65,2045.372812,173.33328182793443,0.0,154.1332818279344,19.200000000000006
36.666666666666664,2047.792967,167.4174649869415,0.0,148.21746498694148,19.200000000000006
36.68333333333333,2050.188117,159.22102727444764,0.0,140.02102727444762,19.200000000000006
36.7,2052.558719,159.20000000000402,0.0,140.000000000004,19.200000000000006
36.71666666666667,2054.905925,159.20000000000402,0.0,140.000000000004,19.200000000000006
36.733333333333334,2057.230228,159.20000000000402,0.0,140.000000000004,19.200000000000006
36.75,2059.532511,167.64672000000448,8.44672000000046,140.000000000004,19.200000000000006
36.766666666666666,2061.814884,157.33283128422482,9.60000000000029,128.53283128422453,19.200000000000006
36.78333333333333,2064.078239,157.30000000000348,9.60000000000029,128.50000000000318,19.200000000000006
36.8,2066.323084,157.30000000000348,9.60000000000029,128.50000000000318,19.200000000000006
36.81666666666667,2068.550602,151.70773689883998,9.60000000000029,128.50000000000318,13.607736898836498
36.833333333333336,2070.761275,147.7086132722674,9.60000000000029,128.50000000000318,9.608613272263936
36.85,2072.955093,147.70000000000346,9.60000000000029,128.50000000000318,9.599999999999996
36.86666666666667,2075.132016,147.70000000000346,9.60000000000029,128.50000000000318,9.599999999999996
36.88333333333333,2077.292016,147.70000000000346,9.60000000000029,128.50000000000318,9.599999999999996
36.9,2079.435125,147.70000000000346,9.60000000000029,128.50000000000318,9.599999999999996
36.916666666666664,2081.561447,144.67955128422423,18.046720000000505,117.03283128422373,9.599999999999996
36.93333333333333,2083.671047,145.80000000000268,19.2000000000003,117.00000000000237,9.599999999999996
36.95,2085.765029,145.80000000000268,19.2000000000003,117.00000000000237,9.599999999999996
36.96666666666667,2087.846046,145.80000000000268,19.2000000000003,117.00000000000237,9.599999999999996
36.983333333333334,2089.915278,145.80000000000268,19.2000000000003,117.00000000000237,9.599999999999996
37.0,2091.974765,145.80000000000268,19.2000000000003,117.00000000000237,9.599999999999996
37.016666666666666,2094.029292,145.80000000000268,19.2000000000003,117.00000000000237,9.599999999999996
37.03333333333333,2096.080909,145.80000000000268,19.2000000000003,117.00000000000237,9.599999999999996
37.05,2098.130811,137.909785517486,19.2000000000003,109.10978551748569,9.599999999999996
37.06666666666667,2100.181667,136.20288087686242,19.2000000000003,107.40288087686211,9.599999999999996
37.083333333333336,2102.234605,136.20000000000266,19.2000000000003,107.40000000000238,9.599999999999996
37.1,2104.289721,136.20000000000266,19.2000000000003,107.40000000000238,9.599999999999996
37.11666666666667,2106.347145,126.01239455691245,19.2000000000003,97.21239455691216,9.599999999999996
37.13333333333333,2108.406935,124.70181384153896,19.2000000000003,95.90181384153867,9.599999999999996
37.15,2110.469094,124.70000000000263,19.2000000000003,95.90000000000234,9.599999999999996
37.166666666666664,2112.533613,122.01959072641768,19.2000000000003,93.21959072641738,9.599999999999996
37.18333333333333,2114.600508,103.64892872226322,19.2000000000003,74.84892872226293,9.599999999999996
37.2,2116.670291,103.60000000000153,19.2000000000003,74.80000000000123,9.599999999999996
37.21666666666667,2118.744169,101.32976760946765,19.2000000000003,72.52976760946736,9.599999999999996
37.233333333333334,2120.822689,104.05296690491133,19.2000000000003,65.21825857157778,19.634708333333258
37.25,2122.906771,105.50000000000234,19.2000000000003,65.20000000000124,21.100000000000804
37.266666666666666,2124.998559,113.94672000000254,27.6467200000005,65.20000000000124,21.100000000000804
37.28333333333333,2127.098975,115.10000000000234,28.800000000000296,65.20000000000124,21.100000000000804
37.3,2129.208562,115.10000000000234,28.800000000000296,65.20000000000124,21.100000000000804
37.31666666666667,2131.328517,115.10000000000234,28.800000000000296,65.20000000000124,21.100000000000804
37.333333333333336,2133.459349,115.10000000000234,28.800000000000296,65.20000000000124,21.100000000000804
37.35,2135.601121,115.10000000000234,28.800000000000296,65.20000000000124,21.100000000000804
37.36666666666667,2137.753917,115.10000000000234,28.800000000000296,65.20000000000124,21.100000000000804
37.38333333333333,2139.917779,115.10000000000234,28.800000000000296,65.20000000000124,21.100000000000804
37.4,2142.092707,115.10000000000234,28.800000000000296,65.20000000000124,21.100000000000804
37.416666666666664,2144.278672,123.54672000000255,28.800000000000296,73.64672000000145,21.100000000000804
37.43333333333333,2146.47567,124.70000000000233,28.800000000000296,74.80000000000123,21.100000000000804
37.45,2148.683724,133.14672000000252,28.800000000000296,83.24672000000143,21.100000000000804
37.46666666666667,2150.902858,142.74672000000254,28.800000000000296,92.84672000000144,21.100000000000804
37.483333333333334,2153.133094,143.90000000000234,28.800000000000296,94.00000000000124,21.100000000000804
37.5,2155.37445,143.90000000000234,28.800000000000296,94.00000000000124,21.100000000000804
37.516666666666666,2157.626956,143.90000000000234,28.800000000000296,94.00000000000124,21.100000000000804
37.53333333333333,2159.890632,142.5201686814001,28.800000000000296,94.00000000000124,19.72016868139857
37.55,2162.165496,134.32113944275085,28.800000000000296,94.00000000000124,11.521139442749313
37.56666666666667,2164.451571,142.74672000000254,28.800000000000296,102.44672000000145,11.50000000000081
37.583333333333336,2166.748873,143.90000000000236,28.800000000000296,103.60000000000124,11.50000000000081
37.6,2169.057432,153.93470833333492,28.800000000000296,103.60000000000124,21.5347083333334
37.61666666666667,2171.37729,158.41158333516773,28.800000000000296,103.60000000000124,26.01158333516618
37.63333333333333,2173.708474,158.71379778339085,28.800000000000296,103.60000000000124,26.313797783389305
37.65,2176.050985,158.71379778339085,28.800000000000296,103.60000000000124,26.313797783389305
37.666666666666664,2178.404802,158.71379778339085,28.800000000000296,103.60000000000124,26.313797783389305
37.68333333333333,2180.769918,158.71379778339085,28.800000000000296,103.60000000000124,26.313797783389305
37.7,2183.146073,158.71379778339085,28.800000000000296,103.60000000000124,26.313797783389305
37.71666666666667,2185.532629,158.71379778339085,28.800000000000296,103.60000000000124,26.313797783389305
37.733333333333334,2187.92931,177.19522611672363,28.800000000000296,112.04672000000146,36.34850611672189
37.75,2190.335625,179.8137977833909,28.800000000000296,113.20000000000125,37.81379778338935
37.766666666666666,2192.750407,179.8137977833909,28.800000000000296,113.20000000000125,37.81379778338935
37.78333333333333,2195.173164,171.0604085359431,28.800000000000296,104.44661075255348,37.81379778338935
37.8,2197.603609,168.3189295567709,28.800000000000296,101.70513177338127,37.81379778338935
37.81666666666667,2200.04109,168.31379778339084,28.800000000000296,101.70000000000121,37.81379778338935
37.833333333333336,2202.485335,168.31379778339084,28.800000000000296,101.70000000000121,37.81379778338935
37.85,2204.936351,168.31379778339084,28.800000000000296,101.70000000000121,37.81379778338935
37.86666666666667,2207.394151,168.31379778339084,28.800000000000296,101.70000000000121,37.81379778338935
37.88333333333333,2209.858752,168.31379778339084,28.800000000000296,101.70000000000121,37.81379778338935
37.9,2212.330132,168.31379778339084,28.800000000000296,101.70000000000121,37.81379778338935
37.916666666666664,2214.808229,168.31379778339084,28.800000000000296,101.70000000000121,37.81379778338935
37.93333333333333,2217.293003,176.76051778339107,28.800000000000296,110.14672000000142,37.81379778338935
37.95,2219.783839,177.91379778339086,28.800000000000296,111.30000000000122,37.81379778338935
37.96666666666667,2222.279262,177.91379778339086,28.800000000000296,111.30000000000122,37.81379778338935
37.983333333333334,2224.778613,177.91379778339086,28.800000000000296,111.30000000000122,37.81379778338935
38.0,2227.280753,173.83125236059303,28.800000000000296,111.30000000000122,33.73125236059151
38.016666666666666,2229.783024,166.43222625964705,28.800000000000296,111.30000000000122,26.332226259645537
38.03333333333333,2232.284283,166.4137977833908,28.800000000000296,111.30000000000122,26.313797783389305
38.05,2234.783861,166.4137977833908,28.800000000000296,111.30000000000122,26.313797783389305
38.06666666666667,2237.280274,162.85798491176507,28.800000000000296,104.73260379321015,29.32538111855463
38.083333333333336,2239.772889,160.1336424338381,28.800000000000296,101.70604686706005,29.627595566777757
38.1,2242.261648,170.16230390011157,28.800000000000296,111.73470833333351,29.627595566777757
38.11666666666667,2244.746476,181.66230390011162,28.800000000000296,113.20000000000097,39.662303900110345
38.13333333333333,2247.227333,183.12759556677906,28.800000000000296,113.20000000000097,41.1275955667778
38.15,2249.704216,183.12759556677906,28.800000000000296,113.20000000000097,41.1275955667778
38.166666666666664,2252.177124,175.2982931126471,28.800000000000296,105.37069754586899,41.1275955667778
38.18333333333333,2254.646044,173.53061234204984,28.800000000000296,103.60301677527173,41.1275955667778
38.2,2257.110688,165.20722344213638,28.800000000000296,95.27962787535829,41.1275955667778
38.21666666666667,2259.570384,163.92954677800435,28.800000000000296,94.00195121122627,41.1275955667778
38.233333333333334,2262.024827,163.92759556677908,28.800000000000296,94.00000000000098,41.1275955667778
38.25,2264.473503,163.92759556677908,28.800000000000296,94.00000000000098,41.1275955667778
38.266666666666666,2266.915223,162.1512557917203,27.02366022494154,94.00000000000098,41.1275955667778
38.28333333333333,2269.349475,154.34743667452142,19.21984110774265,94.00000000000098,41.1275955667778
38.3,2271.775951,164.36230390011167,19.200000000000287,104.03470833333357,41.1275955667778
38.31666666666667,2274.19399,165.8275955667791,19.200000000000287,105.50000000000102,41.1275955667778
38.333333333333336,2276.603304,165.8275955667791,19.200000000000287,105.50000000000102,41.1275955667778
38.35,2279.003856,168.83917890194442,19.200000000000287,105.50000000000102,44.139178901943126
38.36666666666667,2281.395595,169.14139335016756,19.200000000000287,105.50000000000102,44.44139335016625
38.38333333333333,2283.778495,157.67422463438888,19.200000000000287,105.50000000000102,32.97422463438756
38.4,2286.15255,157.6413933501675,19.200000000000287,105.50000000000102,32.94139335016621
38.416666666666664,2288.517774,167.67610168350012,19.200000000000287,105.50000000000102,42.9761016834988
38.43333333333333,2290.874161,175.8693571253742,19.200000000000287,115.53470833333371,41.13464879204019
38.45,2293.221696,177.32759556677928,19.200000000000287,117.00000000000118,41.1275955667778
38.46666666666667,2295.560356,177.32759556677928,19.200000000000287,117.00000000000118,41.1275955667778
38.483333333333334,2297.890122,176.69966428437306,19.200000000000287,116.37206871759496,41.1275955667778
38.5,2300.210976,175.29412850838816,19.200000000000287,114.96653294161007,41.1275955667778
38.516666666666666,2302.522893,171.91006553561016,19.200000000000287,111.58246996883206,41.1275955667778
38.53333333333333,2304.825851,149.48278795054733,19.200000000000287,89.15519238376925,41.1275955667778
38.55,2307.119836,147.74954566141054,19.200000000000287,87.42195009463244,41.1275955667778
38.56666666666667,2309.404824,148.04139335016686,19.200000000000287,87.71379778338877,41.1275955667778
38.583333333333336,2311.680799,148.04139335016686,19.200000000000287,87.71379778338877,41.1275955667778
38.6,2313.947755,148.04139335016686,19.200000000000287,87.71379778338877,41.1275955667778
38.61666666666667,2316.205691,148.04139335016686,19.200000000000287,87.71379778338877,41.1275955667778
38.63333333333333,2318.454599,148.04139335016686,19.200000000000287,87.71379778338877,41.1275955667778
38.65,2320.694459,148.04139335016686,19.200000000000287,87.71379778338877,41.1275955667778
38.666666666666664,2322.925239,148.04139335016686,19.200000000000287,87.71379778338877,41.1275955667778
38.68333333333333,2325.146915,148.04139335016686,19.200000000000287,87.71379778338877,41.1275955667778
38.7,2327.359325,148.04139335016686,19.200000000000287,87.71379778338877,41.1275955667778
38.71666666666667,2329.562105,158.07610168349945,19.200000000000287,97.74850611672136,41.1275955667778
38.733333333333334,2331.755085,159.5413933501669,19.200000000000287,99.21379778338881,41.1275955667778
38.75,2333.937978,159.5413933501669,19.200000000000287,99.21379778338881,41.1275955667778
38.766666666666666,2336.110135,159.5413933501669,19.200000000000287,99.21379778338881,41.1275955667778
38.78333333333333,2338.271268,148.07422463438743,19.200000000000287,99.21379778338881,29.66042685099834
38.8,2340.421203,148.0413933501661,19.200000000000287,99.21379778338881,29.62759556677699
38.81666666666667,2342.559564,148.0413933501661,19.200000000000287,99.21379778338881,29.62759556677699
38.833333333333336,2344.686186,148.0413933501661,19.200000000000287,99.21379778338881,29.62759556677699
38.85,2346.801049,148.0413933501661,19.200000000000287,99.21379778338881,29.62759556677699
38.86666666666667,2348.904143,148.0413933501661,19.200000000000287,99.21379778338881,29.62759556677699
38.88333333333333,2350.995453,151.05297668533143,19.200000000000287,102.22538111855414,29.62759556677699
38.9,2353.074946,151.35519113355454,19.200000000000287,102.52759556677726,29.62759556677699
38.916666666666664,2355.142569,151.35519113355454,19.200000000000287,102.52759556677726,29.62759556677699
38.93333333333333,2357.198279,151.35519113355454,19.200000000000287,102.52759556677726,29.62759556677699
38.95,2359.241727,151.35519113355454,19.200000000000287,102.52759556677726,29.62759556677699
38.96666666666667,2361.272095,151.35519113355454,19.200000000000287,102.52759556677726,29.62759556677699
38.983333333333334,2363.289013,161.38989946688713,19.200000000000287,112.56230390010985,29.62759556677699
39.0,2365.291849,162.85519113355457,19.200000000000287,114.02759556677731,29.62759556677699
39.016666666666666,2367.279155,162.85519113355457,19.200000000000287,114.02759556677731,29.62759556677699
39.03333333333333,2369.250295,162.85519113355457,19.200000000000287,114.02759556677731,29.62759556677699
39.05,2371.204897,162.85519113355457,19.200000000000287,114.02759556677731,29.62759556677699
39.06666666666667,2373.142144,162.85519113355457,19.200000000000287,114.02759556677731,29.62759556677699
39.083333333333336,2375.061679,162.85519113355457,19.200000000000287,114.02759556677731,29.62759556677699
39.1,2376.963456,162.85519113355457,19.200000000000287,114.02759556677731,29.62759556677699
39.11666666666667,2378.847419,172.8898994668872,19.200000000000287,114.02759556677731,39.66230390010958
39.13333333333333,2380.713533,174.35519113355463,19.200000000000287,114.02759556677731,41.12759556677703
39.15,2382.561779,174.35519113355463,19.200000000000287,114.02759556677731,41.12759556677703
39.166666666666664,2384.392144,174.35519113355463,19.200000000000287,114.02759556677731,41.12759556677703
39.18333333333333,2386.204606,167.28040465499413,14.560935467711499,114.02759556677731,38.69187362050531
39.2,2387.998993,161.45414126815342,9.611212870111752,114.02759556677731,37.81533283126436
39.21666666666667,2389.774932,161.4413933501659,9.599999999999996,114.02759556677731,37.81379778338859
39.233333333333334,2391.532243,161.4413933501659,9.599999999999996,114.02759556677731,37.81379778338859
39.25,2393.270637,161.4413933501659,9.599999999999996,114.02759556677731,37.81379778338859
39.266666666666666,2394.989457,161.4413933501659,9.599999999999996,114.02759556677731,37.81379778338859
39.28333333333333,2396.688412,149.97422463438718,9.599999999999996,102.56042685099861,37.81379778338859
39.3,2398.367327,149.94139335016584,9.599999999999996,102.52759556677726,37.81379778338859
39.31666666666667,2400.02583,149.94139335016584,9.599999999999996,102.52759556677726,37.81379778338859
39.333333333333336,2401.663752,138.45296092805876,9.599999999999996,102.50633186044888,26.34662906760989
39.35,2403.281062,137.4235558401377,9.599999999999996,101.50975805674918,26.31379778338854
39.36666666666667,2404.877719,136.06934300254505,9.599999999999996,100.15554521915652,26.31379778338854
39.38333333333333,2406.453696,134.88575280850816,9.599999999999996,98.97195502511963,26.31379778338854
39.4,2408.00898,133.52154463614642,9.599999999999996,97.60774685275787,26.31379778338854
39.416666666666664,2409.543568,140.6004527038385,9.599999999999996,104.68665492044997,26.31379778338854
39.43333333333333,2411.057448,137.21411711935943,9.599999999999996,101.3003193359709,26.31379778338854
39.45,2412.550602,136.892489513425,9.599999999999996,100.97869173003647,26.31379778338854
39.46666666666667,2414.02302,136.62610479640213,9.599999999999996,100.71230701301359,26.31379778338854
39.483333333333334,2415.474687,136.3989129292567,9.599999999999996,100.48511514586818,26.31379778338854
39.5,2416.905587,136.205264909805,9.599999999999996,100.29146712641646,26.31379778338854
39.516666666666666,2418.315714,136.0403612228541,9.599999999999996,100.12656343946556,26.31379778338854
39.53333333333333,2419.705055,135.9000873515313,9.599999999999996,99.98628956814277,26.31379778338854
39.55,2421.073596,135.2273049442257,9.599999999999996,99.31350716083715,26.31379778338854
39.56666666666667,2422.421333,135.12775933954094,9.599999999999996,99.2139615561524,26.31379778338854
39.583333333333336,2423.748252,135.12759556677733,9.599999999999996,99.2137977833888,26.31379778338854
39.6,2425.05432,135.12759556677733,9.599999999999996,99.2137977833888,26.31379778338854
39.61666666666667,2426.339479,135.12759556677733,9.599999999999996,99.2137977833888,26.31379778338854
39.63333333333333,2427.603696,135.12759556677733,9.599999999999996,99.2137977833888,26.31379778338854
39.65,2428.846985,135.12759556677733,9.599999999999996,99.2137977833888,26.31379778338854
39.666666666666664,2430.069396,135.12759556677733,9.599999999999996,99.2137977833888,26.31379778338854
39.68333333333333,2431.270962,135.12759556677733,9.599999999999996,99.2137977833888,26.31379778338854
39.7,2432.452156,129.16046535038183,9.599999999999996,93.24666756699328,26.31379778338854
39.71666666666667,2433.614123,123.64027410106448,9.599999999999996,87.72647631767595,26.31379778338854
39.733333333333334,2434.757371,132.0743155667775,9.599999999999996,96.16051778338897,26.31379778338854
39.75,2435.882787,133.2275955667773,9.599999999999996,97.31379778338876,26.31379778338854
39.766666666666666,2436.992448,133.2275955667773,9.599999999999996,97.31379778338876,26.31379778338854
39.78333333333333,2438.087244,128.29244009843205,9.599999999999996,92.37864231504352,26.31379778338854
39.8,2439.167695,119.86941605467649,9.599999999999996,83.95561827128796,26.31379778338854
39.81666666666667,2440.234974,112.14703831416034,9.599999999999996,76.23324053077181,26.31379778338854
39.833333333333336,2441.289569,111.30185860525825,9.599999999999996,76.21379778338871,25.488060821869546
39.85,2442.331487,107.67002838567102,18.046720000000455,76.21379778338871,13.409510602281852
39.86666666666667,2443.360708,106.91691387361357,19.200000000000287,76.21379778338871,11.50311609022456
39.88333333333333,2444.377224,106.91379778338904,19.200000000000287,76.21379778338871,11.500000000000044
39.9,2445.381083,103.96638544154817,19.200000000000287,73.26638544154784,11.500000000000044
39.916666666666664,2446.372405,97.3299496051656,19.200000000000287,66.62994960516527,11.500000000000044
39.93333333333333,2447.351275,97.31379778338905,19.200000000000287,66.61379778338872,11.500000000000044
39.95,2448.318798,107.34850611672164,19.200000000000287,76.64850611672131,11.500000000000044
39.96666666666667,2449.277607,97.34662906761041,19.200000000000287,66.64662906761008,11.500000000000044
39.983333333333334,2450.228877,97.31379778338905,19.200000000000287,66.61379778338872,11.500000000000044
40.0,2451.174635,97.31379778338905,19.200000000000287,66.61379778338872,11.500000000000044
40.016666666666666,2452.119612,97.31379778338905,19.200000000000287,66.61379778338872,11.500000000000044
40.03333333333333,2453.065836,97.31379778338905,19.200000000000287,66.61379778338872,11.500000000000044
40.05,2454.01449,97.31379778338905,19.200000000000287,66.61379778338872,11.500000000000044
40.06666666666667,2454.968212,97.31379778338905,19.200000000000287,66.61379778338872,11.500000000000044
40.083333333333336,2455.928116,97.31379778338905,19.200000000000287,66.61379778338872,11.500000000000044
40.1,2456.894295,107.34850611672164,19.200000000000287,66.61379778338872,21.534708333332635
40.11666666666667,2457.86688,108.81379778338909,19.200000000000287,66.61379778338872,23.00000000000009
40.13333333333333,2458.845929,108.81379778338909,19.200000000000287,66.61379778338872,23.00000000000009
40.15,2459.831442,118.84850611672235,19.200000000000287,66.61379778338872,33.03470833333335
40.166666666666664,2460.823411,120.3137977833899,19.200000000000287,66.61379778338872,34.500000000000895
40.18333333333333,2461.821852,120.3137977833899,19.200000000000287,66.61379778338872,34.500000000000895
40.2,2462.827267,120.28898572527632,19.200000000000287,66.58898572527514,34.500000000000895
40.21666666666667,2463.840841,112.09920890781345,19.200000000000287,58.399208907812266,34.500000000000895
40.233333333333334,2464.863108,110.71597507695478,19.200000000000287,57.0159750769536,34.500000000000895
40.25,2465.894969,110.7137977833899,19.200000000000287,57.01379778338871,34.500000000000895
40.266666666666666,2466.938524,110.7137977833899,19.200000000000287,57.01379778338871,34.500000000000895
40.28333333333333,2467.994677,110.7137977833899,19.200000000000287,57.01379778338871,34.500000000000895
40.3,2469.063955,110.7137977833899,19.200000000000287,57.01379778338871,34.500000000000895
40.31666666666667,2470.147527,110.7137977833899,19.200000000000287,57.01379778338871,34.500000000000895
40.333333333333336,2471.245887,110.7137977833899,19.200000000000287,57.01379778338871,34.500000000000895
40.35,2472.359089,110.7137977833899,19.200000000000287,57.01379778338871,34.500000000000895
40.36666666666667,2473.487211,110.7137977833899,19.200000000000287,57.01379778338871,34.500000000000895
40.38333333333333,2474.630289,110.7137977833899,19.200000000000287,57.01379778338871,34.500000000000895
40.4,2475.788314,110.7137977833899,19.200000000000287,57.01379778338871,34.500000000000895
40.416666666666664,2476.961251,110.7137977833899,19.200000000000287,57.01379778338871,34.500000000000895
40.43333333333333,2478.149094,108.95965464468833,19.200000000000287,55.25965464468714,34.500000000000895
40.45,2479.351851,107.40292744880551,19.200000000000287,53.70292744880434,34.500000000000895
40.46666666666667,2480.569534,107.40000000000144,19.200000000000287,53.70000000000026,34.500000000000895
40.483333333333334,2481.802155,107.40000000000144,19.200000000000287,53.70000000000026,34.500000000000895
40.5,2483.049723,107.40000000000144,19.200000000000287,53.70000000000026,34.500000000000895
40.516666666666666,2484.312245,107.40000000000144,19.200000000000287,53.70000000000026,34.500000000000895
40.53333333333333,2485.589731,107.40000000000144,19.200000000000287,53.70000000000026,34.500000000000895
40.55,2486.882191,107.40000000000144,19.200000000000287,53.70000000000026,34.500000000000895
40.56666666666667,2488.18963,107.40000000000144,19.200000000000287,53.70000000000026,34.500000000000895
40.583333333333336,2489.512059,117.43470833333403,29.234708333332875,53.70000000000026,34.500000000000895
40.6,2490.849503,118.90000000000148,30.70000000000033,53.70000000000026,34.500000000000895
40.61666666666667,2492.202009,110.54339795165666,30.70000000000033,45.34339795165543,34.500000000000895
40.63333333333333,2493.569602,115.85285949760207,30.70000000000033,42.20613949760063,42.946720000001115
40.65,2494.952272,117.00000000000145,30.70000000000033,42.200000000000216,44.10000000000091
40.666666666666664,2496.349973,117.00000000000145,30.70000000000033,42.200000000000216,44.10000000000091
40.68333333333333,2497.76268,117.00000000000145,30.70000000000033,42.200000000000216,44.10000000000091
40.7,2499.19,117.00000000000145,30.70000000000033,42.200000000000216,44.10000000000091
40.71666666666667,2500.630983,117.00000000000145,30.70000000000033,42.200000000000216,44.10000000000091
40.733333333333334,2502.085207,117.00000000000145,30.70000000000033,42.200000000000216,44.10000000000091
40.75,2503.551943,117.00000000000145,30.70000000000033,42.200000000000216,44.10000000000091
40.766666666666666,2505.029466,117.00000000000145,30.70000000000033,42.200000000000216,44.10000000000091
40.78333333333333,2506.51704,117.00000000000145,30.70000000000033,42.200000000000216,44.10000000000091
40.8,2508.014238,117.00000000000145,30.70000000000033,42.200000000000216,44.10000000000091
40.81666666666667,2509.520088,117.00000000000145,30.70000000000033,42.200000000000216,44.10000000000091
40.833333333333336,2511.034185,117.00000000000145,30.70000000000033,42.200000000000216,44.10000000000091
40.85,2512.556526,125.44672000000166,30.70000000000033,42.200000000000216,52.546720000001116
40.86666666666667,2514.087129,126.60000000000144,30.70000000000033,42.200000000000216,53.700000000000905
40.88333333333333,2515.625999,126.60000000000144,30.70000000000033,42.200000000000216,53.700000000000905
40.9,2517.173101,126.60000000000144,30.70000000000033,42.200000000000216,53.700000000000905
40.916666666666664,2518.728337,126.60000000000144,30.70000000000033,42.200000000000216,53.700000000000905
40.93333333333333,2520.291637,126.60000000000144,30.70000000000033,42.200000000000216,53.700000000000905
40.95,2521.862093,126.60000000000144,30.70000000000033,42.200000000000216,53.700000000000905
40.96666666666667,2523.437529,126.60000000000144,30.70000000000033,42.200000000000216,53.700000000000905
40.983333333333334,2525.016975,126.60000000000144,30.70000000000033,42.200000000000216,53.700000000000905
41.0,2526.598757,115.13283128422276,30.70000000000033,42.200000000000216,42.23283128422221
41.016666666666666,2528.178972,118.11158333516673,30.70000000000033,45.21158333516554,42.200000000000855
41.03333333333333,2529.75594,118.41379778338985,30.70000000000033,45.51379778338867,42.200000000000855
41.05,2531.328683,118.41379778338985,30.70000000000033,45.51379778338867,42.200000000000855
41.06666666666667,2532.89502,118.41379778338985,30.70000000000033,45.51379778338867,42.200000000000855
41.083333333333336,2534.454028,118.41379778338985,30.70000000000033,45.51379778338867,42.200000000000855
41.1,2536.005625,118.41379778338985,30.70000000000033,45.51379778338867,42.200000000000855
41.11666666666667,2537.5497,118.41379778338985,30.70000000000033,45.51379778338867,42.200000000000855
41.13333333333333,2539.086201,126.86051778339005,39.14672000000053,45.51379778338867,42.200000000000855
41.15,2540.615122,128.01379778338986,40.300000000000324,45.51379778338867,42.200000000000855
41.166666666666664,2542.136469,128.01379778338986,40.300000000000324,45.51379778338867,42.200000000000855
41.18333333333333,2543.650222,128.01379778338986,40.300000000000324,45.51379778338867,42.200000000000855
41.2,2545.155972,138.04850611672242,50.33470833333291,45.51379778338867,42.200000000000855
41.21666666666667,2546.652753,147.9605177833901,60.24672000000057,45.51379778338867,42.200000000000855
41.233333333333334,2548.140124,159.1485061167226,61.40000000000036,45.51379778338867,52.23470833333355
41.25,2549.61735,160.61379778339005,61.40000000000036,45.51379778338867,53.70000000000102
41.266666666666666,2551.082722,160.61379778339005,61.40000000000036,45.51379778338867,53.70000000000102
41.28333333333333,2552.535499,149.14662906761134,61.40000000000036,45.51379778338867,42.23283128422233
41.3,2553.975253,149.11379778339,61.40000000000036,45.51379778338867,42.200000000000976
41.31666666666667,2555.40103,149.11379778339,61.40000000000036,45.51379778338867,42.200000000000976
41.333333333333336,2556.812424,151.63066200313818,55.47014421974834,45.51379778338867,50.64672000000118
41.35,2558.209389,149.12150569143733,51.80770790804771,45.51379778338867,51.80000000000097
41.36666666666667,2559.591859,149.1137977833897,51.800000000000075,45.51379778338867,51.80000000000097
41.38333333333333,2560.959803,149.1137977833897,51.800000000000075,45.51379778338867,51.80000000000097
41.4,2562.313223,149.1137977833897,51.800000000000075,45.51379778338867,51.80000000000097
41.416666666666664,2563.652146,149.1137977833897,51.800000000000075,45.51379778338867,51.80000000000097
41.43333333333333,2564.976575,149.1137977833897,51.800000000000075,45.51379778338867,51.80000000000097
41.45,2566.286503,149.1137977833897,51.800000000000075,45.51379778338867,51.80000000000097
41.46666666666667,2567.581923,149.1137977833897,51.800000000000075,45.51379778338867,51.80000000000097
41.483333333333334,2568.862825,149.1137977833897,51.800000000000075,45.51379778338867,51.80000000000097
41.5,2570.129207,149.1137977833897,51.800000000000075,45.51379778338867,51.80000000000097
41.516666666666666,2571.38107,149.1137977833897,51.800000000000075,45.51379778338867,51.80000000000097
41.53333333333333,2572.618413,149.1137977833897,51.800000000000075,45.51379778338867,51.80000000000097
41.55,2573.841225,149.1137977833897,51.800000000000075,45.51379778338867,51.80000000000097
41.56666666666667,2575.049503,159.1485061167223,51.800000000000075,45.51379778338867,61.83470833333356
41.583333333333336,2576.243241,160.61379778338977,51.800000000000075,45.51379778338867,63.30000000000101
41.6,2577.422435,160.61379778338977,51.800000000000075,45.51379778338867,63.30000000000101
41.61666666666667,2578.5871,160.61379778338977,51.800000000000075,45.51379778338867,63.30000000000101
41.63333333333333,2579.737234,169.06051778338997,51.800000000000075,45.51379778338867,71.74672000000123
41.65,2580.872814,170.21379778338977,51.800000000000075,45.51379778338867,72.90000000000103
41.666666666666664,2581.993803,170.21379778338977,51.800000000000075,45.51379778338867,72.90000000000103
41.68333333333333,2583.100169,170.21379778338977,51.800000000000075,45.51379778338867,72.90000000000103
41.7,2584.19167,160.63964623108203,51.800000000000075,35.93964623108093,72.90000000000103
41.71666666666667,2585.267741,160.61379778338977,51.800000000000075,35.91379778338867,72.90000000000103
41.733333333333334,2586.328126,160.61379778338977,51.800000000000075,35.91379778338867,72.90000000000103
41.75,2587.372383,160.61379778338977,51.800000000000075,35.91379778338867,72.90000000000103
41.766666666666666,2588.399499,152.37030413648938,43.55650635309969,35.91379778338867,72.90000000000103
41.78333333333333,2589.409035,151.01591122274462,42.202113439354925,35.91379778338867,72.90000000000103
41.8,2590.400724,151.01379778338978,42.20000000000008,35.91379778338867,72.90000000000103
41.81666666666667,2591.373993,151.01379778338978,42.20000000000008,35.91379778338867,72.90000000000103
41.833333333333336,2592.32859,148.59089893576828,42.20000000000008,33.49089893576719,72.90000000000103
41.85,2593.264501,151.46628334108638,52.234708333332776,26.331575007752583,72.90000000000103
41.86666666666667,2594.181721,152.91379778338992,53.700000000000244,26.313797783388658,72.90000000000103
41.88333333333333,2595.080245,152.91379778338992,53.700000000000244,26.313797783388658,72.90000000000103
41.9,2595.960034,152.91379778338992,53.700000000000244,26.313797783388658,72.90000000000103
41.916666666666664,2596.821017,152.91379778338992,53.700000000000244,26.313797783388658,72.90000000000103
41.93333333333333,2597.663139,152.91379778338992,53.700000000000244,26.313797783388658,72.90000000000103
41.95,2598.485843,152.91379778338992,53.700000000000244,26.313797783388658,72.90000000000103
41.96666666666667,2599.28782,144.00086059588838,53.700000000000244,26.313797783388658,63.98706281249948
41.983333333333334,2600.06848,143.31455742339,53.700000000000244,26.313797783388658,63.300759640001104
42.0,2600.82681,142.9874972712165,53.700000000000244,25.98749727121526,63.30000000000101
42.016666666666666,2601.560472,150.67972015029426,53.700000000000244,33.67972015029302,63.30000000000101
42.03333333333333,2602.268454,149.60443162716456,53.700000000000244,32.60443162716332,63.30000000000101
42.05,2602.950165,138.13283128422268,53.700000000000244,32.600000000000215,51.8328312842222
42.06666666666667,2603.604294,138.1000000000013,53.700000000000244,32.600000000000215,51.80000000000085
42.083333333333336,2604.230287,138.1000000000013,53.700000000000244,32.600000000000215,51.80000000000085
42.1,2604.828089,138.1000000000013,53.700000000000244,32.600000000000215,51.80000000000085
42.11666666666667,2605.397631,126.6328312842225,53.700000000000244,21.132831284221403,51.80000000000085
42.13333333333333,2605.938875,124.51799695236402,53.700000000000244,21.100000000000055,49.71799695236372
42.15,2606.451819,117.01885714378248,53.700000000000244,21.100000000000055,42.21885714378219
42.166666666666664,2606.93646,117.00000000000115,53.700000000000244,21.100000000000055,42.200000000000855
42.18333333333333,2607.392785,127.03470833333441,63.7347083333335,21.100000000000055,42.200000000000855
42.2,2607.820545,128.50000000000196,65.20000000000105,21.100000000000055,42.200000000000855
42.21666666666667,2608.219153,128.50000000000196,65.20000000000105,21.100000000000055,42.200000000000855
42.233333333333334,2608.588347,136.94672000000216,65.20000000000105,21.100000000000055,50.64672000000106
42.25,2608.927679,138.10000000000196,65.20000000000105,21.100000000000055,51.80000000000085
42.266666666666666,2609.236119,148.13470833333523,75.23470833333431,21.100000000000055,51.80000000000085
42.28333333333333,2609.513221,152.6115833351681,76.70000000000186,21.100000000000055,54.811583335166176
42.3,2609.758728,152.91379778339123,76.70000000000186,21.100000000000055,55.1137977833893
42.31666666666667,2609.972067,141.44662906761178,76.70000000000186,21.100000000000055,43.64662906760985
42.333333333333336,2610.152992,141.4137977833904,76.70000000000186,21.100000000000055,43.6137977833885
42.35,2610.301481,159.8952261167232,76.70000000000186,21.100000000000055,62.09522611672129
42.36666666666667,2610.417498,162.51379778339046,76.70000000000186,21.100000000000055,64.71379778338854
42.38333333333333,2610.501027,151.04662906761175,76.70000000000186,21.100000000000055,53.24662906760984
42.4,2610.552075,151.0137977833904,76.70000000000186,21.100000000000055,53.21379778338849
42.416666666666664,2610.570664,151.0137977833904,76.70000000000186,21.100000000000055,53.21379778338849
42.43333333333333,2610.556801,151.0137977833904,76.70000000000186,21.100000000000055,53.21379778338849
42.45,2610.510489,151.0137977833904,76.70000000000186,21.100000000000055,53.21379778338849
42.46666666666667,2610.431725,151.0137977833904,76.70000000000186,21.100000000000055,53.21379778338849
42.483333333333334,2610.320513,151.0137977833904,76.70000000000186,21.100000000000055,53.21379778338849
42.5,2610.176855,151.0137977833904,76.70000000000186,21.100000000000055,53.21379778338849
42.516666666666666,2610.000753,161.04850611672367,76.70000000000186,21.100000000000055,63.24850611672175
42.53333333333333,2609.792213,162.5137977833912,76.70000000000186,21.100000000000055,64.7137977833893
42.55,2609.55124,162.5137977833912,76.70000000000186,21.100000000000055,64.7137977833893
42.56666666666667,2609.277839,162.5137977833912,76.70000000000186,21.100000000000055,64.7137977833893
42.583333333333336,2608.972018,162.5137977833912,76.70000000000186,21.100000000000055,64.7137977833893
42.6,2608.633769,162.5137977833912,76.70000000000186,21.100000000000055,64.7137977833893
42.61666666666667,2608.263066,160.88932291652216,75.0755251331328,21.100000000000055,64.7137977833893
42.63333333333333,2607.859905,152.9341332415161,67.12033545812673,21.100000000000055,64.7137977833893
42.65,2607.424309,162.9485061167238,77.13470833333446,21.100000000000055,64.7137977833893
42.666666666666664,2606.956335,164.41379778339126,78.60000000000191,21.100000000000055,64.7137977833893
42.68333333333333,2606.45602,174.44850611672453,88.63470833333517,21.100000000000055,64.7137977833893
42.7,2605.923712,190.24353778339264,98.54672000000292,21.100000000000055,70.59681778338967
42.71666666666667,2605.360228,195.12538111855736,102.71158333516804,21.100000000000055,71.31379778338926
42.733333333333334,2604.76594,195.42759556678047,103.01379778339115,21.100000000000055,71.31379778338926
42.75,2604.14148,203.87431556678067,103.01379778339115,21.100000000000055,79.76051778338947
42.766666666666666,2603.488319,205.02759556678046,103.01379778339115,21.100000000000055,80.91379778338926
42.78333333333333,2602.80709,213.4743155667807,111.46051778339138,21.100000000000055,80.91379778338926
42.8,2602.098169,214.62759556678049,112.61379778339118,21.100000000000055,80.91379778338926
42.81666666666667,2601.362393,214.62759556678049,112.61379778339118,21.100000000000055,80.91379778338926
42.833333333333336,2600.600117,214.62759556678049,112.61379778339118,21.100000000000055,80.91379778338926
42.85,2599.811358,214.62759556678049,112.61379778339118,21.100000000000055,80.91379778338926
42.86666666666667,2598.996121,214.62759556678049,112.61379778339118,21.100000000000055,80.91379778338926
42.88333333333333,2598.154414,214.62759556678049,112.61379778339118,21.100000000000055,80.91379778338926
42.9,2597.286286,223.0743155667807,112.61379778339118,21.100000000000055,89.36051778338947
42.916666666666664,2596.391837,232.6743155667807,121.06051778339139,21.100000000000055,90.51379778338926
42.93333333333333,2595.471143,222.3604268510018,122.21379778339119,21.100000000000055,79.04662906761057
42.95,2594.524993,222.32759556678045,122.21379778339119,21.100000000000055,79.01379778338921
42.96666666666667,2593.555245,222.32759556678045,122.21379778339119,21.100000000000055,79.01379778338921
42.983333333333334,2592.562734,212.7534440144727,122.21379778339119,21.100000000000055,69.43964623108147
43.0,2591.548895,232.797012233447,142.28321445005773,21.100000000000055,69.41379778338921
43.016666666666666,2590.517047,231.4593442706389,145.2137977833928,21.100000000000055,65.14554648724604
43.03333333333333,2589.468619,226.1398510314685,145.2137977833928,21.100000000000055,59.82605324807567
43.05,2588.404449,214.66042685100263,145.2137977833928,21.100000000000055,48.34662906760977
43.06666666666667,2587.326388,214.62759556678128,145.2137977833928,21.100000000000055,48.31379778338842
43.083333333333336,2586.235223,214.62759556678128,145.2137977833928,21.100000000000055,48.31379778338842
43.1,2585.131025,214.62759556678128,145.2137977833928,21.100000000000055,48.31379778338842
43.11666666666667,2584.013892,214.62759556678128,145.2137977833928,21.100000000000055,48.31379778338842
43.13333333333333,2582.883869,214.62759556678128,145.2137977833928,21.100000000000055,48.31379778338842
43.15,2581.740963,214.62759556678128,145.2137977833928,21.100000000000055,48.31379778338842
43.166666666666664,2580.585173,214.62759556678128,145.2137977833928,21.100000000000055,48.31379778338842
43.18333333333333,2579.416516,214.62759556678128,145.2137977833928,21.100000000000055,48.31379778338842
43.2,2578.235344,214.62759556678128,145.2137977833928,21.100000000000055,48.31379778338842
43.21666666666667,2577.042487,214.62759556678128,145.2137977833928,21.100000000000055,48.31379778338842
43.233333333333334,2575.838317,207.101600182592,145.2137977833928,21.100000000000055,40.787802399199144
43.25,2574.623466,205.0313041852418,145.2137977833928,21.100000000000055,38.717506401848944
43.266666666666666,2573.399392,205.02759556678126,145.2137977833928,21.100000000000055,38.71379778338841
43.28333333333333,2572.166723,205.02759556678126,145.2137977833928,21.100000000000055,38.71379778338841
43.3,2570.925825,205.02759556678126,145.2137977833928,21.100000000000055,38.71379778338841
43.31666666666667,2569.677509,205.02759556678126,145.2137977833928,21.100000000000055,38.71379778338841
43.333333333333336,2568.422118,201.91013165006672,142.09633386667826,21.100000000000055,38.71379778338841
43.35,2567.159686,205.47793822620824,145.6641404428198,21.100000000000055,38.71379778338841
43.36666666666667,2565.890266,215.37431556678155,155.5605177833931,21.100000000000055,38.71379778338841
43.38333333333333,2564.61388,216.52759556678132,156.71379778339286,21.100000000000055,38.71379778338841
43.4,2563.330522,216.52759556678132,156.71379778339286,21.100000000000055,38.71379778338841
43.416666666666664,2562.040165,216.52759556678132,156.71379778339286,21.100000000000055,38.71379778338841
43.43333333333333,2560.742803,216.52759556678132,156.71379778339286,21.100000000000055,38.71379778338841
43.45,2559.438441,216.52759556678132,156.71379778339286,21.100000000000055,38.71379778338841
43.46666666666667,2558.127083,216.12171360839525,156.71379778339286,20.69411804161399,38.71379778338841
43.483333333333334,2556.808735,213.50866502702831,156.71379778339286,18.081069460247047,38.71379778338841
43.5,2555.483401,206.94354922387978,156.71379778339286,11.515953657098516,38.71379778338841
43.516666666666666,2554.151083,197.35344401447358,156.71379778339286,11.500000000000044,29.139646231080665
43.53333333333333,2552.811785,197.32759556678133,156.71379778339286,11.500000000000044,29.113797783388407
43.55,2551.465509,197.32759556678133,156.71379778339286,11.500000000000044,29.113797783388407
43.56666666666667,2550.11226,197.32759556678133,156.71379778339286,11.500000000000044,29.113797783388407
43.583333333333336,2548.752045,197.32759556678133,156.71379778339286,11.500000000000044,29.113797783388407
43.6,2547.384864,197.32759556678133,156.71379778339286,11.500000000000044,29.113797783388407
43.61666666666667,2546.010721,207.36230390011391,166.74850611672545,11.500000000000044,29.113797783388407
43.63333333333333,2544.62962,192.84253926459618,168.21379778339292,0.03283128422134927,24.595910196981926
43.65,2543.241568,190.7315505296277,168.21379778339292,0.0,22.517752746234773
43.666666666666664,2541.846574,190.72759556678136,168.21379778339292,0.0,22.513797783388444
43.68333333333333,2540.444646,200.76230390011395,168.21379778339292,0.0,32.548506116721036
43.7,2539.035826,202.22759556678142,168.21379778339292,0.0,34.01379778338849
43.71666666666667,2537.620204,202.22759556678142,168.21379778339292,0.0,34.01379778338849
43.733333333333334,2536.197822,202.22759556678142,168.21379778339292,0.0,34.01379778338849
43.75,2534.768753,202.22759556678142,168.21379778339292,0.0,34.01379778338849
43.766666666666666,2533.333157,202.22759556678142,168.21379778339292,0.0,34.01379778338849
43.78333333333333,2531.891105,210.67431556678162,176.66051778339312,0.0,34.01379778338849
43.8,2530.442641,211.82759556678144,177.81379778339294,0.0,34.01379778338849
43.81666666666667,2528.987859,211.82759556678144,177.81379778339294,0.0,34.01379778338849
43.833333333333336,2527.526801,211.82759556678144,177.81379778339294,0.0,34.01379778338849
43.85,2526.059472,211.82759556678144,177.81379778339294,0.0,34.01379778338849
43.86666666666667,2524.585878,211.82759556678144,177.81379778339294,0.0,34.01379778338849
43.88333333333333,2523.106024,211.82759556678144,177.81379778339294,0.0,34.01379778338849
43.9,2521.61992,211.82759556678144,177.81379778339294,0.0,34.01379778338849
43.916666666666664,2520.127579,206.4032177621247,172.3894199787362,0.0,34.01379778338849
43.93333333333333,2518.629018,198.40197200735494,164.38817422396644,0.0,34.01379778338849
43.95,2517.124326,203.0697320889357,169.0559343055472,0.0,34.01379778338849
43.96666666666667,2515.613716,202.23201079541408,168.2182130120256,0.0,34.01379778338849
43.983333333333334,2514.097284,202.22759556678068,168.21379778339218,0.0,34.01379778338849
44.0,2512.575195,202.22759556678068,168.21379778339218,0.0,34.01379778338849
44.016666666666666,2511.04782,202.22759556678068,168.21379778339218,0.0,34.01379778338849
44.03333333333333,2509.515325,202.22759556678068,168.21379778339218,0.0,34.01379778338849
44.05,2507.977806,200.22016289833965,168.21379778339218,0.0,32.00636511494748
44.06666666666667,2506.435471,192.64669139876779,168.21379778339218,0.0,24.4328936153756
44.083333333333336,2504.888412,192.62759556678068,168.21379778339218,0.0,24.413797783388492
44.1,2503.336638,192.62759556678068,168.21379778339218,0.0,24.413797783388492
44.11666666666667,2501.780163,192.62759556678068,168.21379778339218,0.0,24.413797783388492
44.13333333333333,2500.218991,192.62759556678068,168.21379778339218,0.0,24.413797783388492
44.15,2498.653129,192.62759556678068,168.21379778339218,0.0,24.413797783388492
44.166666666666664,2497.08258,192.62759556678068,168.21379778339218,0.0,24.413797783388492
44.18333333333333,2495.507346,192.62759556678068,168.21379778339218,0.0,24.413797783388492
44.2,2493.927475,192.62759556678068,168.21379778339218,0.0,24.413797783388492
44.21666666666667,2492.343075,192.62759556678068,168.21379778339218,0.0,24.413797783388492
44.233333333333334,2490.754193,192.62759556678068,168.21379778339218,0.0,24.413797783388492
44.25,2489.160912,192.08129160087714,167.66749381748863,0.0,24.413797783388492
44.266666666666666,2487.563421,197.76621304512972,164.90569526174102,0.0,32.86051778338871
44.28333333333333,2485.9618,198.91379778339223,164.90000000000373,0.0,34.013797783388505
44.3,2484.356098,198.91379778339223,164.90000000000373,0.0,34.013797783388505
44.31666666666667,2482.746421,198.91379778339223,164.90000000000373,0.0,34.013797783388505
44.333333333333336,2481.132817,207.36051778339245,173.34672000000396,0.0,34.013797783388505
44.35,2479.515292,208.51379778339225,174.50000000000375,0.0,34.013797783388505
44.36666666666667,2477.893857,205.20705322526618,174.50000000000375,0.0,30.70705322526244
44.38333333333333,2476.268515,205.2000000000038,174.50000000000375,0.0,30.700000000000053
44.4,2474.639272,205.2000000000038,174.50000000000375,0.0,30.700000000000053
44.416666666666664,2473.006123,197.85183752828772,167.15183752828767,0.0,30.700000000000053
44.43333333333333,2471.369074,193.70882751044775,163.0088275104477,0.0,30.700000000000053
44.45,2469.728127,193.70000000000297,163.00000000000293,0.0,30.700000000000053
44.46666666666667,2468.083293,193.70000000000297,163.00000000000293,0.0,30.700000000000053
44.483333333333334,2466.434578,202.14672000000314,171.4467200000031,0.0,30.700000000000053
44.5,2464.781989,200.65247988191706,169.95247988191701,0.0,30.700000000000053
44.516666666666666,2463.125544,191.8231931463648,161.12319314636474,0.0,30.700000000000053
44.53333333333333,2461.465251,191.80000000000288,161.10000000000284,0.0,30.700000000000053
44.55,2459.801112,191.80000000000288,161.10000000000284,0.0,30.700000000000053
44.56666666666667,2458.133135,191.80000000000288,161.10000000000284,0.0,30.700000000000053
44.583333333333336,2456.461323,191.80000000000288,161.10000000000284,0.0,30.700000000000053
44.6,2454.785699,191.80000000000288,161.10000000000284,0.0,30.700000000000053
44.61666666666667,2453.106311,191.80000000000288,161.10000000000284,0.0,30.700000000000053
44.63333333333333,2451.423181,191.80000000000288,161.10000000000284,0.0,30.700000000000053
44.65,2449.736284,188.2168452187032,157.51684521870317,0.0,30.700000000000053
44.666666666666664,2448.045553,180.3200492031733,149.62004920317327,0.0,30.700000000000053
44.68333333333333,2446.350951,180.30000000000206,149.600000000002,0.0,30.700000000000053
44.7,2444.651981,180.30000000000206,149.600000000002,0.0,30.700000000000053
44.71666666666667,2442.947471,180.30000000000206,149.600000000002,0.0,30.700000000000053
44.733333333333334,2441.236899,180.30000000000206,149.600000000002,0.0,30.700000000000053
44.75,2439.519358,180.30000000000206,149.600000000002,0.0,30.700000000000053
44.766666666666666,2437.792726,180.30000000000206,149.600000000002,0.0,30.700000000000053
44.78333333333333,2436.056099,180.30000000000206,149.600000000002,0.0,30.700000000000053
44.8,2434.308949,190.33470833333467,159.63470833333463,0.0,30.700000000000053
44.81666666666667,2432.550087,191.80000000000211,161.10000000000207,0.0,30.700000000000053
44.833333333333336,2430.779015,191.80000000000211,161.10000000000207,0.0,30.700000000000053
44.85,2428.995732,191.80000000000211,161.10000000000207,0.0,30.700000000000053
44.86666666666667,2427.200265,191.80000000000211,161.10000000000207,0.0,30.700000000000053
44.88333333333333,2425.392627,191.80000000000211,161.10000000000207,0.0,30.700000000000053
44.9,2423.572773,191.80000000000211,161.10000000000207,0.0,30.700000000000053
44.916666666666664,2421.740585,191.80000000000211,161.10000000000207,0.0,30.700000000000053
44.93333333333333,2419.895983,191.80000000000211,161.10000000000207,0.0,30.700000000000053
44.95,2418.037841,191.80000000000211,161.10000000000207,0.0,30.700000000000053
44.96666666666667,2416.163465,182.22584844769437,161.10000000000207,0.0,21.125848447692313
44.983333333333334,2414.271664,178.73640109968943,157.63640109968938,0.0,21.100000000000055
45.0,2412.360371,172.61459539267867,151.51459539267861,0.0,21.100000000000055
45.016666666666666,2410.424754,172.60000000000213,151.50000000000207,0.0,21.100000000000055
45.03333333333333,2408.462759,172.60000000000213,151.50000000000207,0.0,21.100000000000055
45.05,2406.4732,182.63470833333471,151.50000000000207,0.0,31.134708333332647
45.06666666666667,2404.453402,192.54672000000238,159.94672000000227,0.0,32.6000000000001
45.083333333333336,2402.40226,182.23283128422347,161.10000000000207,0.0,21.132831284221403
45.1,2400.319716,182.20000000000212,161.10000000000207,0.0,21.100000000000055
45.11666666666667,2398.205677,182.20000000000212,161.10000000000207,0.0,21.100000000000055
45.13333333333333,2396.060125,192.23470833333474,171.1347083333347,0.0,21.100000000000055
45.15,2393.8831,192.0665339174942,172.60000000000215,0.0,19.466533917492058
45.166666666666664,2391.674652,183.63836444807745,172.1180583592127,0.0,11.520306088864748
45.18333333333333,2389.434809,182.49568876421168,170.99568876421162,0.0,11.500000000000044
45.2,2387.163097,179.09929361264489,167.59929361264483,0.0,11.500000000000044
45.21666666666667,2384.858345,178.0637536395343,166.56375363953424,0.0,11.500000000000044
45.233333333333334,2382.52005,176.25937614109807,164.75937614109802,0.0,11.500000000000044
45.25,2380.147336,172.60790909262158,161.10790909262153,0.0,11.500000000000044
45.266666666666666,2377.738095,181.0467200000016,169.54672000000156,0.0,11.500000000000044
45.28333333333333,2375.291454,192.234708333334,180.73470833333394,0.0,11.500000000000044
45.3,2372.806932,193.70000000000144,182.20000000000138,0.0,11.500000000000044
45.31666666666667,2370.283389,193.70000000000144,182.20000000000138,0.0,11.500000000000044
45.333333333333336,2367.720378,193.70000000000144,182.20000000000138,0.0,11.500000000000044
45.35,2365.117912,193.70000000000144,182.20000000000138,0.0,11.500000000000044
45.36666666666667,2362.475982,192.81458932905076,181.3145893290507,0.0,11.500000000000044
45.38333333333333,2359.794618,191.44037653814672,179.94037653814667,0.0,11.500000000000044
45.4,2357.0739,190.27775264001562,178.77775264001556,0.0,11.500000000000044
45.416666666666664,2354.313935,189.29926075423006,177.79926075423,0.0,11.500000000000044
45.43333333333333,2351.514803,188.4757486281504,176.97574862815034,0.0,11.500000000000044
45.45,2348.676565,187.80251970216491,176.30251970216486,0.0,11.500000000000044
45.46666666666667,2345.799276,187.24150232813292,175.74150232813287,0.0,11.500000000000044
45.483333333333334,2342.882997,184.79651145746297,173.2965114574629,0.0,11.500000000000044
45.5,2339.92779,184.10119179427102,172.60119179427096,0.0,11.500000000000044
45.516666666666666,2336.933713,184.10000000000144,172.6000000000014,0.0,11.500000000000044
45.53333333333333,2333.900829,184.10000000000144,172.6000000000014,0.0,11.500000000000044
45.55,2330.829204,194.13470833333471,182.63470833333466,0.0,11.500000000000044
45.56666666666667,2327.718907,195.60000000000224,184.10000000000218,0.0,11.500000000000044
45.583333333333336,2324.570007,195.60000000000224,184.10000000000218,0.0,11.500000000000044
45.6,2321.382558,204.04672000000244,192.54672000000238,0.0,11.500000000000044
45.61666666666667,2318.156597,205.20000000000226,193.7000000000022,0.0,11.500000000000044
45.63333333333333,2314.892179,205.20000000000226,193.7000000000022,0.0,11.500000000000044
45.65,2311.589406,205.20000000000226,193.7000000000022,0.0,11.500000000000044
45.666666666666664,2308.248411,205.20000000000226,193.7000000000022,0.0,11.500000000000044
45.68333333333333,2304.869304,205.20000000000226,193.7000000000022,0.0,11.500000000000044
45.7,2301.452583,205.20000000000226,193.7000000000022,0.0,11.500000000000044
45.71666666666667,2297.999311,205.20000000000226,193.7000000000022,0.0,11.500000000000044
45.733333333333334,2294.510011,205.20000000000226,193.7000000000022,0.0,11.500000000000044
45.75,2290.985524,205.20000000000226,193.7000000000022,0.0,11.500000000000044
45.766666666666666,2287.427707,205.20000000000226,193.7000000000022,0.0,11.500000000000044
45.78333333333333,2283.837403,205.20000000000226,193.7000000000022,0.0,11.500000000000044
45.8,2280.215131,205.20000000000226,193.7000000000022,0.0,11.500000000000044
45.81666666666667,2276.56197,205.20000000000226,193.7000000000022,0.0,11.500000000000044
45.833333333333336,2272.878413,196.35367529531158,184.85367529531152,0.0,11.500000000000044
45.85,2269.164538,195.60088833913875,184.1008883391387,0.0,11.500000000000044
45.86666666666667,2265.420402,195.60000000000224,184.10000000000218,0.0,11.500000000000044
45.88333333333333,2261.646072,204.04672000000244,192.54672000000238,0.0,11.500000000000044
45.9,2257.841663,205.20000000000226,193.7000000000022,0.0,11.500000000000044
45.916666666666664,2254.007352,205.20000000000226,193.7000000000022,0.0,11.500000000000044
45.93333333333333,2250.143287,205.20000000000226,193.7000000000022,0.0,11.500000000000044
45.95,2246.250493,205.20000000000226,193.7000000000022,0.0,11.500000000000044
45.96666666666667,2242.331305,205.20000000000226,193.7000000000022,0.0,11.500000000000044
45.983333333333334,2238.386802,197.5891458937445,186.08914589374444,0.0,11.500000000000044
46.0,2234.418792,193.70811293905643,182.20811293905638,0.0,11.500000000000044
46.016666666666666,2230.431402,193.7000000000021,182.20000000000203,0.0,11.500000000000044
46.03333333333333,2226.426424,193.7000000000021,182.20000000000203,0.0,11.500000000000044
46.05,2222.404921,193.7000000000021,182.20000000000203,0.0,11.500000000000044
46.06666666666667,2218.369205,193.7000000000021,182.20000000000203,0.0,11.500000000000044
46.083333333333336,2214.320271,193.7000000000021,182.20000000000203,0.0,11.500000000000044
46.1,2210.258229,201.51412208660537,190.0141220866053,0.0,11.500000000000044
46.11666666666667,2206.183227,193.72365297937768,182.22365297937762,0.0,11.500000000000044
46.13333333333333,2202.095346,193.7000000000021,182.20000000000203,0.0,11.500000000000044
46.15,2197.99462,193.7000000000021,182.20000000000203,0.0,11.500000000000044
46.166666666666664,2193.88107,193.7000000000021,182.20000000000203,0.0,11.500000000000044
46.18333333333333,2189.754744,193.7000000000021,182.20000000000203,0.0,11.500000000000044
46.2,2185.616097,193.7000000000021,182.20000000000203,0.0,11.500000000000044
46.21666666666667,2181.466163,193.7000000000021,182.20000000000203,0.0,11.500000000000044
46.233333333333334,2177.305422,193.7000000000021,182.20000000000203,0.0,11.500000000000044
46.25,2173.134663,193.7000000000021,182.20000000000203,0.0,11.500000000000044
46.266666666666666,2168.955687,193.7000000000021,182.20000000000203,0.0,11.500000000000044
46.28333333333333,2164.769277,202.1467200000023,190.64672000000223,0.0,11.500000000000044
46.3,2160.575893,203.30000000000211,191.80000000000206,0.0,11.500000000000044
46.31666666666667,2156.376539,203.30000000000211,191.80000000000206,0.0,11.500000000000044
46.333333333333336,2152.171643,203.30000000000211,191.80000000000206,0.0,11.500000000000044
46.35,2147.961258,203.30000000000211,191.80000000000206,0.0,11.500000000000044
46.36666666666667,2143.745458,203.30000000000211,191.80000000000206,0.0,11.500000000000044
46.38333333333333,2139.524279,200.40065141938175,188.9006514193817,0.0,11.500000000000044
46.4,2135.297724,191.82233325987602,180.32233325987596,0.0,11.500000000000044
46.416666666666664,2131.065771,191.80000000000206,180.300000000002,0.0,11.500000000000044
46.43333333333333,2126.828418,191.80000000000206,180.300000000002,0.0,11.500000000000044
46.45,2122.58568,191.80000000000206,180.300000000002,0.0,11.500000000000044
46.46666666666667,2118.337563,191.80000000000206,180.300000000002,0.0,11.500000000000044
46.483333333333334,2114.08408,186.41194030228962,174.91194030228957,0.0,11.500000000000044
46.5,2109.825237,182.20916768350997,170.70916768350992,0.0,11.500000000000044
46.516666666666666,2105.561028,182.20000000000203,170.70000000000198,0.0,11.500000000000044
46.53333333333333,2101.291459,182.20000000000203,170.70000000000198,0.0,11.500000000000044
46.55,2097.016542,182.20000000000203,170.70000000000198,0.0,11.500000000000044
46.56666666666667,2092.736285,182.20000000000203,170.70000000000198,0.0,11.500000000000044
46.583333333333336,2088.450699,182.20000000000203,170.70000000000198,0.0,11.500000000000044
46.6,2084.159785,192.23470833333465,180.7347083333346,0.0,11.500000000000044
46.61666666666667,2079.863529,193.7000000000021,182.20000000000203,0.0,11.500000000000044
46.63333333333333,2075.561929,193.7000000000021,182.20000000000203,0.0,11.500000000000044
46.65,2071.255026,193.7000000000021,182.20000000000203,0.0,11.500000000000044
46.666666666666664,2066.942883,193.7000000000021,182.20000000000203,0.0,11.500000000000044
46.68333333333333,2062.625548,193.7000000000021,182.20000000000203,0.0,11.500000000000044
46.7,2058.303403,189.15837862624818,177.65837862624812,0.0,11.500000000000044
46.71666666666667,2053.977334,184.1114846486539,172.61148464865386,0.0,11.500000000000044
46.733333333333334,2049.64774,184.10000000000207,172.600000000002,0.0,11.500000000000044
46.75,2045.315308,184.10000000000207,172.600000000002,0.0,11.500000000000044
46.766666666666666,2040.981617,184.10000000000207,172.600000000002,0.0,11.500000000000044
46.78333333333333,2036.647348,184.10000000000207,172.600000000002,0.0,11.500000000000044
46.8,2032.312899,184.10000000000207,172.600000000002,0.0,11.500000000000044
46.81666666666667,2027.979161,184.10000000000207,172.600000000002,0.0,11.500000000000044
46.833333333333336,2023.646506,184.10000000000207,172.600000000002,0.0,11.500000000000044
46.85,2019.314939,184.10000000000207,172.600000000002,0.0,11.500000000000044
46.86666666666667,2014.984449,184.10000000000207,172.600000000002,0.0,11.500000000000044
46.88333333333333,2010.655029,184.10000000000207,172.600000000002,0.0,11.500000000000044
46.9,2006.326717,184.10000000000207,172.600000000002,0.0,11.500000000000044
46.916666666666664,2001.999612,184.10000000000207,172.600000000002,0.0,11.500000000000044
46.93333333333333,1997.673779,184.10000000000207,172.600000000002,0.0,11.500000000000044
46.95,1993.350078,184.10000000000207,172.600000000002,0.0,11.500000000000044
46.96666666666667,1989.030553,178.0652181392771,166.56521813927705,0.0,11.500000000000044
46.983333333333334,1984.716109,172.61248304606724,161.11248304606718,0.0,11.500000000000044
47.0,1980.40831,172.26583000921403,160.76583000921397,0.0,11.500000000000044
47.016666666666666,1976.110816,170.63907838497903,159.13907838497897,0.0,11.500000000000044
47.03333333333333,1971.825173,159.56990284084387,148.0699028408438,0.0,11.500000000000044
47.05,1967.552263,153.4146973250547,141.91469732505465,0.0,11.500000000000044
47.06666666666667,1963.294104,153.40000000000126,141.9000000000012,0.0,11.500000000000044
47.083333333333336,1959.05151,153.40000000000126,141.9000000000012,0.0,11.500000000000044
47.1,1954.824505,153.40000000000126,141.9000000000012,0.0,11.500000000000044
47.11666666666667,1950.613143,153.40000000000126,141.9000000000012,0.0,11.500000000000044
47.13333333333333,1946.417412,153.40000000000126,141.9000000000012,0.0,11.500000000000044
47.15,1942.237265,153.40000000000126,141.9000000000012,0.0,11.500000000000044
47.166666666666664,1938.072642,153.40000000000126,141.9000000000012,0.0,11.500000000000044
47.18333333333333,1933.923503,153.40000000000126,141.9000000000012,0.0,11.500000000000044
47.2,1929.790179,153.40000000000126,141.9000000000012,0.0,11.500000000000044
47.21666666666667,1925.673526,153.40000000000126,141.9000000000012,0.0,11.500000000000044
47.233333333333334,1921.573895,153.40000000000126,141.9000000000012,0.0,11.500000000000044
47.25,1917.49192,153.40000000000126,141.9000000000012,0.0,11.500000000000044
47.266666666666666,1913.429146,163.43470833333384,141.9000000000012,0.0,21.534708333332635
47.28333333333333,1909.386202,173.34672000000148,150.3467200000014,0.0,23.00000000000009
47.3,1905.363421,174.5000000000013,151.50000000000122,0.0,23.00000000000009
47.31666666666667,1901.361629,174.5000000000013,151.50000000000122,0.0,23.00000000000009
47.333333333333336,1897.381133,174.5000000000013,151.50000000000122,0.0,23.00000000000009
47.35,1893.421901,174.5000000000013,151.50000000000122,0.0,23.00000000000009
47.36666666666667,1889.483919,165.7284601754565,142.7284601754564,0.0,23.00000000000009
47.38333333333333,1885.56714,164.9010344206296,141.90103442062951,0.0,23.00000000000009
47.4,1881.671487,164.90000000000128,141.9000000000012,0.0,23.00000000000009
47.416666666666664,1877.796858,164.90000000000128,141.9000000000012,0.0,23.00000000000009
47.43333333333333,1873.943176,164.90000000000128,141.9000000000012,0.0,23.00000000000009
47.45,1870.110371,164.90000000000128,141.9000000000012,0.0,23.00000000000009
47.46666666666667,1866.298373,152.7088109065936,129.70881090659353,0.0,23.00000000000009
47.483333333333334,1862.507111,145.71464644433377,122.71464644433368,0.0,23.00000000000009
47.5,1858.736515,145.70000000000127,122.70000000000117,0.0,23.00000000000009
47.516666666666666,1854.986501,145.70000000000127,122.70000000000117,0.0,23.00000000000009
47.53333333333333,1851.256996,145.70000000000127,122.70000000000117,0.0,23.00000000000009
47.55,1847.547934,145.70000000000127,122.70000000000117,0.0,23.00000000000009
47.56666666666667,1843.859242,145.70000000000127,122.70000000000117,0.0,23.00000000000009
47.583333333333336,1840.190853,145.70000000000127,122.70000000000117,0.0,23.00000000000009
47.6,1836.542705,145.70000000000127,122.70000000000117,0.0,23.00000000000009
47.61666666666667,1832.91474,145.70000000000127,122.70000000000117,0.0,23.00000000000009
47.63333333333333,1829.306899,154.14672000000147,131.14672000000138,0.0,23.00000000000009
47.65,1825.719118,155.08101433993298,132.0810143399329,0.0,23.00000000000009
47.666666666666664,1822.151335,143.83199326430196,120.83199326430187,0.0,23.00000000000009
47.68333333333333,1818.603487,143.80000000000044,120.80000000000035,0.0,23.00000000000009
47.7,1815.075492,143.80000000000044,120.80000000000035,0.0,23.00000000000009
47.71666666666667,1811.567234,143.80000000000044,120.80000000000035,0.0,23.00000000000009
47.733333333333334,1808.078631,143.80000000000044,120.80000000000035,0.0,23.00000000000009
47.75,1804.60958,143.80000000000044,120.80000000000035,0.0,23.00000000000009
47.766666666666666,1801.159926,143.80000000000044,120.80000000000035,0.0,23.00000000000009
47.78333333333333,1797.729569,143.80000000000044,120.80000000000035,0.0,23.00000000000009
47.8,1794.318427,143.80000000000044,120.80000000000035,0.0,23.00000000000009
47.81666666666667,1790.926389,143.80000000000044,120.80000000000035,0.0,23.00000000000009
47.833333333333336,1787.553376,143.80000000000044,120.80000000000035,0.0,23.00000000000009
47.85,1784.199331,143.80000000000044,120.80000000000035,0.0,23.00000000000009
47.86666666666667,1780.864201,143.80000000000044,120.80000000000035,0.0,23.00000000000009
47.88333333333333,1777.54793,143.80000000000044,120.80000000000035,0.0,23.00000000000009
47.9,1774.250463,143.80000000000044,120.80000000000035,0.0,23.00000000000009
47.916666666666664,1770.971743,143.80000000000044,120.80000000000035,0.0,23.00000000000009
47.93333333333333,1767.711714,143.80000000000044,120.80000000000035,0.0,23.00000000000009
47.95,1764.470284,143.80000000000044,120.80000000000035,0.0,23.00000000000009
47.96666666666667,1761.247313,143.80000000000044,120.80000000000035,0.0,23.00000000000009
47.983333333333334,1758.042707,123.40625597688056,111.87342469265917,0.0,11.532831284221393
48.0,1754.856347,120.80470283990091,109.30470283990087,0.0,11.500000000000044
48.016666666666666,1751.68802,120.80000000000035,109.30000000000031,0.0,11.500000000000044
48.03333333333333,1748.537608,120.80000000000035,109.30000000000031,0.0,11.500000000000044
48.05,1745.405019,120.80000000000035,109.30000000000031,0.0,11.500000000000044
48.06666666666667,1742.290115,120.80000000000035,109.30000000000031,0.0,11.500000000000044
48.083333333333336,1739.192808,120.80000000000035,109.30000000000031,0.0,11.500000000000044
48.1,1736.113046,99.40541411409814,99.37258282987679,0.0,0.03283128422134927
48.11666666666667,1733.050776,97.80237365959896,97.80237365959896,0.0,0.0
48.13333333333333,1730.005946,97.80000000000027,97.80000000000027,0.0,0.0
48.15,1726.978509,97.2336965211103,97.2336965211103,0.0,0.0
48.166666666666664,1723.968417,95.8270216357472,95.8270216357472,0.0,0.0
48.18333333333333,1720.97562,94.61917034319615,94.61917034319615,0.0,0.0
48.2,1718.000055,93.60244165363044,93.60244165363044,0.0,0.0
48.21666666666667,1715.041632,90.60471284336391,90.60471284336391,0.0,0.0
48.233333333333334,1712.100284,88.20476875743624,88.20476875743624,0.0,0.0
48.25,1709.175934,88.20000000000026,88.20000000000026,0.0,0.0
48.266666666666666,1706.26846,88.20000000000026,88.20000000000026,0.0,0.0
48.28333333333333,1703.377786,88.20000000000026,88.20000000000026,0.0,0.0
48.3,1700.503846,88.20000000000026,88.20000000000026,0.0,0.0
48.31666666666667,1697.646554,88.20000000000026,88.20000000000026,0.0,0.0
48.333333333333336,1694.805849,88.20000000000026,88.20000000000026,0.0,0.0
48.35,1691.981685,88.20000000000026,88.20000000000026,0.0,0.0
48.36666666666667,1689.174016,88.20000000000026,88.20000000000026,0.0,0.0
48.38333333333333,1686.382797,88.20000000000026,88.20000000000026,0.0,0.0
48.4,1683.607986,88.20000000000026,88.20000000000026,0.0,0.0
48.416666666666664,1680.849539,88.20000000000026,88.20000000000026,0.0,0.0
48.43333333333333,1678.107416,88.20000000000026,88.20000000000026,0.0,0.0
48.45,1675.381572,88.20000000000026,88.20000000000026,0.0,0.0
48.46666666666667,1672.671964,88.20000000000026,88.20000000000026,0.0,0.0
48.483333333333334,1669.978548,88.20000000000026,88.20000000000026,0.0,0.0
48.5,1667.301282,88.20000000000026,88.20000000000026,0.0,0.0
48.516666666666666,1664.640121,88.20000000000026,88.20000000000026,0.0,0.0
48.53333333333333,1661.995022,88.20000000000026,88.20000000000026,0.0,0.0
48.55,1659.365943,88.20000000000026,88.20000000000026,0.0,0.0
48.56666666666667,1656.752842,88.20000000000026,88.20000000000026,0.0,0.0
48.583333333333336,1654.155678,88.20000000000026,88.20000000000026,0.0,0.0
48.6,1651.57441,88.20000000000026,88.20000000000026,0.0,0.0
48.61666666666667,1649.009004,88.20000000000026,88.20000000000026,0.0,0.0
48.63333333333333,1646.459422,88.20000000000026,88.20000000000026,0.0,0.0
48.65,1643.925621,88.20000000000026,88.20000000000026,0.0,0.0
48.666666666666664,1641.407555,88.20000000000026,88.20000000000026,0.0,0.0
48.68333333333333,1638.905181,88.20000000000026,88.20000000000026,0.0,0.0
48.7,1636.418409,88.20000000000026,88.20000000000026,0.0,0.0
48.71666666666667,1633.94708,88.20000000000026,88.20000000000026,0.0,0.0
48.733333333333334,1631.491104,88.20000000000026,88.20000000000026,0.0,0.0
48.75,1629.050349,88.20000000000026,88.20000000000026,0.0,0.0
48.766666666666666,1626.624563,88.20000000000026,88.20000000000026,0.0,0.0
48.78333333333333,1624.213615,88.20000000000026,88.20000000000026,0.0,0.0
48.8,1621.817416,88.20000000000026,88.20000000000026,0.0,0.0
48.81666666666667,1619.435808,88.20000000000026,88.20000000000026,0.0,0.0
48.833333333333336,1617.068704,88.20000000000026,88.20000000000026,0.0,0.0
48.85,1614.716067,88.20000000000026,88.20000000000026,0.0,0.0
48.86666666666667,1612.377864,88.20000000000026,88.20000000000026,0.0,0.0
48.88333333333333,1610.054062,85.51437250304663,85.51437250304663,0.0,0.0
48.9,1607.74462,76.72306238193445,76.72306238193445,0.0,0.0
48.916666666666664,1605.449491,76.70000000000022,76.70000000000022,0.0,0.0
48.93333333333333,1603.168634,76.70000000000022,76.70000000000022,0.0,0.0
48.95,1600.901899,76.70000000000022,76.70000000000022,0.0,0.0
48.96666666666667,1598.648982,76.70000000000022,76.70000000000022,0.0,0.0
48.983333333333334,1596.409729,76.70000000000022,76.70000000000022,0.0,0.0
49.0,1594.1839,76.70000000000022,76.70000000000022,0.0,0.0
49.016666666666666,1591.970975,76.70000000000022,76.70000000000022,0.0,0.0
49.03333333333333,1589.770716,76.70000000000022,76.70000000000022,0.0,0.0
49.05,1587.582971,66.03202939961285,66.03202939961285,0.0,0.0
49.06666666666667,1585.40744,65.20083329997308,65.20083329997308,0.0,0.0
49.083333333333336,1583.243981,65.20000000000017,65.20000000000017,0.0,0.0
49.1,1581.092557,65.20000000000017,65.20000000000017,0.0,0.0
49.11666666666667,1578.953127,65.20000000000017,65.20000000000017,0.0,0.0
49.13333333333333,1576.825658,65.20000000000017,65.20000000000017,0.0,0.0
49.15,1574.710125,65.20000000000017,65.20000000000017,0.0,0.0
49.166666666666664,1572.6065,65.20000000000017,65.20000000000017,0.0,0.0
49.18333333333333,1570.514758,65.20000000000017,65.20000000000017,0.0,0.0
49.2,1568.434821,65.20000000000017,65.20000000000017,0.0,0.0
49.21666666666667,1566.366545,65.20000000000017,65.20000000000017,0.0,0.0
49.233333333333334,1564.309851,65.20000000000017,65.20000000000017,0.0,0.0
49.25,1562.264624,65.20000000000017,65.20000000000017,0.0,0.0
49.266666666666666,1560.230629,65.20000000000017,65.20000000000017,0.0,0.0
49.28333333333333,1558.20775,65.20000000000017,65.20000000000017,0.0,0.0
49.3,1556.195912,65.20000000000017,65.20000000000017,0.0,0.0
49.31666666666667,1554.194975,65.20000000000017,65.20000000000017,0.0,0.0
49.333333333333336,1552.204866,65.20000000000017,65.20000000000017,0.0,0.0
49.35,1550.225556,65.20000000000017,65.20000000000017,0.0,0.0
49.36666666666667,1548.257017,65.20000000000017,65.20000000000017,0.0,0.0
49.38333333333333,1546.299222,65.20000000000017,65.20000000000017,0.0,0.0
49.4,1544.35215,65.20000000000017,65.20000000000017,0.0,0.0
49.416666666666664,1542.415783,57.41697560842511,57.41697560842511,0.0,0.0
49.43333333333333,1540.4901,53.70764946158784,53.70764946158784,0.0,0.0
49.45,1538.57508,53.700000000000124,53.700000000000124,0.0,0.0
49.46666666666667,1536.670705,53.700000000000124,53.700000000000124,0.0,0.0
49.483333333333334,1534.776955,53.700000000000124,53.700000000000124,0.0,0.0
49.5,1532.893811,53.700000000000124,53.700000000000124,0.0,0.0
49.516666666666666,1531.021258,53.700000000000124,53.700000000000124,0.0,0.0
49.53333333333333,1529.159277,53.700000000000124,53.700000000000124,0.0,0.0
49.55,1527.30785,53.700000000000124,53.700000000000124,0.0,0.0
49.56666666666667,1525.466959,53.700000000000124,53.700000000000124,0.0,0.0
49.583333333333336,1523.636584,53.700000000000124,53.700000000000124,0.0,0.0
49.6,1521.816702,53.700000000000124,53.700000000000124,0.0,0.0
49.61666666666667,1520.007291,53.700000000000124,53.700000000000124,0.0,0.0
49.63333333333333,1518.208328,53.700000000000124,53.700000000000124,0.0,0.0
49.65,1516.419794,53.700000000000124,53.700000000000124,0.0,0.0
49.666666666666664,1514.641671,53.700000000000124,53.700000000000124,0.0,0.0
49.68333333333333,1512.87394,53.700000000000124,53.700000000000124,0.0,0.0
49.7,1511.116606,53.700000000000124,53.700000000000124,0.0,0.0
49.71666666666667,1509.369709,53.700000000000124,53.700000000000124,0.0,0.0
49.733333333333334,1507.633257,53.700000000000124,53.700000000000124,0.0,0.0
49.75,1505.907276,53.700000000000124,53.700000000000124,0.0,0.0
49.766666666666666,1504.191854,53.700000000000124,53.700000000000124,0.0,0.0
49.78333333333333,1502.487019,53.700000000000124,53.700000000000124,0.0,0.0
49.8,1500.792777,53.700000000000124,53.700000000000124,0.0,0.0
49.81666666666667,1499.10917,53.700000000000124,53.700000000000124,0.0,0.0
49.833333333333336,1497.436203,53.700000000000124,53.700000000000124,0.0,0.0
49.85,1495.773857,53.700000000000124,53.700000000000124,0.0,0.0
49.86666666666667,1494.12211,53.700000000000124,53.700000000000124,0.0,0.0
49.88333333333333,1492.480944,53.700000000000124,53.700000000000124,0.0,0.0
49.9,1490.850338,53.700000000000124,53.700000000000124,0.0,0.0
49.916666666666664,1489.230281,53.700000000000124,53.700000000000124,0.0,0.0
49.93333333333333,1487.620756,53.700000000000124,53.700000000000124,0.0,0.0
49.95,1486.021798,53.700000000000124,53.700000000000124,0.0,0.0
49.96666666666667,1484.433516,53.700000000000124,53.700000000000124,0.0,0.0
49.983333333333334,1482.855948,53.700000000000124,53.700000000000124,0.0,0.0
50.0,1481.289171,53.700000000000124,53.700000000000124,0.0,0.0
50.016666666666666,1479.733399,53.700000000000124,53.700000000000124,0.0,0.0
50.03333333333333,1478.188708,53.700000000000124,53.700000000000124,0.0,0.0
50.05,1476.655138,53.700000000000124,53.700000000000124,0.0,0.0
50.06666666666667,1475.132796,53.700000000000124,53.700000000000124,0.0,0.0
50.083333333333336,1473.621716,53.700000000000124,53.700000000000124,0.0,0.0
50.1,1472.121883,53.700000000000124,53.700000000000124,0.0,0.0
50.11666666666667,1470.633283,53.45815208603593,53.45815208603593,0.0,0.0
50.13333333333333,1469.155899,42.23190619315705,42.23190619315705,0.0,0.0
50.15,1467.68971,42.20000000000008,42.20000000000008,0.0,0.0
50.166666666666664,1466.234698,42.20000000000008,42.20000000000008,0.0,0.0
50.18333333333333,1464.790842,42.20000000000008,42.20000000000008,0.0,0.0
50.2,1463.358147,42.20000000000008,42.20000000000008,0.0,0.0
50.21666666666667,1461.936652,42.20000000000008,42.20000000000008,0.0,0.0
50.233333333333334,1460.526364,42.20000000000008,42.20000000000008,0.0,0.0
50.25,1459.127305,42.20000000000008,42.20000000000008,0.0,0.0
50.266666666666666,1457.73956,42.20000000000008,42.20000000000008,0.0,0.0
50.28333333333333,1456.363152,42.20000000000008,42.20000000000008,0.0,0.0
50.3,1454.998087,42.20000000000008,42.20000000000008,0.0,0.0
50.31666666666667,1453.644403,42.20000000000008,42.20000000000008,0.0,0.0
50.333333333333336,1452.302106,42.20000000000008,42.20000000000008,0.0,0.0
50.35,1450.971178,42.20000000000008,42.20000000000008,0.0,0.0
50.36666666666667,1449.651604,42.20000000000008,42.20000000000008,0.0,0.0
50.38333333333333,1448.343369,42.20000000000008,42.20000000000008,0.0,0.0
50.4,1447.046451,42.20000000000008,42.20000000000008,0.0,0.0
50.416666666666664,1445.760832,42.20000000000008,42.20000000000008,0.0,0.0
50.43333333333333,1444.486493,42.20000000000008,42.20000000000008,0.0,0.0
50.45,1443.223414,42.20000000000008,42.20000000000008,0.0,0.0
50.46666666666667,1441.971575,40.48376426625469,40.48376426625469,0.0,0.0
50.483333333333334,1440.730956,32.62003632418459,32.62003632418459,0.0,0.0
50.5,1439.501539,32.60000000000009,32.60000000000009,0.0,0.0
50.516666666666666,1438.2833,32.60000000000009,32.60000000000009,0.0,0.0
50.53333333333333,1437.076219,32.60000000000009,32.60000000000009,0.0,0.0
50.55,1435.88028,32.60000000000009,32.60000000000009,0.0,0.0
50.56666666666667,1434.69546,32.60000000000009,32.60000000000009,0.0,0.0
50.583333333333336,1433.521741,32.60000000000009,32.60000000000009,0.0,0.0
50.6,1432.359111,32.60000000000009,32.60000000000009,0.0,0.0
50.61666666666667,1431.207558,32.60000000000009,32.60000000000009,0.0,0.0
50.63333333333333,1430.067067,32.60000000000009,32.60000000000009,0.0,0.0
50.65,1428.937619,32.60000000000009,32.60000000000009,0.0,0.0
50.666666666666664,1427.819192,32.60000000000009,32.60000000000009,0.0,0.0
50.68333333333333,1426.711765,32.60000000000009,32.60000000000009,0.0,0.0
50.7,1425.615267,32.60000000000009,32.60000000000009,0.0,0.0
50.71666666666667,1424.529551,32.60000000000009,32.60000000000009,0.0,0.0
50.733333333333334,1423.454543,32.60000000000009,32.60000000000009,0.0,0.0
50.75,1422.390126,32.60000000000009,32.60000000000009,0.0,0.0
50.766666666666666,1421.336047,32.60000000000009,32.60000000000009,0.0,0.0
50.78333333333333,1420.292192,32.60000000000009,32.60000000000009,0.0,0.0
50.8,1419.258484,32.60000000000009,32.60000000000009,0.0,0.0
50.81666666666667,1418.234778,32.60000000000009,32.60000000000009,0.0,0.0
50.833333333333336,1417.221003,32.60000000000009,32.60000000000009,0.0,0.0
50.85,1416.217144,32.60000000000009,32.60000000000009,0.0,0.0
50.86666666666667,1415.22319,32.60000000000009,32.60000000000009,0.0,0.0
50.88333333333333,1414.239129,32.60000000000009,32.60000000000009,0.0,0.0
50.9,1413.264942,32.60000000000009,32.60000000000009,0.0,0.0
50.916666666666664,1412.300603,32.60000000000009,32.60000000000009,0.0,0.0
50.93333333333333,1411.34609,32.60000000000009,32.60000000000009,0.0,0.0
50.95,1410.401267,32.60000000000009,32.60000000000009,0.0,0.0
50.96666666666667,1409.46583,32.60000000000009,32.60000000000009,0.0,0.0
50.983333333333334,1408.539639,32.60000000000009,32.60000000000009,0.0,0.0
51.0,1407.622454,32.60000000000009,32.60000000000009,0.0,0.0
51.016666666666666,1406.713743,32.60000000000009,32.60000000000009,0.0,0.0
51.03333333333333,1405.81327,32.60000000000009,32.60000000000009,0.0,0.0
51.05,1404.920893,32.60000000000009,32.60000000000009,0.0,0.0
51.06666666666667,1404.036313,32.60000000000009,32.60000000000009,0.0,0.0
51.083333333333336,1403.159395,32.60000000000009,32.60000000000009,0.0,0.0
51.1,1402.290123,32.60000000000009,32.60000000000009,0.0,0.0
51.11666666666667,1401.428472,32.60000000000009,32.60000000000009,0.0,0.0
51.13333333333333,1400.574429,32.60000000000009,32.60000000000009,0.0,0.0
51.15,1399.727985,32.60000000000009,32.60000000000009,0.0,0.0
51.166666666666664,1398.889134,32.60000000000009,32.60000000000009,0.0,0.0
51.18333333333333,1398.057865,32.60000000000009,32.60000000000009,0.0,0.0
51.2,1397.234115,32.60000000000009,32.60000000000009,0.0,0.0
51.21666666666667,1396.417747,32.60000000000009,32.60000000000009,0.0,0.0
51.233333333333334,1395.608694,32.60000000000009,32.60000000000009,0.0,0.0
51.25,1394.806849,32.60000000000009,32.60000000000009,0.0,0.0
51.266666666666666,1394.011973,32.60000000000009,32.60000000000009,0.0,0.0
51.28333333333333,1393.223959,32.60000000000009,32.60000000000009,0.0,0.0
51.3,1392.442744,25.596606935095785,25.596606935095785,0.0,0.0
51.31666666666667,1391.668192,21.10976850687199,21.10976850687199,0.0,0.0
51.333333333333336,1390.900241,21.10000000000004,21.10000000000004,0.0,0.0
51.35,1390.138881,21.10000000000004,21.10000000000004,0.0,0.0
51.36666666666667,1389.384097,21.10000000000004,21.10000000000004,0.0,0.0
51.38333333333333,1388.635879,21.10000000000004,21.10000000000004,0.0,0.0
51.4,1387.894224,21.10000000000004,21.10000000000004,0.0,0.0
51.416666666666664,1387.159129,21.10000000000004,21.10000000000004,0.0,0.0
51.43333333333333,1386.430591,21.10000000000004,21.10000000000004,0.0,0.0
51.45,1385.708606,21.10000000000004,21.10000000000004,0.0,0.0
51.46666666666667,1384.993172,21.10000000000004,21.10000000000004,0.0,0.0
51.483333333333334,1384.284285,21.10000000000004,21.10000000000004,0.0,0.0
51.5,1383.581943,21.10000000000004,21.10000000000004,0.0,0.0
51.516666666666666,1382.886148,13.83823758501046,13.83823758501046,0.0,0.0
51.53333333333333,1382.196899,11.50433114736841,11.50433114736841,0.0,0.0
51.55,1381.514192,11.500000000000044,11.500000000000044,0.0,0.0
51.56666666666667,1380.838027,11.500000000000044,11.500000000000044,0.0,0.0
51.583333333333336,1380.168402,11.500000000000044,11.500000000000044,0.0,0.0
51.6,1379.505304,11.500000000000044,11.500000000000044,0.0,0.0
51.61666666666667,1378.84872,11.500000000000044,11.500000000000044,0.0,0.0
51.63333333333333,1378.198638,11.500000000000044,11.500000000000044,0.0,0.0
51.65,1377.555061,11.500000000000044,11.500000000000044,0.0,0.0
51.666666666666664,1376.917998,11.500000000000044,11.500000000000044,0.0,0.0
51.68333333333333,1376.287454,11.500000000000044,11.500000000000044,0.0,0.0
51.7,1375.663543,11.500000000000044,11.500000000000044,0.0,0.0
51.71666666666667,1375.046539,11.500000000000044,11.500000000000044,0.0,0.0
51.733333333333334,1374.436564,11.500000000000044,11.500000000000044,0.0,0.0
51.75,1373.83383,11.500000000000044,11.500000000000044,0.0,0.0
51.766666666666666,1373.238838,11.500000000000044,11.500000000000044,0.0,0.0
51.78333333333333,1372.6518,11.500000000000044,11.500000000000044,0.0,0.0
51.8,1372.072837,11.500000000000044,11.500000000000044,0.0,0.0
51.81666666666667,1371.50223,11.500000000000044,11.500000000000044,0.0,0.0
51.833333333333336,1370.940093,11.500000000000044,11.500000000000044,0.0,0.0
51.85,1370.386424,11.500000000000044,11.500000000000044,0.0,0.0
51.86666666666667,1369.841214,11.500000000000044,11.500000000000044,0.0,0.0
51.88333333333333,1369.304455,11.500000000000044,11.500000000000044,0.0,0.0
51.9,1368.776155,11.500000000000044,11.500000000000044,0.0,0.0
51.916666666666664,1368.256339,11.500000000000044,11.500000000000044,0.0,0.0
51.93333333333333,1367.745021,11.500000000000044,11.500000000000044,0.0,0.0
51.95,1367.242459,11.500000000000044,11.500000000000044,0.0,0.0
51.96666666666667,1366.749274,11.500000000000044,11.500000000000044,0.0,0.0
51.983333333333334,1366.265738,11.500000000000044,11.500000000000044,0.0,0.0
52.0,1365.792328,11.500000000000044,11.500000000000044,0.0,0.0
52.016666666666666,1365.33016,11.500000000000044,11.500000000000044,0.0,0.0
52.03333333333333,1364.879708,11.500000000000044,11.500000000000044,0.0,0.0
52.05,1364.441245,11.500000000000044,11.500000000000044,0.0,0.0
52.06666666666667,1364.01539,11.500000000000044,11.500000000000044,0.0,0.0
52.083333333333336,1363.602399,11.500000000000044,11.500000000000044,0.0,0.0
52.1,1363.202287,11.500000000000044,11.500000000000044,0.0,0.0
52.11666666666667,1362.815076,11.500000000000044,11.500000000000044,0.0,0.0
52.13333333333333,1362.440771,11.500000000000044,11.500000000000044,0.0,0.0
52.15,1362.079366,11.500000000000044,11.500000000000044,0.0,0.0
52.166666666666664,1361.730852,11.500000000000044,11.500000000000044,0.0,0.0
52.18333333333333,1361.395225,11.500000000000044,11.500000000000044,0.0,0.0
52.2,1361.072599,11.500000000000044,11.500000000000044,0.0,0.0
52.21666666666667,1360.763253,11.500000000000044,11.500000000000044,0.0,0.0
52.233333333333334,1360.467306,11.500000000000044,11.500000000000044,0.0,0.0
52.25,1360.18497,11.500000000000044,11.500000000000044,0.0,0.0
52.266666666666666,1359.916743,11.500000000000044,11.500000000000044,0.0,0.0
52.28333333333333,1359.662835,11.500000000000044,11.500000000000044,0.0,0.0
52.3,1359.423366,11.500000000000044,11.500000000000044,0.0,0.0
52.31666666666667,1359.198612,11.500000000000044,11.500000000000044,0.0,0.0
52.333333333333336,1358.988685,11.500000000000044,11.500000000000044,0.0,0.0
52.35,1358.793591,11.500000000000044,11.500000000000044,0.0,0.0
52.36666666666667,1358.613344,11.500000000000044,11.500000000000044,0.0,0.0
52.38333333333333,1358.447946,11.500000000000044,11.500000000000044,0.0,0.0
52.4,1358.297389,11.500000000000044,11.500000000000044,0.0,0.0
52.416666666666664,1358.161659,11.500000000000044,11.500000000000044,0.0,0.0
52.43333333333333,1358.04075,11.500000000000044,11.500000000000044,0.0,0.0
52.45,1357.934656,11.500000000000044,11.500000000000044,0.0,0.0
52.46666666666667,1357.843372,11.500000000000044,11.500000000000044,0.0,0.0
52.483333333333334,1357.766895,11.500000000000044,11.500000000000044,0.0,0.0
52.5,1357.705219,11.500000000000044,11.500000000000044,0.0,0.0
52.516666666666666,1357.658337,11.500000000000044,11.500000000000044,0.0,0.0
52.53333333333333,1357.626244,11.500000000000044,11.500000000000044,0.0,0.0
52.55,1357.608937,11.500000000000044,11.500000000000044,0.0,0.0
52.56666666666667,1357.606409,11.500000000000044,11.500000000000044,0.0,0.0
52.583333333333336,1357.618657,11.500000000000044,11.500000000000044,0.0,0.0
52.6,1357.645692,11.500000000000044,11.500000000000044,0.0,0.0
52.61666666666667,1357.68754,11.500000000000044,11.500000000000044,0.0,0.0
52.63333333333333,1357.744213,11.500000000000044,11.500000000000044,0.0,0.0
52.65,1357.815694,11.500000000000044,11.500000000000044,0.0,0.0
52.666666666666664,1357.901947,11.500000000000044,11.500000000000044,0.0,0.0
52.68333333333333,1358.002947,11.500000000000044,11.500000000000044,0.0,0.0
52.7,1358.118407,11.500000000000044,11.500000000000044,0.0,0.0
52.71666666666667,1358.247646,11.500000000000044,11.500000000000044,0.0,0.0
52.733333333333334,1358.39036,11.500000000000044,11.500000000000044,0.0,0.0
52.75,1358.546022,11.500000000000044,11.500000000000044,0.0,0.0
52.766666666666666,1358.713399,11.500000000000044,11.500000000000044,0.0,0.0
52.78333333333333,1358.891965,11.500000000000044,11.500000000000044,0.0,0.0
52.8,1359.08141,11.500000000000044,11.500000000000044,0.0,0.0
52.81666666666667,1359.281041,21.534708333332635,11.500000000000044,10.03470833333259,0.0
52.833333333333336,1359.490565,23.00000000000009,11.500000000000044,11.500000000000044,0.0
52.85,1359.709979,14.605368664781592,3.105368664781548,11.500000000000044,0.0
52.86666666666667,1359.939291,11.506041496910402,0.006041496910358315,11.500000000000044,0.0
52.88333333333333,1360.178505,11.500000000000044,0.0,11.500000000000044,0.0
52.9,1360.427592,11.500000000000044,0.0,11.500000000000044,0.0
52.916666666666664,1360.686481,11.500000000000044,0.0,11.500000000000044,0.0
52.93333333333333,1360.955122,11.500000000000044,0.0,11.500000000000044,0.0
52.95,1361.23287,11.500000000000044,0.0,11.500000000000044,0.0
52.96666666666667,1361.518183,11.500000000000044,0.0,11.500000000000044,0.0
52.983333333333334,1361.810377,11.500000000000044,0.0,11.500000000000044,0.0
53.0,1362.108265,11.500000000000044,0.0,11.500000000000044,0.0
53.016666666666666,1362.409086,11.500000000000044,0.0,11.500000000000044,0.0
53.03333333333333,1362.711652,11.500000000000044,0.0,11.500000000000044,0.0
53.05,1363.015275,11.500000000000044,0.0,11.500000000000044,0.0
53.06666666666667,1363.318414,11.500000000000044,0.0,11.500000000000044,0.0
53.083333333333336,1363.620419,11.500000000000044,0.0,11.500000000000044,0.0
53.1,1363.921237,11.500000000000044,0.0,11.500000000000044,0.0
53.11666666666667,1364.220794,11.500000000000044,0.0,11.500000000000044,0.0
53.13333333333333,1364.519058,11.500000000000044,0.0,11.500000000000044,0.0
53.15,1364.816029,11.500000000000044,0.0,11.500000000000044,0.0
53.166666666666664,1365.111714,11.500000000000044,0.0,11.500000000000044,0.0
53.18333333333333,1365.406107,21.534708333332635,0.0,11.500000000000044,10.03470833333259
53.2,1365.698913,31.446720000000546,0.0,19.946720000000504,11.500000000000044
53.21666666666667,1365.989442,32.60000000000038,0.0,21.100000000000335,11.500000000000044
53.233333333333334,1366.277381,32.60000000000038,0.0,21.100000000000335,11.500000000000044
53.25,1366.562205,41.046720000000576,0.0,29.546720000000533,11.500000000000044
53.266666666666666,1366.842684,42.20000000000037,0.0,30.70000000000033,11.500000000000044
53.28333333333333,1367.118292,42.20000000000037,0.0,30.70000000000033,11.500000000000044
53.3,1367.388722,42.20000000000037,0.0,30.70000000000033,11.500000000000044
53.31666666666667,1367.653293,42.20000000000037,0.0,30.70000000000033,11.500000000000044
53.333333333333336,1367.911714,42.20000000000037,0.0,30.70000000000033,11.500000000000044
53.35,1368.16396,42.20000000000037,0.0,30.70000000000033,11.500000000000044
53.36666666666667,1368.409987,42.20000000000037,0.0,30.70000000000033,11.500000000000044
53.38333333333333,1368.649777,42.20000000000037,0.0,30.70000000000033,11.500000000000044
53.4,1368.883338,42.20000000000037,0.0,30.70000000000033,11.500000000000044
53.416666666666664,1369.110696,33.83226775367357,0.0,30.70000000000033,3.13226775367324
53.43333333333333,1369.331858,30.706110785706507,0.0,30.70000000000033,0.006110785706175471
53.45,1369.546824,30.70000000000033,0.0,30.70000000000033,0.0
53.46666666666667,1369.755594,30.70000000000033,0.0,30.70000000000033,0.0
53.483333333333334,1369.958168,30.70000000000033,0.0,30.70000000000033,0.0
53.5,1370.154546,30.70000000000033,0.0,30.70000000000033,0.0
53.516666666666666,1370.344733,39.146720000000535,0.0,39.146720000000535,0.0
53.53333333333333,1370.52873,40.300000000000324,0.0,40.300000000000324,0.0
53.55,1370.70654,40.300000000000324,0.0,40.300000000000324,0.0
53.56666666666667,1370.878165,40.300000000000324,0.0,40.300000000000324,0.0
53.583333333333336,1371.043608,40.300000000000324,0.0,40.300000000000324,0.0
53.6,1371.202854,40.300000000000324,0.0,40.300000000000324,0.0
53.61666666666667,1371.355863,40.300000000000324,0.0,40.300000000000324,0.0
53.63333333333333,1371.502622,40.300000000000324,0.0,40.300000000000324,0.0
53.65,1371.643151,40.300000000000324,0.0,40.300000000000324,0.0
53.666666666666664,1371.777504,40.300000000000324,0.0,40.300000000000324,0.0
53.68333333333333,1371.905717,40.300000000000324,0.0,40.300000000000324,0.0
53.7,1372.028188,40.300000000000324,0.0,40.300000000000324,0.0
53.71666666666667,1372.145866,40.300000000000324,0.0,40.300000000000324,0.0
53.733333333333334,1372.259176,40.300000000000324,0.0,40.300000000000324,0.0
53.75,1372.368853,40.300000000000324,0.0,40.300000000000324,0.0
53.766666666666666,1372.47661,48.746720000000536,0.0,40.300000000000324,8.446720000000214
53.78333333333333,1372.583182,49.90000000000033,0.0,40.300000000000324,9.60000000000001
53.8,1372.689002,49.90000000000033,0.0,40.300000000000324,9.60000000000001
53.81666666666667,1372.795037,49.90000000000033,0.0,40.300000000000324,9.60000000000001
53.833333333333336,1372.901695,49.90000000000033,0.0,40.300000000000324,9.60000000000001
53.85,1373.008987,49.90000000000033,0.0,40.300000000000324,9.60000000000001
53.86666666666667,1373.116903,49.90000000000033,0.0,40.300000000000324,9.60000000000001
53.88333333333333,1373.225443,49.90000000000033,0.0,40.300000000000324,9.60000000000001
53.9,1373.334649,49.90000000000033,0.0,40.300000000000324,9.60000000000001
53.916666666666664,1373.444628,49.90000000000033,0.0,40.300000000000324,9.60000000000001
53.93333333333333,1373.555452,49.90000000000033,0.0,40.300000000000324,9.60000000000001
53.95,1373.668026,49.90000000000033,0.0,40.300000000000324,9.60000000000001
53.96666666666667,1373.784503,49.90000000000033,0.0,40.300000000000324,9.60000000000001
53.983333333333334,1373.905845,49.90000000000033,0.0,40.300000000000324,9.60000000000001
54.0,1374.033706,58.346720000000545,0.0,48.746720000000536,9.60000000000001
54.016666666666666,1374.171946,59.50000000000034,0.0,49.90000000000033,9.60000000000001
54.03333333333333,1374.322219,77.9814283333329,0.0,68.38142833333289,9.60000000000001
54.05,1374.485493,89.0467200000003,0.0,79.4467200000003,9.60000000000001
54.06666666666667,1374.663918,90.2000000000001,0.0,80.6000000000001,9.60000000000001
54.083333333333336,1374.858405,90.2000000000001,0.0,80.6000000000001,9.60000000000001
54.1,1375.069031,90.2000000000001,0.0,80.6000000000001,9.60000000000001
54.11666666666667,1375.295905,90.2000000000001,0.0,80.6000000000001,9.60000000000001
54.13333333333333,1375.539076,90.2000000000001,0.0,80.6000000000001,9.60000000000001
54.15,1375.798546,90.2000000000001,0.0,80.6000000000001,9.60000000000001
54.166666666666664,1376.074314,90.2000000000001,0.0,80.6000000000001,9.60000000000001
54.18333333333333,1376.366394,90.2000000000001,0.0,80.6000000000001,9.60000000000001
54.2,1376.675203,100.2347083333328,0.0,80.6000000000001,19.634708333332703
54.21666666666667,1377.001719,101.70000000000027,0.0,80.6000000000001,21.100000000000172
54.233333333333334,1377.346381,101.70000000000027,0.0,80.6000000000001,21.100000000000172
54.25,1377.709938,104.71158333516561,0.0,83.61158333516543,21.100000000000172
54.266666666666666,1378.094117,105.01379778338872,0.0,83.91379778338855,21.100000000000172
54.28333333333333,1378.499666,105.01379778338872,0.0,83.91379778338855,21.100000000000172
54.3,1378.927024,113.46051778338921,0.0,92.36051778338903,21.100000000000172
54.31666666666667,1379.377156,114.61379778338903,0.0,93.51379778338885,21.100000000000172
54.333333333333336,1379.850477,114.61379778338903,0.0,93.51379778338885,21.100000000000172
54.35,1380.347039,133.09522611672182,0.0,111.99522611672164,21.100000000000172
54.36666666666667,1380.866911,135.71379778338905,0.0,114.61379778338889,21.100000000000172
54.38333333333333,1381.410135,135.71379778338905,0.0,114.61379778338889,21.100000000000172
54.4,1381.97671,138.7253811185544,0.0,114.61379778338889,24.1115833351655
54.416666666666664,1382.566618,139.0275955667775,0.0,114.61379778338889,24.413797783388624
54.43333333333333,1383.179865,139.0275955667775,0.0,114.61379778338889,24.413797783388624
54.45,1383.816468,139.0275955667775,0.0,114.61379778338889,24.413797783388624
54.46666666666667,1384.476451,139.0275955667775,0.0,114.61379778338889,24.413797783388624
54.483333333333334,1385.159835,139.0275955667775,0.0,114.61379778338889,24.413797783388624
54.5,1385.866642,139.0275955667775,0.0,114.61379778338889,24.413797783388624
54.516666666666666,1386.596893,139.0275955667775,0.0,114.61379778338889,24.413797783388624
54.53333333333333,1387.350612,139.0275955667775,0.0,114.61379778338889,24.413797783388624
54.55,1388.12782,139.0275955667775,0.0,114.61379778338889,24.413797783388624
54.56666666666667,1388.928538,147.47431556677773,0.0,123.06051778338912,24.413797783388624
54.583333333333336,1389.752792,148.62759556677753,0.0,124.21379778338891,24.413797783388624
54.6,1390.60062,148.62759556677753,0.0,124.21379778338891,24.413797783388624
54.61666666666667,1391.472089,148.62759556677753,0.0,124.21379778338891,24.413797783388624
54.63333333333333,1392.36724,154.5106155667779,0.0,130.09681778338927,24.413797783388624
54.65,1393.286077,155.2275955667775,0.0,130.81379778338888,24.413797783388624
54.666666666666664,1394.228571,155.2275955667775,0.0,130.81379778338888,24.413797783388624
54.68333333333333,1395.194713,155.2275955667775,0.0,130.81379778338888,24.413797783388624
54.7,1396.184114,155.2275955667775,0.0,130.81379778338888,24.413797783388624
54.71666666666667,1397.195808,165.26230390011077,0.0,140.84850611672215,24.413797783388624
54.733333333333334,1398.229378,166.72759556677832,0.0,142.3137977833897,24.413797783388624
54.75,1399.284084,157.15344401447058,0.0,142.3137977833897,14.839646231080872
54.766666666666666,1400.358159,157.12759556677833,0.0,142.3137977833897,14.813797783388615
54.78333333333333,1401.450857,156.2651186821779,0.0,141.45132089878928,14.813797783388615
54.8,1402.561753,167.6198827019272,0.0,152.80608491853857,14.813797783388615
54.81666666666667,1403.68986,180.56230390011112,0.0,165.7485061167225,14.813797783388615
54.833333333333336,1404.834775,182.0275955667786,0.0,167.21379778338996,14.813797783388615
54.85,1405.996512,182.0275955667786,0.0,167.21379778338996,14.813797783388615
54.86666666666667,1407.175105,182.0275955667786,0.0,167.21379778338996,14.813797783388615
54.88333333333333,1408.370582,182.0275955667786,0.0,167.21379778338996,14.813797783388615
54.9,1409.582923,182.0275955667786,0.0,167.21379778338996,14.813797783388615
54.916666666666664,1410.812044,192.06230390011183,0.0,167.21379778338996,24.848506116721875
54.93333333333333,1412.057894,193.52759556677938,0.0,167.21379778338996,26.313797783389425
54.95,1413.319552,181.75254019245665,0.0,158.7454869671933,23.007053225263363
54.96666666666667,1414.594795,190.6501500394066,0.0,167.65015003940564,23.000000000000973
54.983333333333334,1415.882637,192.11379778339096,0.0,169.11379778339,23.000000000000973
55.0,1417.181367,192.11379778339096,0.0,169.11379778339,23.000000000000973
55.016666666666666,1418.486971,192.11379778339096,0.0,169.11379778339,23.000000000000973
55.03333333333333,1419.797731,192.11379778339096,0.0,169.11379778339,23.000000000000973
55.05,1421.112648,192.11379778339096,0.0,169.11379778339,23.000000000000973
55.06666666666667,1422.429483,200.56051778339122,0.0,177.56051778339025,23.000000000000973
55.083333333333336,1423.747291,201.71379778339102,0.0,178.71379778339005,23.000000000000973
55.1,1425.065998,201.71379778339102,0.0,178.71379778339005,23.000000000000973
55.11666666666667,1426.385497,210.1605177833912,0.0,187.16051778339025,23.000000000000973
55.13333333333333,1427.705743,211.313797783391,0.0,188.31379778339004,23.000000000000973
55.15,1429.02674,229.79522611672354,0.0,198.34850611672238,31.44672000000118
55.166666666666664,1430.348498,232.41379778339078,0.0,199.81379778338982,32.60000000000097
55.18333333333333,1431.671008,232.41379778339078,0.0,199.81379778338982,32.60000000000097
55.2,1432.993849,232.41379778339078,0.0,199.81379778338982,32.60000000000097
55.21666666666667,1434.316017,232.41379778339078,0.0,199.81379778338982,32.60000000000097
55.233333333333334,1435.637062,240.860517783391,0.0,208.26051778339004,32.60000000000097
55.25,1436.956219,242.0137977833908,0.0,209.41379778338984,32.60000000000097
55.266666666666666,1438.271708,242.0137977833908,0.0,209.41379778338984,32.60000000000097
55.28333333333333,1439.58276,242.0137977833908,0.0,209.41379778338984,32.60000000000097
55.3,1440.888928,255.06008945188938,0.0,222.46008945188842,32.60000000000097
55.31666666666667,1442.189218,265.2743155667803,0.0,232.67431556677928,32.60000000000097
55.333333333333336,1443.483208,258.9062822500483,0.0,226.30628225004733,32.60000000000097
55.35,1444.770849,265.2780350587229,0.0,232.6780350587219,32.60000000000097
55.36666666666667,1446.052074,255.81923015457423,0.0,233.8275955667791,21.99163458779511
55.38333333333333,1447.32685,254.92854674482575,0.0,233.8275955667791,21.100951178046653
55.4,1448.595182,254.92759556677993,0.0,233.8275955667791,21.100000000000804
55.416666666666664,1449.857097,254.92759556677993,0.0,233.8275955667791,21.100000000000804
55.43333333333333,1451.112599,263.3743155667801,0.0,242.2743155667793,21.100000000000804
55.45,1452.361678,264.52759556677995,0.0,243.42759556677913,21.100000000000804
55.46666666666667,1453.60432,264.52759556677995,0.0,243.42759556677913,21.100000000000804
55.483333333333334,1454.840514,264.52759556677995,0.0,243.42759556677913,21.100000000000804
55.5,1456.070248,264.52759556677995,0.0,243.42759556677913,21.100000000000804
55.516666666666666,1457.293513,264.52759556677995,0.0,243.42759556677913,21.100000000000804
55.53333333333333,1458.510298,264.52759556677995,0.0,243.42759556677913,21.100000000000804
55.55,1459.720593,264.52759556677995,0.0,243.42759556677913,21.100000000000804
55.56666666666667,1460.924389,267.53917890194526,0.0,246.43917890194444,21.100000000000804
55.583333333333336,1462.121676,276.2881133501686,0.0,255.18811335016778,21.100000000000804
55.6,1463.312437,277.44139335016837,0.0,256.34139335016755,21.100000000000804
55.61666666666667,1464.49665,287.4761016835016,0.0,266.3761016835008,21.100000000000804
55.63333333333333,1465.674297,291.93037729005164,0.0,270.8303772900508,21.100000000000804
55.65,1466.84538,291.2299961548908,0.0,270.12999615488997,21.100000000000804
55.666666666666664,1468.009911,289.8768937553558,0.0,268.776893755355,21.100000000000804
55.68333333333333,1469.167896,298.76777244751764,0.0,277.6677724475168,21.100000000000804
55.7,1470.319489,299.27039173839773,0.0,278.1703917383969,21.100000000000804
55.71666666666667,1471.465064,294.49252572873826,0.0,273.39252572873744,21.100000000000804
55.733333333333334,1472.604786,294.1556377851846,0.0,273.05563778518376,21.100000000000804
55.75,1473.738943,297.1667744687237,0.0,276.0667744687229,21.100000000000804
55.766666666666666,1474.868222,297.46898891694684,0.0,276.368988916946,21.100000000000804
55.78333333333333,1475.992911,297.46898891694684,0.0,276.368988916946,21.100000000000804
55.8,1477.113181,297.46898891694684,0.0,276.368988916946,21.100000000000804
55.81666666666667,1478.229414,297.2238047231454,0.0,276.1238047231446,21.100000000000804
55.833333333333336,1479.341771,296.76445269747325,0.0,275.6644526974724,21.100000000000804
55.85,1480.450251,295.8194033619735,0.0,274.7194033619727,21.100000000000804
55.86666666666667,1481.554843,293.01762063310605,0.0,271.91762063310523,21.100000000000804
55.88333333333333,1482.655542,293.8561351445291,0.0,272.7561351445283,21.100000000000804
55.9,1483.752361,282.14669264102787,0.0,261.04669264102705,21.100000000000804
55.916666666666664,1484.845336,281.907297258796,0.0,260.8072972587952,21.100000000000804
55.93333333333333,1485.934492,281.0721205888423,0.0,259.9721205888415,21.100000000000804
55.95,1487.020185,275.3182043712492,0.0,254.21820437124836,21.100000000000804
55.96666666666667,1488.103275,269.72966645124336,0.0,248.62966645124254,21.100000000000804
55.983333333333334,1489.184143,271.15519113355856,0.0,250.05519113355774,21.100000000000804
56.0,1490.263452,281.1898994668912,0.0,260.08989946689036,21.100000000000804
56.016666666666666,1491.342744,282.6551911335586,0.0,261.5551911335578,21.100000000000804
56.03333333333333,1492.422683,282.6551911335586,0.0,261.5551911335578,21.100000000000804
56.05,1493.503656,273.8789159632842,0.0,261.5551911335578,12.323724829726421
56.06666666666667,1494.586526,288.05370582734025,0.0,278.4486311335582,9.605074693782068
56.083333333333336,1495.671659,300.3898994668911,0.0,290.7898994668911,9.599999999999996
56.1,1496.759087,301.8551911335586,0.0,292.2551911335586,9.599999999999996
56.11666666666667,1497.848855,301.16812323123173,0.0,291.5681232312317,9.599999999999996
56.13333333333333,1498.940984,305.3249496249198,0.0,295.72494962491976,9.599999999999996
56.15,1500.035476,307.0689889169471,0.0,297.46898891694707,9.599999999999996
56.166666666666664,1501.132332,317.1036972502797,0.0,307.5036972502797,9.599999999999996
56.18333333333333,1502.231558,318.56898891694715,0.0,308.9689889169471,9.599999999999996
56.2,1503.333324,328.60369725027977,0.0,319.00369725027974,9.599999999999996
56.21666666666667,1504.438024,330.0689889169472,0.0,320.4689889169472,9.599999999999996
56.233333333333334,1505.545837,338.5157089169474,0.0,328.9157089169474,9.599999999999996
56.25,1506.657067,336.3765242258423,0.0,330.0689889169472,6.307535308895057
56.266666666666666,1507.77241,330.08409555282117,0.0,330.0689889169472,0.015106635873939244
56.28333333333333,1508.892172,330.0689889169472,0.0,330.0689889169472,0.0
56.3,1510.016528,330.0689889169472,0.0,330.0689889169472,0.0
56.31666666666667,1511.14587,330.0689889169472,0.0,330.0689889169472,0.0
56.333333333333336,1512.280366,330.0689889169472,0.0,330.0689889169472,0.0
56.35,1513.420038,330.3505735647337,0.0,330.3505735647337,0.0
56.36666666666667,1514.564912,328.1756260449964,0.0,328.1756260449964,0.0
56.38333333333333,1515.715006,328.12999614535477,0.0,328.12999614535477,0.0
56.4,1516.87032,336.17572001577605,0.0,336.17572001577605,0.0
56.416666666666664,1518.030849,336.89848941022706,0.0,336.89848941022706,0.0
56.43333333333333,1519.196592,336.5320385280522,0.0,336.5320385280522,0.0
56.45,1520.367561,332.56935057962977,0.0,332.56935057962977,0.0
56.46666666666667,1521.543775,334.8141916432071,0.0,334.8141916432071,0.0
56.483333333333334,1522.725245,330.9267499429472,0.0,330.9267499429472,0.0
56.5,1523.911986,324.0488354981773,0.0,324.0488354981773,0.0
56.516666666666666,1525.104021,333.9024972956212,0.0,333.9024972956212,0.0
56.53333333333333,1526.301365,334.5861227550884,0.0,334.5861227550884,0.0
56.55,1527.50403,334.45540694089607,0.0,334.45540694089607,0.0
56.56666666666667,1528.712032,334.4551911335594,0.0,334.4551911335594,0.0
56.583333333333336,1529.925385,334.4551911335594,0.0,334.4551911335594,0.0
56.6,1531.144093,344.48989946689204,0.0,344.48989946689204,0.0
56.61666666666667,1532.368162,345.9551911335595,0.0,345.9551911335595,0.0
56.63333333333333,1533.597599,344.18588398873476,0.0,344.18588398873476,0.0
56.65,1534.832412,339.3661960469557,0.0,339.3661960469557,0.0
56.666666666666664,1536.072613,347.8019111335597,0.0,347.8019111335597,0.0
56.68333333333333,1537.318213,385.9180478002264,0.0,385.9180478002264,0.0
56.7,1538.569258,390.34509920082013,0.0,390.34509920082013,0.0
56.71666666666667,1539.825844,391.61294753379894,0.0,391.61294753379894,0.0
56.733333333333334,1541.08802,393.0551911335612,0.0,393.0551911335612,0.0
56.75,1542.355863,403.0898994668938,0.0,403.0898994668938,0.0
56.766666666666666,1543.629542,412.98777918281303,0.0,404.54105918281255,8.44672000000046
56.78333333333333,1544.909137,409.7102096470456,0.0,400.1102096470453,9.60000000000029
56.8,1546.194696,405.2930774435126,0.0,395.69307744351227,9.60000000000029
56.81666666666667,1547.486319,400.9595945689659,0.0,391.3595945689656,9.60000000000029
56.833333333333336,1548.784054,399.3467401482506,0.0,389.7467401482503,9.60000000000029
56.85,1550.08791,399.3413933501722,0.0,389.7413933501719,9.60000000000029
56.86666666666667,1551.397897,409.3761016835048,0.0,399.7761016835045,9.60000000000029
56.88333333333333,1552.714024,410.84139335017227,0.0,401.24139335017196,9.60000000000029
56.9,1554.036303,406.829072069821,0.0,397.2290720698207,9.60000000000029
56.916666666666664,1555.364752,401.7229359880526,0.0,392.1229359880523,9.60000000000029
56.93333333333333,1556.699388,403.9046693566599,0.0,394.3046693566596,9.60000000000029
56.95,1558.040301,401.2475723538505,0.0,391.6475723538502,9.60000000000029
56.96666666666667,1559.387694,409.68811335017244,0.0,400.08811335017214,9.60000000000029
56.983333333333334,1560.741661,413.8529766853376,0.0,404.2529766853373,9.60000000000029
57.0,1562.102361,407.44954435137777,0.0,397.84954435137746,9.60000000000029
57.016666666666666,1563.47015,404.4099005486592,0.0,394.8099005486589,9.60000000000029
57.03333333333333,1564.845186,393.08744383851985,0.0,383.48744383851954,9.60000000000029
57.05,1566.227566,393.05519113356064,0.0,383.45519113356033,9.60000000000029
57.06666666666667,1567.617493,393.05519113356064,0.0,383.45519113356033,9.60000000000029
57.083333333333336,1569.01506,399.45630777011456,0.0,389.85630777011426,9.60000000000029
57.1,1570.420285,393.07416467709413,0.0,383.4741646770938,9.60000000000029
57.11666666666667,1571.833186,403.08989946689326,0.0,393.48989946689295,9.60000000000029
57.13333333333333,1573.253781,404.24353756391974,0.0,394.64353756391944,9.60000000000029
57.15,1574.68208,403.79396905350984,0.0,394.19396905350953,9.60000000000029
57.166666666666664,1576.118093,412.16599889548525,0.0,402.56599889548494,9.60000000000029
57.18333333333333,1577.561832,401.27563068518117,0.0,391.67563068518086,9.60000000000029
57.2,1579.013343,401.24139335017225,0.0,391.64139335017194,9.60000000000029
57.21666666666667,1580.472719,401.24139335017225,0.0,391.64139335017194,9.60000000000029
57.233333333333334,1581.940008,411.27610168350486,0.0,401.67610168350456,9.60000000000029
57.25,1583.415285,412.7413933501723,0.0,403.141393350172,9.60000000000029
57.266666666666666,1584.898704,412.7413933501723,0.0,403.141393350172,9.60000000000029
57.28333333333333,1586.39034,412.7413933501723,0.0,403.141393350172,9.60000000000029
57.3,1587.890243,412.4194987057886,0.0,402.8194987057883,9.60000000000029
57.31666666666667,1589.398504,404.4463863825211,0.0,394.8463863825208,9.60000000000029
57.333333333333336,1590.915171,391.6740852842274,0.0,382.07408528422707,9.60000000000029
57.35,1592.44026,401.6761016835041,0.0,392.0761016835038,9.60000000000029
57.36666666666667,1593.97379,403.14139335017154,0.0,393.54139335017123,9.60000000000029
57.38333333333333,1595.515777,403.14139335017154,0.0,393.54139335017123,9.60000000000029
57.4,1597.066231,403.14139335017154,0.0,393.54139335017123,9.60000000000029
57.416666666666664,1598.625165,393.5672417978635,0.0,393.54139335017123,0.025848447692257227
57.43333333333333,1600.192587,391.2280589600881,0.0,391.2280589600881,0.0
57.45,1601.768509,383.9595156483555,0.0,383.9595156483555,0.0
57.46666666666667,1603.35293,383.941393350171,0.0,383.941393350171,0.0
57.483333333333334,1604.94586,383.941393350171,0.0,383.941393350171,0.0
57.5,1606.547304,383.941393350171,0.0,383.941393350171,0.0
57.516666666666666,1608.157254,383.941393350171,0.0,383.941393350171,0.0
57.53333333333333,1609.775714,383.941393350171,0.0,383.941393350171,0.0
57.55,1611.402693,383.941393350171,0.0,383.941393350171,0.0
57.56666666666667,1613.038191,383.941393350171,0.0,383.941393350171,0.0
57.583333333333336,1614.682217,383.8432843087843,0.0,383.8432843087843,0.0
57.6,1616.334792,379.41479674531683,0.0,379.41479674531683,0.0
57.61666666666667,1617.995949,363.57338348507704,0.0,363.57338348507704,0.0
57.63333333333333,1619.66571,359.1379801932831,0.0,359.1379801932831,0.0
57.65,1621.344078,358.1984716553172,0.0,358.1984716553172,0.0
57.666666666666664,1623.031037,357.4175855209525,0.0,357.4175855209525,0.0
57.68333333333333,1624.726582,356.7787129033729,0.0,356.7787129033729,0.0
57.7,1626.430511,356.24409826560225,0.0,356.24409826560225,0.0
57.71666666666667,1628.14232,353.42216903287056,0.0,353.42216903287056,0.0
57.733333333333334,1629.861791,353.241652030445,0.0,353.241652030445,0.0
57.75,1631.588536,353.2413933501709,0.0,353.2413933501709,0.0
57.766666666666666,1633.321634,349.93464879204487,0.0,349.93464879204487,0.0
57.78333333333333,1635.060696,349.92759556678243,0.0,349.92759556678243,0.0
57.8,1636.805496,349.0499583945542,0.0,349.0499583945542,0.0
57.81666666666667,1638.555517,366.66885915299457,0.0,356.63415081966224,10.034708333332347
57.833333333333336,1640.310546,363.3426388304078,0.0,351.842638830408,11.499999999999766
57.85,1642.070586,363.32759556678303,0.0,351.82759556678326,11.499999999999766
57.86666666666667,1643.835649,363.32759556678303,0.0,351.82759556678326,11.499999999999766
57.88333333333333,1645.605745,363.32759556678303,0.0,351.82759556678326,11.499999999999766
57.9,1647.380857,363.32759556678303,0.0,351.82759556678326,11.499999999999766
57.916666666666664,1649.16094,363.23622749506393,0.0,351.73622749506416,11.499999999999766
57.93333333333333,1650.945961,362.05612842515995,0.0,350.5561284251602,11.499999999999766
57.95,1652.735442,360.73940956966266,0.0,349.2394095696629,11.499999999999766
57.96666666666667,1654.528237,356.56582183709935,0.0,345.0658218370996,11.499999999999766
57.983333333333334,1656.323836,353.7333406955946,0.0,342.23334069559485,11.499999999999766
58.0,1658.121354,353.72759556678307,0.0,342.2275955667833,11.499999999999766
58.016666666666666,1659.918727,363.7623039001157,0.0,352.2623039001159,11.499999999999766
58.03333333333333,1661.715067,361.70143977997634,0.0,350.20143977997657,11.499999999999766
58.05,1663.509856,356.75941564016625,0.0,342.24783230500117,14.511583335165092
58.06666666666667,1665.301939,367.07610168350334,0.0,342.22759556678255,24.848506116720806
58.083333333333336,1667.090826,368.54139335017084,0.0,342.22759556678255,26.31379778338826
58.1,1668.876472,368.54139335017084,0.0,342.22759556678255,26.31379778338826
58.11666666666667,1670.658817,378.57610168350345,0.0,352.26230390011517,26.31379778338826
58.13333333333333,1672.437831,367.3278461279819,0.0,341.0140483445936,26.31379778338826
58.15,1674.213511,358.959451782962,0.0,332.6456539995737,26.31379778338826
58.166666666666664,1675.985857,358.9413933501708,0.0,332.62759556678253,26.31379778338826
58.18333333333333,1677.754858,364.0200819210469,0.0,337.7062841376586,26.31379778338826
58.2,1679.520291,358.956273654815,0.0,332.6424758714267,26.31379778338826
58.21666666666667,1681.281637,358.9413933501708,0.0,332.62759556678253,26.31379778338826
58.233333333333334,1683.038659,358.9413933501708,0.0,332.62759556678253,26.31379778338826
58.25,1684.790959,358.9413933501708,0.0,332.62759556678253,26.31379778338826
58.266666666666666,1686.537618,358.9413933501708,0.0,332.62759556678253,26.31379778338826
58.28333333333333,1688.278235,358.9413933501708,0.0,332.62759556678253,26.31379778338826
58.3,1690.012575,358.9413933501708,0.0,332.62759556678253,26.31379778338826
58.31666666666667,1691.740122,358.9413933501708,0.0,332.62759556678253,26.31379778338826
58.333333333333336,1693.460652,358.9413933501708,0.0,332.62759556678253,26.31379778338826
58.35,1695.174135,367.388113350171,0.0,341.07431556678273,26.31379778338826
58.36666666666667,1696.88053,368.54139335017084,0.0,342.22759556678255,26.31379778338826
58.38333333333333,1698.579812,355.737759977314,0.0,329.4239621939257,26.31379778338826
58.4,1700.271978,337.78415080874476,0.0,311.4703530253565,26.31379778338826
58.416666666666664,1701.957038,335.647967284771,0.0,309.33416950138275,26.31379778338826
58.43333333333333,1703.634987,335.19319576370094,0.0,308.87939798031266,26.31379778338826
58.45,1705.305819,334.80853752821594,0.0,308.49473974482765,26.31379778338826
58.46666666666667,1706.96953,334.8393297541941,0.0,298.4908236374733,36.348506116720856
58.483333333333334,1708.626113,334.5072956146521,0.0,296.6934978312638,37.81379778338831
58.5,1710.275562,342.0106333885923,0.0,304.196835605204,37.81379778338831
58.516666666666666,1711.917884,331.59570625031483,0.0,293.78190846692655,37.81379778338831
58.53333333333333,1713.553074,329.31740365748817,0.0,291.5036058740999,37.81379778338831
58.55,1715.181125,329.3137977833935,0.0,291.5000000000052,37.81379778338831
58.56666666666667,1716.802041,329.3137977833935,0.0,291.5000000000052,37.81379778338831
58.583333333333336,1718.415813,329.3137977833935,0.0,291.5000000000052,37.81379778338831
58.6,1720.022419,329.3137977833935,0.0,291.5000000000052,37.81379778338831
58.61666666666667,1721.621814,332.32538111855877,0.0,294.5115833351705,37.81379778338831
58.63333333333333,1723.213972,332.6275955667819,0.0,294.8137977833936,37.81379778338831
58.65,1724.798907,342.66230390011464,0.0,294.8137977833936,47.848506116721005
58.666666666666664,1726.376659,344.1275955667821,0.0,294.8137977833936,49.31379778338847
58.68333333333333,1727.947254,342.6951351843359,0.0,283.3466290676142,59.34850611672173
58.7,1729.511063,341.0607735849778,0.0,280.2469758015886,60.813797783389276
58.71666666666667,1731.068987,354.6128001847511,0.0,283.76429406802924,70.84850611672186
58.733333333333334,1732.621425,357.52759556678296,0.0,285.21379778339366,72.31379778338932
58.75,1734.169074,364.69738616151585,0.0,292.38358837812655,72.31379778338932
58.766666666666666,1735.713567,355.2036035095171,0.0,285.2362480173671,69.96735549215003
58.78333333333333,1737.255606,354.2155077387612,0.0,285.2137977833934,69.00170995536783
58.8,1738.7956,354.2137977833942,0.0,285.2137977833934,69.00000000000087
58.81666666666667,1740.334474,354.2137977833942,0.0,285.2137977833934,69.00000000000087
58.833333333333336,1741.872616,357.7329632379319,0.0,288.7329632379311,69.00000000000087
58.85,1743.410035,360.37026269406266,0.0,291.3702626940618,69.00000000000087
58.86666666666667,1744.946724,358.10792507096176,0.0,289.1079250709609,69.00000000000087
58.88333333333333,1746.482677,349.9991268760074,0.0,280.9991268760065,69.00000000000087
58.9,1748.017938,344.6262941700323,0.0,275.62629417003143,69.00000000000087
58.916666666666664,1749.552605,344.61379778339375,0.0,275.6137977833929,69.00000000000087
58.93333333333333,1751.086749,344.61379778339375,0.0,275.6137977833929,69.00000000000087
58.95,1752.621232,344.61379778339375,0.0,275.6137977833929,69.00000000000087
58.96666666666667,1754.158108,344.61379778339375,0.0,275.6137977833929,69.00000000000087
58.983333333333334,1755.698298,343.2060119390675,0.0,275.6137977833929,67.59221415567461
59.0,1757.243387,342.71633185340835,0.0,275.6137977833929,67.10253407001545
59.016666666666666,1758.797058,342.7137977833937,0.0,275.6137977833929,67.10000000000083
59.03333333333333,1760.360904,342.52884199292544,0.0,275.4288419929246,67.10000000000083
59.05,1761.935854,324.73535047025877,0.0,257.63535047025795,67.10000000000083
59.06666666666667,1763.523975,295.9291066114025,0.0,240.29627532718035,55.63283128422214
59.083333333333336,1765.12615,294.7714181035544,0.0,239.17141810355366,55.60000000000079
59.1,1766.742468,292.3638393281145,0.0,236.76383932811376,55.60000000000079
59.11666666666667,1768.373046,282.0905298144527,0.0,226.49052981445186,55.60000000000079
59.13333333333333,1770.017948,277.52376542117474,0.0,221.92376542117393,55.60000000000079
59.15,1771.677192,277.51379778339304,0.0,221.91379778339225,55.60000000000079
59.166666666666664,1773.35079,273.380912879455,0.0,217.78091287945423,55.60000000000079
59.18333333333333,1775.038773,266.03206512020114,0.0,210.43206512020035,55.60000000000079
59.2,1776.741549,258.5618305203345,0.0,202.9618305203337,55.60000000000079
59.21666666666667,1778.46006,246.84145341373127,0.0,191.24145341373048,55.60000000000079
59.233333333333334,1780.194741,235.34662906761426,0.0,179.74662906761347,55.60000000000079
59.25,1781.946315,235.3137977833929,0.0,179.71379778339212,55.60000000000079
59.266666666666666,1783.716437,235.3137977833929,0.0,179.71379778339212,55.60000000000079
59.28333333333333,1785.505834,235.3137977833929,0.0,179.71379778339212,55.60000000000079
59.3,1787.31494,235.3137977833929,0.0,179.71379778339212,55.60000000000079
59.31666666666667,1789.14469,235.3137977833929,0.0,179.71379778339212,55.60000000000079
59.333333333333336,1790.995495,235.3137977833929,0.0,179.71379778339212,55.60000000000079
59.35,1792.867424,235.3137977833929,0.0,179.71379778339212,55.60000000000079
59.36666666666667,1794.760563,235.3137977833929,0.0,179.71379778339212,55.60000000000079
59.38333333333333,1796.67497,235.3137977833929,0.0,179.71379778339212,55.60000000000079
59.4,1798.610665,224.51730607641835,0.0,168.91730607641756,55.60000000000079
59.416666666666664,1800.567648,223.81438059623986,0.0,168.21438059623907,55.60000000000079
59.43333333333333,1802.545942,223.81379778339206,0.0,168.21379778339127,55.60000000000079
59.45,1804.54558,223.81379778339206,0.0,168.21379778339127,55.60000000000079
59.46666666666667,1806.566596,223.81379778339206,0.0,168.21379778339127,55.60000000000079
59.483333333333334,1808.609027,223.81379778339206,0.0,168.21379778339127,55.60000000000079
59.5,1810.672905,223.81379778339206,0.0,168.21379778339127,55.60000000000079
59.516666666666666,1812.758257,212.34662906761338,0.0,168.21379778339127,44.1328312842221
59.53333333333333,1814.865118,212.31379778339203,0.0,168.21379778339127,44.10000000000075
59.55,1816.993523,209.6180635093208,0.0,165.51806350932003,44.10000000000075
59.56666666666667,1819.143502,200.8368255226875,0.0,156.73682552268676,44.10000000000075
59.583333333333336,1821.315091,200.81379778339198,0.0,156.71379778339121,44.10000000000075
59.6,1823.508345,200.81379778339198,0.0,156.71379778339121,44.10000000000075
59.61666666666667,1825.723338,200.81379778339198,0.0,156.71379778339121,44.10000000000075
59.63333333333333,1827.960128,191.2396462310842,0.0,156.71379778339121,34.525848447692994
59.65,1830.218731,191.21379778339195,0.0,156.71379778339121,34.50000000000074
59.666666666666664,1832.499133,201.24850611672454,10.03470833333259,156.71379778339121,34.50000000000074
59.68333333333333,1834.801338,202.713797783392,11.500000000000044,156.71379778339121,34.50000000000074
59.7,1837.124981,202.713797783392,11.500000000000044,156.71379778339121,34.50000000000074
59.71666666666667,1839.469137,202.713797783392,11.500000000000044,156.71379778339121,34.50000000000074
59.733333333333334,1841.83341,211.1605177833925,11.500000000000044,165.1605177833917,34.50000000000074
59.75,1844.217096,212.31379778339232,11.500000000000044,166.31379778339155,34.50000000000074
59.766666666666666,1846.618487,200.8466290676128,11.500000000000044,154.84662906761204,34.50000000000074
59.78333333333333,1849.03687,200.81379778339146,11.500000000000044,154.8137977833907,34.50000000000074
59.8,1851.47184,200.81379778339146,11.500000000000044,154.8137977833907,34.50000000000074
59.81666666666667,1853.922445,200.81379778339146,11.500000000000044,154.8137977833907,34.50000000000074
59.833333333333336,1856.388304,200.81379778339146,11.500000000000044,154.8137977833907,34.50000000000074
59.85,1858.869435,200.81379778339146,11.500000000000044,154.8137977833907,34.50000000000074
59.86666666666667,1861.365879,200.81379778339146,11.500000000000044,154.8137977833907,34.50000000000074
59.88333333333333,1863.877667,200.81379778339146,11.500000000000044,154.8137977833907,34.50000000000074
59.9,1866.404788,203.8253811185568,14.511583335165371,154.8137977833907,34.50000000000074
59.916666666666664,1868.947164,204.12759556677992,14.813797783388496,154.8137977833907,34.50000000000074
59.93333333333333,1871.504755,204.12759556677992,14.813797783388496,154.8137977833907,34.50000000000074
59.95,1874.076672,204.12759556677992,14.813797783388496,154.8137977833907,34.50000000000074
59.96666666666667,1876.660765,214.11487333282844,14.813797783388496,154.76636721610652,44.534708333333434
59.983333333333334,1879.256085,214.49284568310804,14.813797783388496,153.67904789971865,46.0000000000009
